Account length,Area code,International plan,Voice mail plan,Number vmail messages,Total day minutes,Total day calls,Total day charge,Total eve minutes,Total eve calls,Total eve charge,Total night minutes,Total night calls,Total night charge,Total intl minutes,Total intl calls,Total intl charge,Customer service calls,Churn,State_AL,State_AR,State_AZ,State_CA,State_CO,State_CT,State_DC,State_DE,State_FL,State_GA,State_HI,State_IA,State_ID,State_IL,State_IN,State_KS,State_KY,State_LA,State_MA,State_MD,State_ME,State_MI,State_MN,State_MO,State_MS,State_MT,State_NC,State_ND,State_NE,State_NH,State_NJ,State_NM,State_NV,State_NY,State_OH,State_OK,State_OR,State_PA,State_RI,State_SC,State_SD,State_TN,State_TX,State_UT,State_VA,State_VT,State_WA,State_WI,State_WV,State_WY
0.712607335,415,0,1,1.24051386,1.684777521,0.485985291,1.641055498,-0.0657228,-0.051388311,-0.065543723,0.891682595,-0.466427199,0.890964651,-0.087298993,-0.594841643,-0.087967778,-0.432980172,0,0,0,0,0,0,0,0,0,0,0,0,0,0,0,0,1,0,0,0,0,0,0,0,0,0,0,0,0,0,0,0,0,0,0,0,0,0,0,0,0,0,0,0,0,0,0,0,0,0,0
0.165442648,415,0,1,1.313805663,-0.356747679,1.143726296,-0.348314763,-0.104005433,0.14728001,-0.103470873,1.089921984,0.152167457,1.090793003,1.238732138,-0.594841643,1.239471619,-0.432980172,0,0,0,0,0,0,0,0,0,0,0,0,0,0,0,0,0,0,0,0,0,0,0,0,0,0,0,0,0,0,0,0,0,0,0,1,0,0,0,0,0,0,0,0,0,0,0,0,0,0,0
0.947106487,415,0,0,-0.591781216,1.2567476,0.688367139,1.223965938,-1.601057874,0.494949571,-1.601593298,-0.786199242,0.203717012,-0.784868576,0.70115195,0.221219501,0.695221466,-1.19377145,0,0,0,0,0,0,0,0,0,0,0,0,0,0,0,0,0,0,0,0,0,0,0,0,0,0,0,0,0,0,0,1,0,0,0,0,0,0,0,0,0,0,0,0,0,0,0,0,0,0,0
-0.433832962,408,1,0,-0.591781216,2.361340945,-1.487237727,2.300034397,-2.795879,-0.597726194,-2.796298523,-0.085208414,-0.569526308,-0.085469343,-1.305814086,1.037280646,-1.309212024,0.327811105,0,0,0,0,0,0,0,0,0,0,0,0,0,0,0,0,0,0,0,0,0,0,0,0,0,0,0,0,0,0,0,0,0,0,0,1,0,0,0,0,0,0,0,0,0,0,0,0,0,0,0
-0.668332114,415,1,0,-0.591781216,-0.256150785,0.637771677,-0.249976574,-1.055026634,1.090954535,-1.05402007,-0.289578918,1.080059441,-0.289839249,-0.051460314,-0.594841643,-0.048144596,1.088602382,0,0,0,0,0,0,0,0,0,0,0,0,0,0,0,0,0,0,0,0,0,0,0,0,0,0,0,0,0,0,0,0,0,0,0,0,1,0,0,0,0,0,0,0,0,0,0,0,0,0,0
0.452052722,510,1,0,-0.591781216,0.862249977,-0.121160253,0.839655773,0.401728298,0.047945849,0.401434311,0.057850939,0.925410777,0.059860368,-1.413330123,0.629250074,-1.415407176,-1.19377145,0,1,0,0,0,0,0,0,0,0,0,0,0,0,0,0,0,0,0,0,0,0,0,0,0,0,0,0,0,0,0,0,0,0,0,0,0,0,0,0,0,0,0,0,0,0,0,0,0,0,0
1.2076611,415,0,0,-0.591781216,-0.447482133,-1.082474031,-0.436480036,-1.965750326,-0.299723713,-1.966642117,0.219303637,-0.208679425,0.218814739,-1.12662069,0.629250074,-1.123370509,-1.19377145,0,0,0,0,0,0,0,0,0,0,0,0,0,0,0,0,0,0,0,0,0,0,0,0,1,0,0,0,0,0,0,0,0,0,0,0,0,0,0,0,0,0,0,0,0,0,0,0,0,0,0
1.051328332,415,1,1,2.120015497,1.556565794,-0.829496721,1.515589533,0.429936554,0.544616652,0.429879674,2.561389612,-0.157129871,2.562256325,0.342765158,0.221219501,0.336812829,-1.19377145,0,0,0,0,0,0,0,0,0,0,0,0,0,0,0,0,0,0,0,0,0,0,0,0,0,0,0,0,0,0,0,0,0,0,0,0,0,0,0,0,0,0,0,0,0,0,0,0,0,1,0
-0.694387575,415,0,0,-0.591781216,0.158071719,1.346108144,0.153549098,-0.750780445,2.382298621,-0.75060287,-0.103601759,-0.311778535,-0.103635557,-0.409847106,0.221219501,-0.406553234,-1.19377145,0,0,0,0,0,0,0,0,0,0,0,0,0,0,0,0,0,0,0,0,0,0,0,0,0,0,0,0,0,0,0,0,0,0,0,0,0,0,0,1,0,0,0,0,0,0,0,0,0,0,0
-0.016945581,408,0,0,-0.591781216,-1.003723782,-0.222351177,-0.977905238,-1.929482568,-1.442066559,-1.928714967,-1.225595826,1.440906323,-1.225399262,0.342765158,-1.002872215,0.336812829,-0.432980172,0,0,0,0,0,0,0,0,0,0,0,0,1,0,0,0,0,0,0,0,0,0,0,0,0,0,0,0,0,0,0,0,0,0,0,0,0,0,0,0,0,0,0,0,0,0,0,0,0,0,0
-0.147222888,510,0,0,-0.591781216,-0.455372085,-0.627114873,-0.444392304,0.945744663,-1.243398238,0.946637092,-0.179218846,0.770762113,-0.180841966,0.736990629,0.221219501,0.735044648,1.088602382,0,0,0,0,0,0,0,0,0,0,0,0,0,0,0,0,0,0,0,0,0,0,0,0,0,0,1,0,0,0,0,0,0,0,0,0,0,0,0,0,0,0,0,0,0,0,0,0,0,0,0
-1.007053111,415,0,0,-0.591781216,-1.163495319,-1.537833189,-1.133889951,2.146610416,-1.193731157,2.146083211,0.039457594,-0.054030762,0.041694154,1.023700062,0.629250074,1.027081316,1.849393659,0,0,0,0,0,0,0,0,0,0,0,0,1,0,0,0,0,0,0,0,0,0,0,0,0,0,0,0,0,0,0,0,0,0,0,0,0,0,0,0,0,0,0,0,0,0,0,0,0,0,0
-0.407777501,408,0,1,1.387097466,0.329678185,1.953253688,0.320837052,1.616698179,-0.498392034,1.617473558,-2.284235036,-1.291220073,-2.283581218,1.274570817,-0.186811071,1.279294801,-0.432980172,0,0,0,0,0,0,0,0,0,0,0,0,0,1,0,0,0,0,0,0,0,0,0,0,0,0,0,0,0,0,0,0,0,0,0,0,0,0,0,0,0,0,0,0,0,0,0,0,0,0,0
-0.19933381,510,0,0,-0.591781216,0.217246363,0.688367139,0.211195623,0.353371288,0.544616652,0.354025374,-1.460621905,1.080059441,-1.461560042,-0.768233898,-0.594841643,-0.764961871,1.088602382,0,0,0,0,0,0,0,0,0,0,0,0,0,0,0,0,0,0,0,0,0,0,0,0,0,0,0,0,0,0,0,0,0,0,0,0,0,0,0,0,0,0,0,0,0,0,1,0,0,0,0
-0.642276652,510,0,1,1.826848285,0.197521481,-1.740215037,0.191980115,0.244568015,-1.74006904,0.244984817,-0.722844386,0.40991523,-0.721286828,-0.087298993,0.221219501,-0.087967778,-0.432980172,0,0,0,0,0,0,0,0,0,0,0,0,0,0,0,0,0,0,0,0,0,0,0,0,0,0,0,0,0,0,0,0,0,0,0,0,0,0,0,0,0,0,0,0,0,1,0,0,0,0,0
-0.720443036,415,0,0,-0.591781216,0.004217646,-0.525923949,0.858871282,-0.829360586,-0.597726194,-0.828827617,-0.16900032,-1.342769628,-0.167217305,0.987861383,-1.002872215,0.987258134,-0.432980172,0,0,0,0,0,0,0,0,0,0,0,0,0,0,0,0,0,0,0,0,0,0,0,0,0,0,0,0,0,0,0,0,0,0,0,0,0,0,0,0,0,0,0,1,0,0,0,0,0,0,0
1.2076611,415,0,0,-0.591781216,-0.484959407,0.840153524,-0.472650404,0.786569504,-0.349390793,0.785446705,0.157992486,1.698654096,0.159774544,0.127733082,-0.186811071,0.124422525,-1.19377145,0,0,0,0,0,0,0,0,0,1,0,0,0,0,0,0,0,0,0,0,0,0,0,0,0,0,0,0,0,0,0,0,0,0,0,0,0,0,0,0,0,0,0,0,0,0,0,0,0,0,0
-0.616221191,408,0,0,-0.591781216,-2.313455891,-0.576519411,-2.254041047,-0.619813542,1.041287454,-0.620228292,0.174342126,-1.858265174,0.173399204,-1.628362199,0.629250074,-1.62779748,2.610184936,1,0,0,0,0,1,0,0,0,0,0,0,0,0,0,0,0,0,0,0,0,0,0,0,0,0,0,0,0,0,0,0,0,0,0,0,0,0,0,0,0,0,0,0,0,0,0,0,0,0,0
0.764718258,415,0,0,-0.591781216,0.004217646,0.587176215,0.063123177,-2.574242704,-0.051388311,-2.573476517,-0.393807875,-1.136571409,-0.394294978,-0.266492389,5.93364751,-0.2605349,-1.19377145,0,0,0,1,0,0,0,0,0,0,0,0,0,0,0,0,0,0,0,0,0,0,0,0,0,0,0,0,0,0,0,0,0,0,0,0,0,0,0,0,0,0,0,0,0,0,0,0,0,0,0
0.816829181,510,0,0,-0.591781216,-1.944600613,-0.728305797,-1.894598011,0.897387653,-1.392399478,0.896857708,0.734317307,0.770762113,0.736551833,0.020217045,-1.002872215,0.018227373,-1.19377145,0,0,0,0,0,0,0,0,0,0,0,0,0,0,0,0,0,0,0,0,0,0,0,0,0,0,0,0,0,0,0,0,0,0,0,0,0,0,0,0,0,0,0,0,0,1,0,0,0,0,0
1.911158556,415,0,0,-0.591781216,-1.092485747,-1.234260417,-1.064940187,1.540132913,0.594283732,1.539248811,1.014304897,0.770762113,1.013586595,1.883828363,0.221219501,1.889916924,1.088602382,0,0,0,0,0,0,0,0,0,0,0,0,0,0,0,0,0,0,0,0,0,0,0,0,0,0,0,0,0,1,0,0,0,0,0,0,0,0,0,0,0,0,0,0,0,0,0,0,0,0,0
-1.137330417,408,0,1,2.266599103,0.657111212,0.7389626,0.639588423,-0.192659952,0.594283732,-0.193547854,-0.375414529,0.770762113,-0.376128765,-0.266492389,-0.594841643,-0.2605349,-1.19377145,0,0,0,0,0,0,0,0,0,0,0,0,0,0,0,0,0,0,0,0,0,0,0,0,0,0,0,0,0,0,0,0,0,0,0,0,0,0,0,0,0,0,0,0,0,0,0,0,0,0,1
-1.215496801,408,0,0,-0.591781216,-0.895236935,-1.386046803,-0.872785105,-0.909955603,-0.001721231,-0.909422811,-2.022640791,-1.652066956,-2.024712671,1.59711893,-0.186811071,1.597880257,1.088602382,0,0,0,0,0,0,0,0,0,0,0,0,0,0,0,0,0,0,0,0,0,0,0,0,0,0,1,0,0,0,0,0,0,0,0,0,0,0,0,0,0,0,0,0,0,0,0,0,0,0,0
-2.101382486,415,0,0,-0.591781216,0.203438946,0.435389829,0.197631735,1.159321458,-0.796394515,1.159977311,-0.39993899,0.100617902,-0.398836532,-1.413330123,0.629250074,-1.415407176,-1.19377145,0,0,0,0,0,0,0,0,0,0,0,0,0,0,0,0,0,0,0,0,0,0,0,0,1,0,0,0,0,0,0,0,0,0,0,0,0,0,0,0,0,0,0,0,0,0,0,0,0,0,0
1.077383794,415,0,0,-0.591781216,-1.871618553,-0.272946639,-1.823387599,-1.288752183,-1.839403201,-1.288694311,1.010217487,2.471897416,1.009045041,1.417925534,0.629250074,1.412038741,0.327811105,0,0,0,0,0,0,0,0,0,0,0,0,0,0,1,0,0,0,0,0,0,0,0,0,0,0,0,0,0,0,0,0,0,0,0,0,0,0,0,0,0,0,0,0,0,0,0,0,0,0,0
-0.668332114,510,0,0,-0.591781216,0.004217646,0.233007981,0.891650678,0.016887092,0.345948331,0.017421917,0.922338171,-0.105580316,0.922755525,0.020217045,0.221219501,0.018227373,-0.432980172,0,0,0,0,0,0,0,0,0,0,0,0,0,0,0,0,0,0,0,0,0,0,0,0,0,0,0,0,0,0,1,0,0,0,0,0,0,0,0,0,0,0,0,0,0,0,0,0,0,0,0
-2.309826176,408,0,0,-0.591781216,1.379041863,0.890748986,1.342649959,1.042458683,0.941953294,1.041454967,1.617197884,-0.517976753,1.617613205,0.557797233,-0.594841643,0.562477527,-0.432980172,1,0,0,1,0,0,0,0,0,0,0,0,0,0,0,0,0,0,0,0,0,0,0,0,0,0,0,0,0,0,0,0,0,0,0,0,0,0,0,0,0,0,0,0,0,0,0,0,0,0,0
-0.016945581,408,0,1,1.24051386,-0.056929486,-0.323542101,-0.055560844,-0.11407981,-1.243398238,-0.112952661,0.254046623,0.822311667,0.255147167,-0.696556539,-0.186811071,-0.698589901,-1.19377145,0,0,0,0,0,0,0,0,0,0,0,0,0,0,0,0,0,0,0,0,0,0,0,0,0,0,0,0,0,0,0,0,0,0,0,0,1,0,0,0,0,0,0,0,0,0,0,0,0,0,0
-0.746498498,415,0,1,2.120015497,0.795185381,-1.031878569,0.774096981,0.335237409,0.097612929,0.335061799,-0.986482336,-1.497418292,-0.984696928,1.59711893,0.629250074,1.597880257,1.088602382,0,0,0,0,0,0,0,0,0,0,1,0,0,0,0,0,0,0,0,0,0,0,0,0,0,0,0,0,0,0,0,0,0,0,0,0,0,0,0,0,0,0,0,0,0,0,0,0,0,0,0
-0.59016573,415,0,0,-0.591781216,-0.964274019,-1.841405961,-0.939474221,0.464189436,0.792952053,0.46306593,0.546296443,0.40991523,0.545806588,-0.087298993,0.221219501,-0.087967778,-0.432980172,0,0,0,0,0,0,0,0,0,0,0,0,0,0,0,0,0,0,0,1,0,0,0,0,0,0,0,0,0,0,0,0,0,0,0,0,0,0,0,0,0,0,0,0,0,0,0,0,0,0,0
0.921051026,415,1,1,1.826848285,0.477614794,0.283603443,0.464388202,-0.263180592,-0.051388311,-0.262290814,-2.030815611,0.358365676,-2.029254225,0.091894403,0.629250074,0.097873737,1.088602382,0,0,0,0,0,0,0,0,0,0,0,0,0,0,0,0,0,0,0,0,0,0,0,0,0,0,0,0,0,0,0,0,0,0,0,0,0,0,0,0,0,0,0,0,0,0,0,0,0,0,0
1.259772023,408,0,0,-0.591781216,-0.77491516,-0.323542101,-0.755231407,1.433344516,-0.399057873,1.432578702,-0.260967047,0.40991523,-0.262589928,0.306926478,1.85334179,0.310264041,-0.432980172,0,0,0,0,0,0,0,0,0,0,0,0,0,0,0,0,0,0,0,0,0,0,0,0,0,0,0,0,0,0,0,1,0,0,0,0,0,0,0,0,0,0,0,0,0,0,0,0,0,0,0
-0.069056504,408,0,0,-0.591781216,-1.053035984,0.081221595,-1.02650917,-0.68227468,-0.746727435,-0.681859911,-0.271185572,1.801753206,-0.271673035,-0.302331068,-1.002872215,-0.300358082,1.088602382,0,0,0,0,0,0,0,0,0,0,1,0,0,0,0,0,0,0,0,0,0,0,0,0,0,0,0,0,0,0,0,0,0,0,0,0,0,0,0,0,0,0,0,0,0,0,0,0,0,0,0
0.894995565,408,1,1,2.413182709,-0.129911546,-0.778901259,-0.126771257,0.065244102,0.345948331,0.064830855,-1.611856078,-1.136571409,-1.611431306,1.56128025,4.301525222,1.558057075,-1.19377145,1,0,0,0,0,0,0,0,0,0,0,0,0,0,0,0,0,0,0,0,1,0,0,0,0,0,0,0,0,0,0,0,0,0,0,0,0,0,0,0,0,0,0,0,0,0,0,0,0,0,0
-1.736606027,510,0,0,-0.591781216,-1.082623306,-0.930687645,-1.05476727,1.64289156,-0.101055392,1.643548474,2.256877561,-1.136571409,2.257972243,-0.087298993,-0.186811071,-0.087967778,0.327811105,0,0,1,0,0,0,0,0,0,0,0,0,0,0,0,0,0,0,0,0,0,0,0,0,0,0,0,0,0,0,0,0,0,0,0,0,0,0,0,0,0,0,0,0,0,0,0,0,0,0,0
1.546382097,415,0,0,-0.591781216,0.004217646,-1.183664955,-1.80417209,-0.712497811,0.494949571,-0.71267572,-0.461250141,-0.414877644,-0.46241828,-0.374008427,-0.186811071,-0.380004446,1.088602382,0,0,0,0,0,0,0,0,0,0,0,0,0,1,0,0,0,0,0,0,0,0,0,0,0,0,0,0,0,0,0,0,0,0,0,0,0,0,0,0,0,0,0,0,0,0,0,0,0,0,0
-0.954942188,510,0,0,-0.591781216,-0.506656776,-1.689619575,-0.494126561,0.50650182,0.892286214,0.505733974,1.312685833,-0.724174972,1.313329123,-2.416813141,-0.594841643,-2.410986724,-0.432980172,0,0,0,0,0,0,0,0,0,0,0,0,0,0,0,0,0,0,0,0,0,0,0,0,0,0,0,0,0,0,0,0,0,0,0,0,0,0,0,0,0,0,0,0,0,0,0,0,1,0,0
-1.085219495,408,0,1,1.460389269,-1.159550343,-0.171755715,-1.130498979,0.248597766,-0.399057873,0.249725711,-0.775980717,0.822311667,-0.775785469,-0.624879181,0.221219501,-0.618943537,0.327811105,0,0,0,0,0,0,0,0,0,0,0,0,0,0,0,0,0,0,0,0,0,0,0,0,0,0,0,0,0,0,0,0,0,0,0,0,0,1,0,0,0,0,0,0,0,0,0,0,0,0,0
1.077383794,408,0,0,-0.591781216,0.144264302,1.649680916,0.13998521,-1.331064567,-1.293065318,-1.331362354,0.840589969,1.389356769,0.841007563,-1.019104652,0.221219501,-1.017175357,0.327811105,0,0,0,0,0,0,0,0,1,0,0,0,0,0,0,0,0,0,0,0,0,0,0,0,0,0,0,0,0,0,0,0,0,0,0,0,0,0,0,0,0,0,0,0,0,0,0,0,0,0,0
-0.095111965,415,0,1,1.167222057,-0.916934304,1.75087184,-0.894261261,0.333222534,-2.087738602,0.332691352,-2.666407878,-1.085021854,-2.665071709,0.271087799,-0.594841643,0.270440859,-0.432980172,0,0,0,0,0,0,0,0,0,0,0,0,0,0,0,0,0,0,0,0,0,0,0,0,0,0,0,0,0,0,0,0,0,0,0,0,0,0,0,0,0,0,0,0,0,0,0,0,0,0,1
-0.016945581,408,0,0,-0.591781216,0.004217646,0.384794367,0.233802103,1.393047007,-0.200389552,1.392281105,0.730229897,-0.672625417,0.73201028,-0.875749935,0.221219501,-0.871157023,1.088602382,0,0,0,0,0,0,0,0,0,0,0,0,1,0,0,0,0,0,0,0,0,0,0,0,0,0,0,0,0,0,0,0,0,0,0,0,0,0,0,0,0,0,0,0,0,0,0,0,0,0,0
-1.059164033,408,0,0,-0.591781216,0.807020309,-2.195574195,0.785400221,0.210315133,0.743284973,0.209428114,0.979561912,1.492455878,0.98179572,-1.234136727,-0.594841643,-1.22956566,-0.432980172,0,0,0,0,0,0,0,0,0,0,0,0,0,0,0,1,0,0,0,0,0,0,0,0,0,0,0,0,0,0,0,0,0,0,0,0,0,0,0,0,0,0,0,0,0,0,0,0,0,0,0
-0.121167426,415,0,0,-0.591781216,-0.384362513,0.840153524,-0.375442539,1.346704872,-1.64073488,1.347242614,0.560602379,-1.652066956,0.559431248,-0.338169747,0.221219501,-0.340181264,0.327811105,0,0,0,0,0,0,0,0,0,0,0,0,0,0,0,0,0,0,0,0,0,0,0,0,0,0,0,0,0,0,0,0,0,0,0,0,0,0,0,0,0,0,0,0,1,0,0,0,0,0,0
-0.355666578,415,0,0,-0.591781216,-0.56583142,-0.880092183,-0.551773085,0.383594419,0.792952053,0.382470736,0.057850939,1.389356769,0.059860368,-0.194815031,-0.594841643,-0.19416293,2.610184936,1,0,0,0,0,0,0,0,0,0,0,0,0,0,0,0,0,0,0,0,0,0,0,0,0,0,0,0,0,0,0,0,0,0,0,0,0,0,0,0,0,0,0,0,0,0,0,0,0,0,1
-0.511999346,408,0,0,-0.591781216,-0.082571831,-1.689619575,-0.080427972,0.979997545,-0.746727435,0.979823349,1.41282738,-0.105580316,1.413243299,-0.015621635,-0.594841643,-0.021595808,-0.432980172,0,0,0,0,0,0,0,0,0,0,0,0,0,0,0,1,0,0,0,0,0,0,0,0,0,0,0,0,0,0,0,0,0,0,0,0,0,0,0,0,0,0,0,0,0,0,0,0,0,0,0
1.051328332,415,0,0,-0.591781216,-1.041201056,-0.121160253,-1.01520593,-0.416311124,-1.889070281,-0.416369861,-1.231726941,1.440906323,-1.229940815,-0.804072577,-1.002872215,-0.804785053,-0.432980172,0,0,0,0,0,1,0,0,0,0,0,0,0,0,0,0,0,0,0,0,0,0,0,0,0,0,0,0,0,0,0,0,0,0,0,0,0,0,0,0,0,0,0,0,0,0,0,0,0,0,0
0.530219106,408,0,1,1.606972875,0.004217646,1.447299068,0.359268068,-2.525885694,-1.144064077,-2.526067579,-0.406070105,-1.188120964,-0.407919639,-1.59252352,-0.594841643,-1.587974298,1.088602382,1,0,0,0,0,1,0,0,0,0,0,0,0,0,0,0,0,0,0,0,0,0,0,0,0,0,0,0,0,0,0,0,0,0,0,0,0,0,0,0,0,0,0,0,0,0,0,0,0,0,0
0.634440952,408,0,0,-0.591781216,0.978626775,0.131817057,0.952688175,-0.468697885,1.289622856,-0.468519692,-0.240529997,-0.26022898,-0.239882161,0.629474591,1.445311218,0.628849496,-0.432980172,0,0,0,0,0,0,0,0,0,0,0,0,0,0,0,0,0,0,0,0,0,0,0,0,0,0,0,0,0,0,0,0,0,0,0,0,1,0,0,0,0,0,0,0,0,0,0,0,0,0,0
1.911158556,408,0,0,-0.591781216,0.244861196,-0.171755715,0.238323399,-0.619813542,-0.299723713,-0.620228292,-0.704451041,-2.373760721,-0.703120614,0.414442516,-0.186811071,0.416459193,-0.432980172,0,0,0,0,0,0,0,0,0,0,0,0,0,1,0,0,0,0,0,0,0,0,0,0,0,0,0,0,0,0,0,0,0,0,0,0,0,0,0,0,0,0,0,0,0,0,0,0,0,0,0
0.3999418,415,0,1,1.900140088,1.753814605,-0.880092183,1.707744615,-0.452578882,2.08429614,-0.451926564,-0.710582156,0.306816121,-0.712203721,0.486119874,-0.594841643,0.482831163,0.327811105,0,0,0,0,1,0,0,0,0,0,0,0,0,0,0,0,0,0,0,0,0,0,0,0,0,0,0,0,0,0,0,0,0,0,0,0,0,0,0,0,0,0,0,0,0,0,0,0,0,0,0
1.259772023,408,0,1,1.460389269,0.019997551,-0.424733025,0.019040541,-0.259150841,-1.789736121,-0.259920367,1.316773243,-2.425310275,1.317870677,0.844506666,-0.594841643,0.8412398,1.088602382,0,0,0,0,0,0,0,0,0,0,0,0,0,0,0,0,0,0,0,0,0,0,0,0,0,0,0,0,0,0,0,0,0,0,0,0,0,0,0,0,0,1,0,0,0,0,0,0,0,0,0
-1.632384182,408,0,0,-0.591781216,0.004217646,-0.121160253,-0.932692277,-0.760854822,-0.150722472,-0.760084658,-0.859772624,0.306816121,-0.862074985,-0.732395219,0.629250074,-0.738413083,0.327811105,0,0,0,0,0,0,0,0,0,0,0,0,0,0,0,0,0,0,0,0,0,0,0,0,0,0,0,1,0,0,0,0,0,0,0,0,0,0,0,0,0,0,0,0,0,0,0,0,0,0,0
-1.58027326,415,0,1,2.413182709,-0.623033575,-1.335451341,-0.607158962,-0.627873044,-0.597726194,-0.627339633,0.266308853,0.100617902,0.264230273,-1.449168803,0.221219501,-1.455230358,0.327811105,0,0,0,0,0,0,0,0,0,0,0,0,0,0,0,0,0,0,0,0,0,0,0,0,0,0,0,0,0,0,0,0,0,0,0,0,0,0,0,0,0,0,0,0,0,0,0,1,0,0,0
-1.502106876,415,1,0,-0.591781216,1.416519137,0.233007981,1.379950651,0.244568015,0.19694709,0.244984817,-0.884297084,-1.70361651,-0.884782752,-0.338169747,-0.186811071,-0.340181264,-1.19377145,0,0,0,0,0,0,0,0,0,0,0,0,0,0,0,0,0,0,0,0,0,0,0,0,0,0,0,0,0,0,0,0,0,0,0,0,0,0,0,0,0,0,0,0,0,0,0,0,0,0,1
0.321775416,408,1,0,-0.591781216,-1.074733354,-0.374137563,-1.047985326,0.115615988,0.941953294,0.114610239,-1.46675302,2.007951424,-1.466101595,-0.696556539,1.445311218,-0.698589901,-1.19377145,0,0,0,0,0,0,0,0,0,0,0,0,0,0,0,0,0,0,0,0,0,0,0,1,0,0,0,0,0,0,0,0,0,0,0,0,0,0,0,0,0,0,0,0,0,0,0,0,0,0,0
0.660496413,408,0,0,-0.591781216,0.629496379,-1.537833189,0.612460647,0.327177908,-0.995062836,0.327950458,-0.972176401,-2.064463393,-0.971072268,-0.875749935,-1.410902787,-0.871157023,-0.432980172,0,0,0,0,0,0,0,0,0,0,0,0,0,0,0,0,0,0,0,0,0,0,0,0,0,0,0,0,0,0,0,0,0,0,0,0,0,0,0,0,0,0,0,0,1,0,0,0,0,0,0
-0.016945581,510,0,0,-0.591781216,-0.015507235,0.030626133,-0.015999504,-0.635932545,0.494949571,-0.63682142,-1.072317948,-0.002481207,-1.070986444,1.274570817,-0.594841643,1.279294801,1.849393659,1,0,0,0,0,0,0,0,0,0,0,0,0,0,0,0,0,0,0,0,0,0,0,0,0,0,0,0,0,0,0,0,0,0,0,0,0,0,0,0,0,0,0,1,0,0,0,0,0,0,0
0.973161949,408,0,0,-0.591781216,1.22518779,-0.374137563,1.193447189,-0.607724289,-0.846061596,-0.608376058,1.925797345,0.203717012,1.92643884,0.557797233,1.037280646,0.562477527,1.088602382,0,0,0,0,0,0,0,0,0,0,0,0,0,0,0,0,0,0,0,0,0,0,0,0,0,0,0,0,0,0,0,1,0,0,0,0,0,0,0,0,0,0,0,0,0,0,0,0,0,0,0
1.59849302,510,0,1,2.779641724,0.891837298,-0.171755715,0.867913874,-0.251091339,-0.796394515,-0.250438579,1.094009394,-2.012913838,1.095334557,0.66531327,-1.002872215,0.668672678,-1.19377145,0,0,0,0,0,0,0,0,0,0,0,0,0,0,0,0,0,0,0,0,0,0,0,1,0,0,0,0,0,0,0,0,0,0,0,0,0,0,0,0,0,0,0,0,0,0,0,0,0,0,0
1.2076611,510,0,0,-0.591781216,1.359316982,-0.880092183,1.323434451,-1.042937381,-0.746727435,-1.042167836,-0.583872443,0.461464785,-0.585040224,-0.804072577,-0.186811071,-0.804785053,1.088602382,0,0,0,0,0,0,0,0,0,0,0,0,0,0,0,0,0,0,0,0,0,0,0,0,0,0,0,0,0,0,0,0,1,0,0,0,0,0,0,0,0,0,0,0,0,0,0,0,0,0,0
-0.277500194,415,0,0,-0.591781216,0.467752353,2.307421922,0.455345609,0.524635699,0.842619133,0.524697549,-0.994657156,0.255266566,-0.993780035,-1.054943331,-0.186811071,-1.056998539,-0.432980172,0,0,0,0,0,0,0,0,0,0,0,0,0,0,0,0,0,0,0,0,0,0,0,0,0,0,0,0,0,0,0,0,0,1,0,0,0,0,0,0,0,0,0,0,0,0,0,0,0,0,0
-1.319718646,415,0,0,-0.591781216,-0.445509645,-0.525923949,-0.434219388,0.456129935,-1.392399478,0.455954589,-0.401982695,0.564563894,-0.403378085,-1.485007482,-1.002872215,-1.481779146,-0.432980172,0,0,0,0,0,0,0,0,0,0,0,0,0,0,0,0,0,0,0,0,0,0,0,1,0,0,0,0,0,0,0,0,0,0,0,0,0,0,0,0,0,0,0,0,0,0,0,0,0,0,0
-0.485943885,415,0,0,-0.591781216,2.379093338,0.435389829,2.316989257,-0.39616237,-0.001721231,-0.395035839,1.410783675,-1.394319182,1.408701746,0.521958554,-0.186811071,0.522654345,-1.19377145,1,0,0,0,0,0,0,1,0,0,0,0,0,0,0,0,0,0,0,0,0,0,0,0,0,0,0,0,0,0,0,0,0,0,0,0,0,0,0,0,0,0,0,0,0,0,0,0,0,0,0
1.129494716,408,0,0,-0.591781216,-2.329235796,0.840153524,-2.269865583,-2.489617936,-0.746727435,-2.490510876,-0.573653918,-0.054030762,-0.571415563,-0.732395219,1.037280646,-0.738413083,1.849393659,1,0,0,0,0,0,0,0,0,0,0,0,0,0,0,0,0,0,0,0,0,0,0,0,0,0,0,0,0,0,0,0,0,0,1,0,0,0,0,0,0,0,0,0,0,0,0,0,0,0,0
-0.79860942,408,0,0,-0.591781216,-0.187113701,-0.121160253,-0.183287457,-0.916000229,0.097612929,-0.916534151,0.562646084,-1.239670518,0.563972802,1.704634967,-1.002872215,1.704075409,-0.432980172,0,0,0,0,0,0,0,0,0,0,0,0,0,0,0,0,0,0,0,0,1,0,0,0,0,0,0,0,0,0,0,0,0,0,0,0,0,0,0,0,0,0,0,0,0,0,0,0,0,0,0
1.129494716,415,0,0,-0.591781216,0.422385127,-0.070564791,0.411262973,2.072060025,-1.293065318,2.072599358,0.468635652,0.976960331,0.468600179,1.059538742,-1.002872215,1.053630104,-0.432980172,0,0,0,0,0,0,0,0,0,0,0,0,0,0,0,0,0,0,0,0,0,0,0,0,0,0,0,0,0,0,0,0,0,0,0,0,0,0,0,0,0,0,0,0,0,0,0,0,0,1,0
0.3999418,415,1,0,-0.591781216,0.704450927,0.182412519,0.685931708,0.083377981,-1.044729917,0.08379443,1.582454898,0.461464785,1.581280777,0.844506666,0.221219501,0.8412398,1.088602382,0,0,0,0,0,0,0,0,0,0,0,0,0,0,0,0,0,0,0,0,0,0,0,0,0,0,0,0,0,0,0,0,0,0,0,0,0,1,0,0,0,0,0,0,0,0,0,0,0,0,0
-1.18944134,408,0,1,1.24051386,-0.277848155,1.143726296,-0.27145273,-1.300841435,-0.250056632,-1.300546545,-0.518473882,-0.517976753,-0.516916922,0.271087799,-1.002872215,0.270440859,1.088602382,0,0,0,0,0,1,0,0,0,0,0,0,0,0,0,0,0,0,0,0,0,0,0,0,0,0,0,0,0,0,0,0,0,0,0,0,0,0,0,0,0,0,0,0,0,0,0,0,0,0,0
-0.79860942,415,0,1,1.167222057,1.377069375,0.030626133,1.341519635,1.189544589,-0.101055392,1.188422674,0.442067486,-1.652066956,0.441350858,-0.158976351,-0.186811071,-0.154339748,-0.432980172,0,0,0,0,0,0,0,0,0,0,1,0,0,0,0,0,0,0,0,0,0,0,0,0,0,0,0,0,0,0,0,0,0,0,0,0,0,0,0,0,0,0,0,0,0,0,0,0,0,0,0
0.139387187,510,0,0,-0.591781216,0.609771498,-0.222351177,0.593245139,0.97798267,-0.746727435,0.977452902,-0.197612191,-0.621075863,-0.19900818,0.772829308,-1.410902787,0.77486783,0.327811105,1,0,0,0,0,0,0,0,0,0,0,0,0,0,0,0,0,0,0,0,0,0,0,0,0,0,0,0,0,0,0,0,0,0,0,0,0,0,0,0,0,0,0,1,0,0,0,0,0,0,0
-0.016945581,408,0,0,-0.591781216,-0.42972974,0.233007981,-0.419525176,-0.92002998,0.047945849,-0.918904598,-0.234398882,-0.827274081,-0.235340607,-0.804072577,0.221219501,-0.804785053,1.849393659,1,0,0,0,0,0,0,0,0,0,0,0,0,0,0,1,0,0,0,0,0,0,0,0,0,0,0,0,0,0,0,0,0,0,0,0,0,0,0,0,0,0,0,0,0,0,0,0,0,0,0
0.269664493,510,0,0,-0.591781216,0.682753558,0.890748986,0.664455552,0.157928372,-1.193731157,0.157278283,-0.381545644,-0.105580316,-0.380670318,0.629474591,-1.002872215,0.628849496,-0.432980172,0,0,0,0,0,0,0,0,0,0,0,0,0,0,0,0,0,0,0,0,0,0,0,0,0,0,0,0,0,0,0,0,0,0,0,0,0,0,0,0,0,0,0,0,0,0,0,0,0,1,0
-0.694387575,415,0,1,1.973431891,-0.504684288,0.182412519,-0.491865913,-1.556730614,-0.796394515,-1.556554808,0.021064248,-2.219112057,0.018986387,0.23524912,1.85334179,0.230617677,0.327811105,0,0,0,0,0,0,0,0,0,0,0,0,0,0,0,0,0,1,0,0,0,0,0,0,0,0,0,0,0,0,0,0,0,0,0,0,0,0,0,0,0,0,0,0,0,0,0,0,0,0,0
0.712607335,415,0,0,-0.591781216,1.148260753,1.24491722,1.11771548,0.945744663,-0.349390793,0.946637092,0.160036191,-1.652066956,0.159774544,1.310409496,-0.186811071,1.305843589,-0.432980172,1,0,0,0,0,0,0,0,0,0,0,0,0,0,0,0,0,0,0,0,0,0,0,0,0,0,0,0,0,0,0,1,0,0,0,0,0,0,0,0,0,0,0,0,0,0,0,0,0,0,0
-0.485943885,510,0,0,-0.591781216,-0.705878076,-1.993192347,-0.688542291,-0.116094686,0.24661417,-0.115323108,-1.869362913,-0.311778535,-1.870299853,0.306926478,-1.002872215,0.310264041,-0.432980172,0,0,0,0,0,0,0,1,0,0,0,0,0,0,0,0,0,0,0,0,0,0,0,0,0,0,0,0,0,0,0,0,0,0,0,0,0,0,0,0,0,0,0,0,0,0,0,0,0,0,0
-0.538054807,415,0,0,-0.591781216,-1.092485747,-0.019969329,-1.064940187,-0.557352404,0.345948331,-0.556226226,1.065397523,-1.961364283,1.063543683,-0.839911256,1.85334179,-0.844608235,-0.432980172,0,0,1,0,0,0,0,0,0,0,0,0,0,0,0,0,0,0,0,0,0,0,0,0,0,0,0,0,0,0,0,0,0,0,0,0,0,0,0,0,0,0,0,0,0,0,0,0,0,0,0
-0.59016573,415,0,0,-0.591781216,1.444133971,-0.374137563,1.405948103,-0.448549131,0.594283732,-0.449556117,1.284073962,0.255266566,1.286079802,-0.266492389,1.037280646,-0.2605349,1.088602382,0,0,0,0,0,0,0,0,0,0,0,0,0,0,0,0,0,0,0,0,0,1,0,0,0,0,0,0,0,0,0,0,0,0,0,0,0,0,0,0,0,0,0,0,0,0,0,0,0,0,0
-0.277500194,415,0,0,-0.591781216,-0.011562259,-1.487237727,-0.011478207,-0.202734329,-0.945395756,-0.203029642,-1.499452301,-0.466427199,-1.49789247,0.127733082,1.037280646,0.124422525,1.088602382,0,0,0,1,0,0,0,0,0,0,0,0,0,0,0,0,0,0,0,0,0,0,0,0,0,0,0,0,0,0,0,0,0,0,0,0,0,0,0,0,0,0,0,0,0,0,0,0,0,0,0
0.087276264,408,0,0,-0.591781216,1.947118441,0.283603443,1.896508725,-2.411037794,0.643950812,-2.409915682,-0.773937012,1.904852315,-0.775785469,-0.158976351,0.221219501,-0.154339748,-0.432980172,0,0,0,0,0,0,0,0,0,0,0,0,0,0,0,0,0,0,0,0,0,0,0,0,0,0,0,0,0,0,0,0,0,0,0,0,0,0,0,0,0,0,0,0,0,0,0,0,0,0,0
-0.043001042,415,0,0,-0.591781216,0.365182971,-0.677710335,0.354746772,0.133749867,-1.193731157,0.133573814,-0.207830716,0.667663003,-0.208091286,-0.553201823,-0.594841643,-0.552571568,1.849393659,0,0,0,1,0,0,0,0,0,0,0,0,0,0,0,0,0,0,0,0,0,0,0,0,0,0,0,0,0,0,0,0,0,0,0,0,0,0,0,0,0,0,0,0,0,0,0,0,0,0,0
0.504163645,408,0,0,-0.591781216,0.639358819,1.548489992,0.622633563,0.176062251,0.19694709,0.176241858,-0.69218881,-0.208679425,-0.694037507,-1.771716916,0.221219501,-1.773815813,-0.432980172,1,0,0,0,0,0,0,0,0,0,0,0,0,0,0,0,0,0,0,0,0,0,0,0,0,1,0,0,0,0,0,0,0,0,0,0,0,0,0,0,0,0,0,0,0,0,0,0,0,0,0
-0.069056504,510,0,1,0.947346648,-0.364637632,0.688367139,-0.356227031,1.038428932,-0.846061596,1.03908452,-0.835248163,-0.414877644,-0.834825664,-2.094265028,1.445311218,-2.092401269,1.849393659,0,0,0,0,0,0,0,0,0,0,0,0,1,0,0,0,0,0,0,0,0,0,0,0,0,0,0,0,0,0,0,0,0,0,0,0,0,0,0,0,0,0,0,0,0,0,0,0,0,0,0
0.894995565,415,0,0,-0.591781216,-0.552024003,-0.930687645,-0.538209197,-1.645385133,0.24661417,-1.644261342,-0.430594565,-0.002481207,-0.430627406,0.091894403,0.629250074,0.097873737,-1.19377145,0,0,0,0,0,0,0,0,0,0,0,0,0,0,0,0,0,0,0,0,0,0,0,0,0,0,0,0,0,0,0,0,0,0,0,0,0,0,0,0,0,0,0,0,0,0,1,0,0,0,0
0.556274568,408,0,0,-0.591781216,-0.181196237,-0.323542101,-0.176505513,-0.543248276,0.445282491,-0.544373992,0.971387091,-1.291220073,0.972712613,0.378603837,-1.002872215,0.376636011,-0.432980172,0,0,0,0,0,0,0,0,0,0,0,0,0,0,0,1,0,0,0,0,0,0,0,0,0,0,0,0,0,0,0,0,0,0,0,0,0,0,0,0,0,0,0,0,0,0,0,0,0,0,0
-0.147222888,408,0,0,-0.591781216,1.15220573,-1.790810499,1.122236776,-0.271240093,-0.101055392,-0.271772601,-0.226224061,0.770762113,-0.2262575,0.557797233,-0.186811071,0.562477527,1.849393659,0,0,0,1,0,0,0,0,0,0,0,0,0,0,0,0,0,0,0,0,0,0,0,0,0,0,0,0,0,0,0,0,0,0,0,0,0,0,0,0,0,0,0,0,0,0,0,0,0,0,0
-0.19933381,510,0,1,0.947346648,-1.218724986,1.548489992,-1.188145504,-0.728616815,0.743284973,-0.729268848,0.325576299,-0.724174972,0.323270468,-0.158976351,-0.594841643,-0.154339748,-0.432980172,0,0,0,0,0,0,0,0,0,0,0,0,0,0,0,0,0,0,0,0,0,0,0,0,0,0,0,0,0,0,0,0,1,0,0,0,0,0,0,0,0,0,0,0,0,0,0,0,0,0,0
1.468215713,408,0,0,-0.591781216,0.988489216,-0.525923949,0.962861091,-1.063086135,1.041287454,-1.063501858,0.824240329,0.40991523,0.822841349,-0.23065371,1.037280646,-0.233986112,1.088602382,0,0,0,0,0,0,0,0,0,0,0,0,0,0,0,0,0,0,0,0,0,0,0,0,0,0,0,0,0,0,0,0,0,0,0,0,0,0,0,0,0,0,0,0,1,0,0,0,0,0,0
0.504163645,408,0,0,-0.591781216,-0.289683083,-0.019969329,-0.28275597,2.348097958,-0.846061596,2.347571195,-1.673167229,-0.724174972,-1.675013055,-0.696556539,1.445311218,-0.698589901,-0.432980172,0,0,0,0,0,0,0,0,0,0,0,0,0,0,0,0,0,0,0,0,0,0,1,0,0,0,0,0,0,0,0,0,0,0,0,0,0,0,0,0,0,0,0,0,0,0,0,0,0,0,0
0.061220803,415,0,0,-0.591781216,0.10481454,0.840153524,0.101554194,0.456129935,-0.299723713,0.455954589,0.444111191,-0.466427199,0.445892412,0.844506666,-1.002872215,0.8412398,0.327811105,0,0,0,0,0,0,0,0,0,0,0,0,0,0,0,0,0,0,0,1,0,0,0,0,0,0,0,0,0,0,0,0,0,0,0,0,0,0,0,0,0,0,0,0,0,0,0,0,0,0,0
-0.069056504,408,0,0,-0.591781216,-0.368582608,0.840153524,-0.359618003,-0.196689703,0.643950812,-0.195918301,0.544252738,0.667663003,0.545806588,0.66531327,-0.186811071,0.668672678,1.849393659,0,1,0,0,0,0,0,0,0,0,0,0,0,0,0,0,0,0,0,0,0,0,0,0,0,0,0,0,0,0,0,0,0,0,0,0,0,0,0,0,0,0,0,0,0,0,0,0,0,0,0
0.634440952,408,0,0,-0.591781216,-1.045146032,0.384794367,-1.018596902,0.107556486,-0.498392034,0.107498899,0.955037451,0.719212558,0.9545464,1.095377421,1.037280646,1.093453286,-0.432980172,0,0,0,0,0,0,0,0,1,0,0,0,0,0,0,0,0,0,0,0,0,0,0,0,0,0,0,0,0,0,0,0,0,0,0,0,0,0,0,0,0,0,0,0,0,0,0,0,0,0,0
-1.684495105,510,1,1,2.486474512,0.337568138,-0.576519411,0.32874932,1.092830569,1.090954535,1.093604799,-1.282819567,1.337807214,-1.284439457,3.496568927,0.629250074,3.496118595,-1.19377145,1,0,0,0,0,0,0,0,0,0,0,0,0,0,0,0,0,0,0,0,0,1,0,0,0,0,0,0,0,0,0,0,0,0,0,0,0,0,0,0,0,0,0,0,0,0,0,0,0,0,0
-0.694387575,415,0,0,-0.591781216,0.004217646,0.688367139,1.975631405,0.38762417,-2.584409405,0.38721163,-0.634965069,0.770762113,-0.634997312,-0.302331068,-0.186811071,-0.300358082,-0.432980172,1,0,0,0,0,0,0,0,0,0,0,0,0,0,0,0,0,0,0,0,0,0,0,0,0,0,0,0,0,0,0,0,0,1,0,0,0,0,0,0,0,0,0,0,0,0,0,0,0,0,0
0.295719955,510,0,1,2.046723694,-1.301569487,0.840153524,-1.268398509,-0.869658095,-0.895728676,-0.869125214,-0.479643486,0.925410777,-0.480584494,-0.087298993,-0.594841643,-0.087967778,0.327811105,0,0,0,0,0,0,0,0,0,0,0,0,0,0,0,0,0,0,0,0,0,0,0,0,1,0,0,0,0,0,0,0,0,0,0,0,0,0,0,0,0,0,0,0,0,0,0,0,0,0,0
-1.423940492,408,0,0,-0.591781216,0.601881545,-0.424733025,0.585332871,0.536724952,-1.144064077,0.536549783,-0.019809853,0.822311667,-0.021887595,1.023700062,1.037280646,1.027081316,-0.432980172,0,0,0,0,0,0,0,0,0,0,0,0,0,0,0,0,0,0,0,0,0,0,0,0,0,0,0,0,0,1,0,0,0,0,0,0,0,0,0,0,0,0,0,0,0,0,0,0,0,0,0
-0.016945581,408,0,1,1.020638451,0.672891117,0.081221595,0.65541296,-1.185993536,-0.697060355,-1.186765095,-1.20311507,1.18315855,-1.202691495,-1.090782011,-0.594841643,-1.096821721,-1.19377145,0,0,0,0,0,0,0,0,0,0,0,0,0,0,0,0,0,0,0,0,0,0,0,0,0,0,0,0,0,0,0,0,0,0,0,0,0,0,0,0,0,0,0,1,0,0,0,0,0,0,0
0.530219106,510,0,0,-0.591781216,0.217246363,0.131817057,0.211195623,-0.345790484,0.842619133,-0.345256454,0.403237091,0.152167457,0.405018431,-0.158976351,-0.186811071,-0.154339748,1.088602382,0,0,0,0,0,0,0,0,0,0,0,0,0,0,0,0,0,0,0,0,1,0,0,0,0,0,0,0,0,0,0,0,0,0,0,0,0,0,0,0,0,0,0,0,0,0,0,0,0,0,0
-0.016945581,415,0,0,-0.591781216,-0.173306285,1.194321758,-0.169723569,-1.377406702,-0.250056632,-1.376400845,-1.801920647,-0.569526308,-1.802176551,0.486119874,-0.594841643,0.482831163,-0.432980172,0,0,0,0,0,0,0,0,0,0,0,0,0,0,0,0,0,0,0,0,0,0,0,0,0,1,0,0,0,0,0,0,0,0,0,0,0,0,0,0,0,0,0,0,0,0,0,0,0,0,0
0.764718258,510,0,0,-0.591781216,-0.5027118,0.941344448,-0.490735589,-1.82269417,-0.101055392,-1.822044858,0.538121623,0.873861222,0.536723481,-0.374008427,0.221219501,-0.380004446,0.327811105,0,0,0,0,0,0,0,0,0,0,0,0,0,0,0,0,0,0,0,0,0,0,0,0,0,0,0,0,0,0,0,0,0,1,0,0,0,0,0,0,0,0,0,0,0,0,0,0,0,0,0
-0.407777501,408,0,0,-0.591781216,0.428302591,-2.448551505,0.416914593,0.579037336,0.19694709,0.579217827,1.051091588,0.306816121,1.049919022,0.629474591,-0.594841643,0.628849496,-0.432980172,0,0,0,1,0,0,0,0,0,0,0,0,0,0,0,0,0,0,0,0,0,0,0,0,0,0,0,0,0,0,0,0,0,0,0,0,0,0,0,0,0,0,0,0,0,0,0,0,0,0,0
1.59849302,415,0,0,-0.591781216,-2.149739377,0.384794367,-2.094665361,-0.869658095,-0.647393275,-0.869125214,-0.945608235,-0.930373191,-0.943822947,-0.409847106,-0.594841643,-0.406553234,1.849393659,1,0,0,0,0,0,0,0,0,0,0,0,0,0,0,0,0,0,0,0,0,0,0,0,0,1,0,0,0,0,0,0,0,0,0,0,0,0,0,0,0,0,0,0,0,0,0,0,0,0,0
-1.033108572,510,0,1,1.387097466,0.154126743,1.194321758,0.150158126,-1.089279516,0.14728001,-1.089576773,0.503378638,1.492455878,0.504932607,-1.377491444,0.629250074,-1.375583994,1.849393659,1,0,0,0,0,0,0,0,0,0,0,0,0,0,0,0,0,0,0,0,0,0,0,0,0,1,0,0,0,0,0,0,0,0,0,0,0,0,0,0,0,0,0,0,0,0,0,0,0,0,0
-0.225389272,408,0,0,-0.591781216,-1.735516873,-0.525923949,-1.691139689,-0.140273191,1.140621615,-0.141398023,-0.532779817,-0.724174972,-0.530541582,-0.374008427,-0.186811071,-0.380004446,0.327811105,0,0,0,0,0,0,0,0,0,0,0,0,0,0,0,0,0,0,0,0,0,0,0,0,0,0,0,0,0,0,0,0,0,0,0,0,0,0,0,0,0,0,0,1,0,0,0,0,0,0,0
0.790773719,408,0,1,2.046723694,0.68078107,0.7389626,0.662194904,-0.785033327,0.842619133,-0.786159573,1.300423603,0.100617902,1.299704463,-0.266492389,-0.186811071,-0.2605349,1.088602382,0,0,0,0,0,0,0,0,0,0,0,0,0,0,0,0,0,0,0,0,0,0,0,0,0,0,0,0,0,1,0,0,0,0,0,0,0,0,0,0,0,0,0,0,0,0,0,0,0,0,0
-0.277500194,415,0,0,-0.591781216,-0.674318266,-0.424733025,-0.656893218,0.343296911,0.693617893,0.342173139,-1.107060933,1.18315855,-1.107318872,0.23524912,-1.002872215,0.230617677,1.088602382,0,0,0,0,0,0,0,0,0,0,0,0,0,0,0,0,0,0,0,0,0,0,0,0,0,0,0,0,0,1,0,0,0,0,0,0,0,0,0,0,0,0,0,0,0,0,0,0,0,0,0
-0.59016573,415,0,0,-0.591781216,1.012159073,0.7389626,0.985467571,0.59918609,1.984961979,0.598181402,1.232981336,1.028509886,1.231581161,-0.266492389,-0.594841643,-0.2605349,-0.432980172,0,0,0,0,0,0,0,0,0,0,0,0,0,0,0,0,0,0,0,0,0,0,0,0,0,0,0,0,0,0,0,1,0,0,0,0,0,0,0,0,0,0,0,0,0,0,0,0,0,0,0
-0.485943885,408,0,0,-0.591781216,0.406605222,-0.222351177,0.395438437,0.010842466,0.097612929,0.010310577,0.10281245,-2.064463393,0.100734349,-1.12662069,-1.410902787,-1.123370509,1.849393659,0,0,0,0,0,0,0,0,0,0,0,0,0,0,0,0,0,0,0,0,0,0,0,0,0,0,0,0,0,0,0,0,0,0,0,0,0,0,0,0,0,0,0,1,0,0,0,0,0,0,0
1.624548481,408,0,0,-0.591781216,0.004217646,0.435389829,0.332140292,0.039050722,1.388957016,0.038755939,0.108943565,-1.0334723,0.109817456,-0.409847106,2.261372362,-0.406553234,-0.432980172,0,0,1,0,0,0,0,0,0,0,0,0,0,0,0,0,0,0,0,0,0,0,0,0,0,0,0,0,0,0,0,0,0,0,0,0,0,0,0,0,0,0,0,0,0,0,0,0,0,0,0
-0.251444733,510,1,0,-0.591781216,-0.982026412,0.587176215,-0.957559405,-0.551307778,-0.846061596,-0.551485333,0.942775221,1.544005432,0.940921739,0.342765158,-0.594841643,0.336812829,1.088602382,0,1,0,0,0,0,0,0,0,0,0,0,0,0,0,0,0,0,0,0,0,0,0,0,0,0,0,0,0,0,0,0,0,0,0,0,0,0,0,0,0,0,0,0,0,0,0,0,0,0,0
-0.668332114,415,0,1,0.947346648,-0.076654367,-0.171755715,-0.074776352,0.33926716,0.29628125,0.339802692,0.744535832,1.750203651,0.74563494,-1.771716916,-0.186811071,-1.773815813,2.610184936,0,0,0,0,0,0,0,0,0,0,0,0,0,0,0,0,0,0,0,0,0,0,0,0,0,0,0,0,0,0,0,0,0,0,1,0,0,0,0,0,0,0,0,0,0,0,0,0,0,0,0
-0.251444733,510,0,0,-0.591781216,0.461834889,0.283603443,0.449693989,0.190166379,0.643950812,0.190464539,-0.111776579,1.492455878,-0.112718664,0.629474591,-0.594841643,0.628849496,1.088602382,0,0,0,0,0,0,0,0,0,1,0,0,0,0,0,0,0,0,0,0,0,0,0,0,0,0,0,0,0,0,0,0,0,0,0,0,0,0,0,0,0,0,0,0,0,0,0,0,0,0,0
0.686551874,510,0,1,2.046723694,0.004217646,0.840153524,0.066514149,-1.48822485,-1.193731157,-1.487811848,1.271811732,-1.497418292,1.272455142,0.342765158,1.445311218,0.336812829,-0.432980172,0,0,0,0,0,0,0,0,0,0,0,0,0,0,0,0,0,0,0,0,0,0,0,0,0,0,0,0,0,0,0,0,0,0,0,0,0,0,0,0,0,0,0,0,0,0,0,0,0,0,0
0.321775416,415,0,1,1.093930254,0.499312163,0.030626133,0.485864358,-0.980476243,-1.988404442,-0.980536217,-0.867947444,-2.116012947,-0.866616538,-0.015621635,0.221219501,-0.021595808,0.327811105,0,0,0,0,0,0,0,0,0,0,0,0,0,0,0,0,0,0,0,0,0,0,0,0,0,0,0,0,0,0,0,0,0,1,0,0,0,0,0,0,0,0,0,0,0,0,0,0,0,0,0
0.243609032,510,0,0,-0.591781216,-0.615143623,0.7389626,-0.599246694,1.526028785,-0.796394515,1.52502613,-0.15265068,0.616113449,-0.153592645,0.772829308,-0.594841643,0.77486783,-0.432980172,0,0,0,0,0,0,0,0,1,0,0,0,0,0,0,0,0,0,0,0,0,0,0,0,0,0,0,0,0,0,0,0,0,0,0,0,0,0,0,0,0,0,0,0,0,0,0,0,0,0,0
0.504163645,415,0,1,2.266599103,0.406605222,-1.639024113,0.395438437,0.397698547,-0.150722472,0.396693417,1.077659753,0.822311667,1.077168343,0.091894403,-0.186811071,0.097873737,-1.19377145,0,0,0,0,0,0,0,0,0,0,0,0,0,0,0,0,0,0,0,0,1,0,0,0,0,0,0,0,0,0,0,0,0,0,0,0,0,0,0,0,0,0,0,0,0,0,0,0,0,0,0
1.468215713,415,0,1,1.460389269,0.254723637,0.334198905,0.247365991,-0.104005433,-1.293065318,-0.103470873,-1.867319208,2.007951424,-1.8657583,-1.234136727,0.221219501,-1.22956566,1.088602382,0,0,0,0,0,0,0,0,0,0,0,0,0,0,0,0,0,0,0,0,0,0,1,0,0,0,0,0,0,0,0,0,0,0,0,0,0,0,0,0,0,0,0,0,0,0,0,0,0,0,0
0.061220803,510,0,0,-0.591781216,1.317894731,-2.701528815,1.28387311,-0.104005433,-0.796394515,-0.103470873,-0.011635032,-0.208679425,-0.012804488,0.521958554,-0.186811071,0.522654345,-0.432980172,0,0,0,0,0,0,0,0,0,0,0,0,0,0,0,0,0,0,0,0,0,0,0,0,0,0,0,0,0,0,0,0,0,0,0,0,0,0,0,0,0,0,0,0,0,0,1,0,0,0,0
0.425997261,408,1,0,-0.591781216,-0.248260833,-0.728305797,-0.242064306,-0.46668301,-0.647393275,-0.466149245,0.987736732,1.647104542,0.986337274,1.382086854,1.037280646,1.385489953,0.327811105,1,0,0,0,0,0,0,0,0,0,0,0,0,0,0,0,0,0,0,0,0,0,0,0,0,0,0,0,0,0,0,0,0,0,0,0,0,0,0,0,0,0,0,0,0,0,1,0,0,0,0
1.025272871,415,0,0,-0.591781216,1.029911466,0.030626133,1.002422431,-0.817271334,-0.299723713,-0.816975383,-1.853013273,-0.105580316,-1.85213364,1.453764213,0.629250074,1.451861923,1.088602382,0,0,0,0,0,0,0,0,0,0,0,0,0,0,0,0,0,0,0,0,0,0,1,0,0,0,0,0,0,0,0,0,0,0,0,0,0,0,0,0,0,0,0,0,0,0,0,0,0,0,0
-0.459888423,408,1,0,-0.591781216,1.811016761,-0.677710335,1.764260815,0.315088655,1.289622856,0.316098224,-1.634336833,0.255266566,-1.634139073,0.521958554,-0.186811071,0.522654345,-0.432980172,0,0,0,0,0,0,0,0,0,0,0,0,0,0,0,0,0,0,0,0,0,0,0,0,0,0,0,0,0,0,0,0,0,0,0,0,0,0,0,0,0,0,0,0,1,0,0,0,0,0,0
1.155550178,408,0,1,2.559766315,1.5388134,-0.171755715,1.498634672,-0.776973825,-0.250056632,-0.776677786,1.754126121,-0.724174972,1.753859809,0.306926478,-0.186811071,0.310264041,0.327811105,0,0,0,0,0,0,0,0,0,0,0,0,0,0,0,0,0,0,0,0,0,0,0,0,0,0,0,0,0,0,0,0,0,0,0,0,0,0,0,1,0,0,0,0,0,0,0,0,0,0,0
0.321775416,408,0,0,-0.591781216,0.278393494,-0.070564791,0.271102795,0.417847302,1.239955775,0.418027439,-0.587959853,-1.70361651,-0.589581777,0.127733082,0.629250074,0.124422525,-0.432980172,0,0,0,0,0,0,0,0,0,0,0,0,1,0,0,0,0,0,0,0,0,0,0,0,0,0,0,0,0,0,0,0,0,0,0,0,0,0,0,0,0,0,0,0,0,0,0,0,0,0,0
-1.163385879,415,0,0,-0.591781216,0.913534668,0.587176215,0.88939003,0.963878542,0.892286214,0.96323022,-1.237858056,2.162600088,-1.239023922,-1.198298048,2.669402934,-1.203016872,-0.432980172,0,0,0,0,0,0,0,0,0,0,0,0,0,0,0,0,0,0,0,0,0,0,0,0,0,0,0,0,0,0,0,0,0,0,0,0,0,0,0,1,0,0,0,0,0,0,0,0,0,0,0
-0.121167426,415,0,0,-0.591781216,1.59207058,0.7389626,1.550629577,-1.101368768,-2.683743565,-1.101429008,1.398521445,-0.672625417,1.399618639,0.450281195,-0.186811071,0.456282375,2.610184936,0,0,0,0,0,0,0,0,0,0,0,0,0,0,0,0,0,0,0,0,0,0,0,0,0,0,0,0,0,0,0,0,0,0,0,0,1,0,0,0,0,0,0,0,0,0,0,0,0,0,0
1.311882946,408,0,0,-0.591781216,-0.019452211,0.789558062,-0.019390476,1.842364227,1.885627819,1.842666011,1.324948063,0.049068348,1.326953783,-0.158976351,-0.186811071,-0.154339748,-1.19377145,0,0,0,0,0,0,0,0,0,0,0,0,0,0,0,0,0,0,1,0,0,0,0,0,0,0,0,0,0,0,0,0,0,0,0,0,0,0,0,0,0,0,0,0,0,0,0,0,0,0,0
0.99921741,510,0,1,1.093930254,-0.435647204,1.447299068,-0.425176796,0.93365541,-0.200389552,0.934784858,1.188019826,0.616113449,1.186165626,1.238732138,-1.002872215,1.239471619,-1.19377145,0,0,0,0,0,0,0,0,0,0,0,0,0,0,0,0,0,0,0,0,0,0,0,0,0,0,0,0,0,0,0,0,0,0,0,0,0,0,0,0,0,0,0,0,0,1,0,0,0,0,0
0.373886338,510,0,1,1.167222057,-0.741382862,1.194321758,-0.722452011,-0.34780536,1.438624096,-0.347626901,-0.741237731,0.719212558,-0.739453041,-0.23065371,-0.186811071,-0.233986112,-0.432980172,0,0,0,0,0,0,0,0,0,1,0,0,0,0,0,0,0,0,0,0,0,0,0,0,0,0,0,0,0,0,0,0,0,0,0,0,0,0,0,0,0,0,0,0,0,0,0,0,0,0,0
-0.355666578,415,0,0,-0.591781216,-0.855787173,-0.171755715,-0.834354088,-0.573471407,0.395615411,-0.572819354,-1.299169207,0.049068348,-1.298064117,-1.12662069,0.221219501,-1.123370509,-1.19377145,0,0,0,0,0,0,0,0,0,0,0,0,0,0,0,0,0,0,0,0,0,0,0,0,0,0,0,0,0,0,0,0,0,0,0,0,0,0,0,0,1,0,0,0,0,0,0,0,0,0,0
1.051328332,415,0,0,-0.591781216,0.737983225,0.485985291,0.718711104,0.822837262,0.544616652,0.823373855,1.071528638,0.152167457,1.07262679,0.629474591,0.629250074,0.628849496,-1.19377145,0,0,0,0,0,0,0,0,0,0,0,0,0,0,0,0,0,0,0,0,0,0,0,0,0,0,0,0,0,0,0,0,0,0,0,0,0,0,0,0,0,0,0,0,0,1,0,0,0,0,0
1.051328332,510,0,1,2.046723694,0.154126743,-0.070564791,0.150158126,0.820822387,0.792952053,0.821003408,0.581039429,0.255266566,0.582139016,0.091894403,0.221219501,0.097873737,1.088602382,0,0,0,0,0,0,0,0,0,0,0,0,1,0,0,0,0,0,0,0,0,0,0,0,0,0,0,0,0,0,0,0,0,0,0,0,0,0,0,0,0,0,0,0,0,0,0,0,0,0,0
-1.007053111,415,0,0,-0.591781216,-1.593497728,0.131817057,-1.55324016,-1.314945563,1.090954535,-1.314769226,0.726142487,-0.930373191,0.727468727,0.70115195,-1.410902787,0.695221466,-0.432980172,0,0,0,0,0,0,0,0,0,0,0,0,0,0,0,0,0,0,0,0,0,0,1,0,0,0,0,0,0,0,0,0,0,0,0,0,0,0,0,0,0,0,0,0,0,0,0,0,0,0,0
1.181605639,415,0,0,-0.591781216,0.524954509,2.560399232,0.510731486,-1.048982007,-0.548059114,-1.049279176,-0.69218881,-0.466427199,-0.694037507,-1.485007482,-0.594841643,-1.481779146,-0.432980172,0,0,0,0,0,0,0,0,0,0,0,0,0,0,0,0,0,0,0,0,0,0,0,0,0,0,0,0,0,0,0,0,0,0,0,0,1,0,0,0,0,0,0,0,0,0,0,0,0,0,0
-0.225389272,415,0,1,1.826848285,1.250830136,-0.424733025,1.218314317,0.264716769,-0.399057873,0.263948392,0.564689789,0.203717012,0.563972802,0.66531327,-1.002872215,0.668672678,0.327811105,0,0,0,0,0,0,0,0,1,0,0,0,0,0,0,0,0,0,0,0,0,0,0,0,0,0,0,0,0,0,0,0,0,0,0,0,0,0,0,0,0,0,0,0,0,0,0,0,0,0,0
2.19776863,510,0,1,1.680264679,0.199493969,1.295512682,0.194240763,-0.75279532,1.637292418,-0.752973317,1.302467308,1.337807214,1.304246016,-0.983265973,-0.594841643,-0.977352175,-0.432980172,0,0,0,0,0,0,0,0,0,0,1,0,0,0,0,0,0,0,0,0,0,0,0,0,0,0,0,0,0,0,0,0,0,0,0,0,0,0,0,0,0,0,0,0,0,0,0,0,0,0,0
1.233716562,415,0,0,-0.591781216,0.44013752,0.081221595,0.428217833,0.857090144,1.388957016,0.856560111,1.230937631,-0.517976753,1.231581161,0.23524912,-0.594841643,0.230617677,-0.432980172,0,0,0,0,0,0,0,1,0,0,0,0,0,0,0,0,0,0,0,0,0,0,0,0,0,0,0,0,0,0,0,0,0,0,0,0,0,0,0,0,0,0,0,0,0,0,0,0,0,0,0
-0.173278349,408,0,1,2.1933073,-0.189086189,1.194321758,-0.184417781,-0.148332693,0.792952053,-0.148509364,-1.944979999,-1.394319182,-1.942964709,0.916184025,-0.186811071,0.920886164,-0.432980172,0,0,0,1,0,0,0,0,0,0,0,0,0,0,0,0,0,0,0,0,0,0,0,0,0,0,0,0,0,0,0,0,0,0,0,0,0,0,0,0,0,0,0,0,0,0,0,0,0,0,0
-0.850720343,408,0,0,-0.591781216,1.132480849,0.233007981,1.103021268,0.460159686,0.24661417,0.460695483,-2.118694928,-1.085021854,-2.120085294,1.059538742,-1.002872215,1.053630104,-0.432980172,0,0,0,0,0,1,0,0,0,0,0,0,0,0,0,0,0,0,0,0,0,0,0,0,0,0,0,0,0,0,0,0,0,0,0,0,0,0,0,0,0,0,0,0,0,0,0,0,0,0,0
2.041435862,408,0,0,-0.591781216,0.779405476,-0.424733025,0.758272445,-1.032863004,1.239955775,-1.032686048,0.891682595,0.203717012,0.890964651,-1.485007482,0.221219501,-1.481779146,-1.19377145,0,0,0,0,0,0,0,0,0,0,0,0,0,0,0,0,0,0,1,0,0,0,0,0,0,0,0,0,0,0,0,0,0,0,0,0,0,0,0,0,0,0,0,0,0,0,0,0,0,0,0
-0.173278349,415,0,0,-0.591781216,1.438216507,0.182412519,1.400296483,-0.637947421,1.239955775,-0.63682142,-0.616571724,0.306816121,-0.616831098,0.306926478,1.037280646,0.310264041,0.327811105,0,0,0,0,0,0,0,0,0,0,0,0,0,0,0,0,0,0,0,0,0,0,0,0,0,0,0,0,0,1,0,0,0,0,0,0,0,0,0,0,0,0,0,0,0,0,0,0,0,0,0
-1.007053111,415,0,0,-0.591781216,-0.642758456,-0.475328487,-0.62637447,-0.20676408,0.345948331,-0.207770536,-0.119951399,0.770762113,-0.121801771,0.70115195,-0.594841643,0.695221466,-1.19377145,0,0,0,0,0,0,0,0,0,0,0,0,0,0,0,0,0,0,0,0,0,0,0,1,0,0,0,0,0,0,0,0,0,0,0,0,0,0,0,0,0,0,0,0,0,0,0,0,0,0,0
0.3999418,408,0,0,-0.591781216,-0.122021594,-0.374137563,-0.118858989,-0.132213689,-1.193731157,-0.131916236,0.141642846,0.616113449,0.14160833,2.134699118,2.261372362,2.128856016,1.088602382,0,0,1,0,0,0,0,0,0,0,0,0,0,0,0,0,0,0,0,0,0,0,0,0,0,0,0,0,0,0,0,0,0,0,0,0,0,0,0,0,0,0,0,0,0,0,0,0,0,0,0
-0.016945581,408,0,0,-0.591781216,1.033856443,1.093130834,1.006943727,1.846393978,0.594283732,1.847406905,0.002670903,0.616113449,0.000820173,-3.671166913,-1.818933359,-3.672054152,1.088602382,0,0,0,0,0,0,0,0,0,0,0,0,0,0,0,0,1,0,0,0,0,0,0,0,0,0,0,0,0,0,0,0,0,0,0,0,0,0,0,0,0,0,0,0,0,0,0,0,0,0,0
-0.173278349,510,1,1,1.093930254,0.343485602,1.24491722,0.33440094,0.278820897,1.786293658,0.278171074,1.658071985,0.152167457,1.658487186,-0.266492389,0.221219501,-0.2605349,1.849393659,0,0,0,0,0,0,0,0,0,0,0,0,0,0,0,0,0,0,0,0,0,0,0,0,0,0,0,0,0,0,0,0,0,0,0,0,0,0,0,0,0,0,0,0,0,0,0,0,0,1,0
0.660496413,415,0,0,-0.591781216,-2.396300392,-0.323542101,-2.335424376,-1.248454674,0.892286214,-1.248396714,-1.313475142,-0.466427199,-1.311688778,0.593635912,-1.410902787,0.589026314,2.610184936,1,0,0,0,0,0,0,0,0,0,0,0,0,0,0,0,0,0,0,0,0,0,0,0,0,0,0,0,0,0,0,0,0,0,0,0,0,0,0,0,0,0,0,0,0,0,0,0,0,0,0
-0.876775804,408,0,1,2.046723694,-1.264092213,0.536580753,-1.23222814,0.746271996,-0.299723713,0.745149108,-0.637008774,0.152167457,-0.634997312,-0.123137672,3.077433506,-0.12779096,0.327811105,0,0,0,0,0,0,0,0,0,0,0,0,0,0,0,0,0,0,0,0,0,0,0,0,0,0,0,0,0,0,0,0,0,0,1,0,0,0,0,0,0,0,0,0,0,0,0,0,0,0,0
-2.127437947,408,0,0,-0.591781216,0.126511909,-0.121160253,0.12303035,1.080741316,-2.137405682,1.081752564,0.264265148,1.389356769,0.264230273,1.56128025,1.037280646,1.558057075,0.327811105,0,0,0,0,0,0,0,0,0,0,0,0,0,0,0,0,0,0,0,0,0,0,0,0,0,0,0,0,0,0,1,0,0,0,0,0,0,0,0,0,0,0,0,0,0,0,0,0,0,0,0
1.80693671,510,1,0,-0.591781216,1.582208139,-1.639024113,1.540456661,0.893357902,1.090954535,0.894487261,-1.362524063,1.080059441,-1.361645866,-0.66071786,-0.594841643,-0.658766719,1.088602382,0,0,0,0,0,0,0,0,0,0,0,0,0,0,0,0,0,0,0,0,0,0,0,0,0,0,0,0,0,0,0,0,0,0,0,0,0,0,0,0,0,0,0,0,0,1,0,0,0,0,0
-0.720443036,415,0,0,-0.591781216,0.004217646,2.25682646,0.664455552,1.366853627,1.736626578,1.366206189,0.820152919,-0.414877644,0.818299796,0.199410441,3.485464078,0.204068889,-0.432980172,0,0,0,0,0,0,0,0,0,0,0,0,0,0,0,0,0,0,0,0,0,0,0,0,0,0,0,0,0,0,0,0,1,0,0,0,0,0,0,0,0,0,0,0,0,0,0,0,0,0,0
0.139387187,408,0,0,-0.591781216,0.004217646,-1.335451341,-0.40370064,-2.74752199,1.935294899,-2.746519139,-0.052509133,0.152167457,-0.053678469,-0.015621635,-0.186811071,-0.021595808,-0.432980172,0,0,0,0,0,0,0,0,0,0,0,0,0,0,0,0,0,0,0,0,0,0,0,0,0,0,0,0,0,0,0,0,0,0,1,0,0,0,0,0,0,0,0,0,0,0,0,0,0,0,0
1.650603943,510,0,0,-0.591781216,-0.376472561,0.536580753,-0.367530271,-0.754810195,1.289622856,-0.755343764,-0.285491508,0.616113449,-0.285297695,-0.445685785,-0.594841643,-0.446376416,-0.432980172,0,0,0,0,0,0,0,0,0,0,0,0,0,0,0,0,0,0,0,0,0,0,0,0,0,0,0,0,0,0,0,0,0,0,0,0,0,0,0,0,0,0,0,0,0,0,0,0,0,0,1
-1.293663185,408,0,0,-0.591781216,1.039773907,0.435389829,1.012595347,-0.267210343,-0.250056632,-0.267031708,0.615782415,0.358365676,0.61392989,-0.409847106,-0.594841643,-0.406553234,-0.432980172,0,0,0,0,0,0,0,0,0,0,0,0,0,0,0,0,0,0,0,0,0,0,0,0,0,0,0,0,0,0,0,0,0,0,0,0,0,0,0,0,0,0,0,0,0,0,0,1,0,0,0
0.165442648,415,0,0,-0.591781216,-0.905099376,-0.778901259,-0.881827697,-0.406236747,-0.299723713,-0.406888073,-1.816226582,0.770762113,-1.815801212,-0.481524464,-0.186811071,-0.486199598,-1.19377145,0,0,0,0,0,1,0,0,0,0,0,0,0,0,0,0,0,0,0,0,0,0,0,0,0,0,0,0,0,0,0,0,0,0,0,0,0,0,0,0,0,0,0,0,0,0,0,0,0,0,0
0.764718258,415,0,0,-0.591781216,-0.054956998,0.435389829,-0.05443052,-2.215594878,0.19694709,-2.215539039,0.754754357,-1.600517401,0.754718047,-0.266492389,-1.002872215,-0.2605349,-0.432980172,0,0,0,0,0,0,0,0,0,0,0,0,0,0,0,0,0,0,0,0,0,0,0,0,0,0,0,0,0,0,0,0,0,0,0,0,0,0,0,0,0,0,0,1,0,0,0,0,0,0,0
-0.538054807,408,0,0,-0.591781216,0.595964081,-1.335451341,0.579681251,-0.112064935,-1.144064077,-0.112952661,0.145730256,0.976960331,0.146149883,-0.517363143,-0.186811071,-0.512748386,0.327811105,0,0,0,0,0,0,0,0,0,0,0,0,0,0,0,0,0,1,0,0,0,0,0,0,0,0,0,0,0,0,0,0,0,0,0,0,0,0,0,0,0,0,0,0,0,0,0,0,0,0,0
-0.173278349,415,0,0,-0.591781216,-0.832117315,0.890748986,-0.810617284,0.051139974,-0.597726194,0.050608174,-1.043706077,1.595554987,-1.043737123,1.1312161,-1.002872215,1.133276468,-1.19377145,0,0,0,0,0,0,0,0,0,0,0,0,0,0,0,0,0,0,0,0,0,0,0,0,0,0,1,0,0,0,0,0,0,0,0,0,0,0,0,0,0,0,0,0,0,0,0,0,0,0,0
0.452052722,408,0,1,1.093930254,2.166064622,-2.448551505,2.110139963,-0.686304431,0.544616652,-0.686600804,-1.675210934,-0.621075863,-1.675013055,-0.266492389,-0.186811071,-0.2605349,-0.432980172,0,0,0,0,0,0,0,0,0,0,0,0,0,0,0,0,0,0,0,0,0,0,0,0,0,0,0,0,0,0,0,0,0,0,0,0,1,0,0,0,0,0,0,0,0,0,0,0,0,0,0
0.425997261,415,0,1,1.093930254,0.363210483,-0.728305797,0.353616448,-0.476757387,-0.697060355,-0.475631033,-0.42037604,-0.414877644,-0.421544299,-1.234136727,0.629250074,-1.22956566,-0.432980172,0,0,0,0,0,0,0,0,0,0,0,0,0,0,0,0,0,0,0,0,1,0,0,0,0,0,0,0,0,0,0,0,0,0,0,0,0,0,0,0,0,0,0,0,0,0,0,0,0,0,0
-0.59016573,415,0,0,-0.591781216,-0.591473765,0.941344448,-0.576640213,-0.371983865,0.743284973,-0.37133137,1.235025041,1.337807214,1.236122714,-0.194815031,1.445311218,-0.19416293,-1.19377145,0,0,0,0,0,0,0,0,0,0,0,0,0,0,0,0,0,0,0,0,0,0,0,0,0,0,0,0,0,0,0,0,0,0,0,0,0,0,0,0,0,0,1,0,0,0,0,0,0,0,0
0.790773719,510,1,1,1.313805663,2.233129217,0.030626133,2.174568432,-0.019380665,-0.150722472,-0.020505233,1.108315329,1.389356769,1.108959217,1.274570817,1.037280646,1.279294801,1.849393659,1,0,0,0,0,0,0,0,0,0,0,0,0,0,0,0,0,0,0,0,0,1,0,0,0,0,0,0,0,0,0,0,0,0,0,0,0,0,0,0,0,0,0,0,0,0,0,0,0,0,0
-0.980997649,408,0,0,-0.591781216,0.004217646,-1.841405961,-1.858427643,-0.476757387,0.29628125,-0.475631033,0.912119645,-0.569526308,0.913672418,0.987861383,-0.594841643,0.987258134,-1.19377145,0,0,0,0,0,0,0,1,0,0,0,0,0,0,0,0,0,0,0,0,0,0,0,0,0,0,0,0,0,0,0,0,0,0,0,0,0,0,0,0,0,0,0,0,0,0,0,0,0,0,0
-1.241552263,415,0,1,1.167222057,-0.67037329,2.307421922,-0.653502246,0.399713423,1.786293658,0.399063864,0.997955257,-0.208679425,0.999961934,1.023700062,0.221219501,1.027081316,1.088602382,0,0,0,0,0,0,0,0,0,0,0,0,0,0,0,0,0,0,0,0,0,0,0,1,0,0,0,0,0,0,0,0,0,0,0,0,0,0,0,0,0,0,0,0,0,0,0,0,0,0,0
-1.007053111,408,0,0,-0.591781216,0.051557361,0.030626133,0.049559289,2.569734255,-0.349390793,2.570393202,0.89781371,1.595554987,0.900047758,0.342765158,-1.410902787,0.336812829,0.327811105,0,0,0,0,0,0,0,0,1,0,0,0,0,0,0,0,0,0,0,0,0,0,0,0,0,0,0,0,0,0,0,0,0,0,0,0,0,0,0,0,0,0,0,0,0,0,0,0,0,0,0
-0.095111965,415,0,0,-0.591781216,0.755735618,-0.728305797,0.735665964,-0.335716107,-0.299723713,-0.335774667,0.805846983,0.51301434,0.804675135,-1.377491444,1.445311218,-1.375583994,1.088602382,0,0,0,0,0,0,0,0,0,0,0,0,0,0,0,0,0,0,0,0,1,0,0,0,0,0,0,0,0,0,0,0,0,0,0,0,0,0,0,0,0,0,0,0,0,0,0,0,0,0,0
0.113331725,510,0,0,-0.591781216,-0.770970184,0.435389829,-0.751840435,-0.44451938,-2.435408164,-0.444815223,0.325576299,-0.878823636,0.323270468,-1.234136727,-0.594841643,-1.22956566,0.327811105,0,0,0,0,0,0,0,0,0,0,0,0,0,0,0,0,0,0,0,0,0,0,1,0,0,0,0,0,0,0,0,0,0,0,0,0,0,0,0,0,0,0,0,0,0,0,0,0,0,0,0
-0.016945581,415,0,0,-0.591781216,-0.532299122,0.233007981,-0.518993689,1.14521733,-0.995062836,1.14575463,-0.060683953,-0.363328089,-0.062761576,-0.302331068,-0.186811071,-0.300358082,-0.432980172,0,0,0,0,0,0,0,0,0,0,0,0,0,0,0,0,0,0,0,0,0,0,0,0,0,0,0,0,0,0,0,0,0,0,0,0,0,0,0,0,0,0,0,0,0,0,0,1,0,0,0
-0.902831266,415,0,1,2.046723694,-1.439643655,-1.234260417,-1.402907066,0.184121752,-1.144064077,0.183353199,-0.218049241,0.873861222,-0.217174393,0.66531327,-1.002872215,0.668672678,-0.432980172,0,0,0,0,0,0,0,0,0,0,0,0,0,0,0,0,0,0,0,0,0,0,0,0,1,0,0,0,0,0,0,0,0,0,0,0,0,0,0,0,0,0,0,0,0,0,0,0,0,0,0
-1.632384182,415,0,0,-0.591781216,0.290228423,-0.323542101,0.282406036,-0.281314471,-0.250056632,-0.281254389,0.454329717,-0.517976753,0.454975519,0.199410441,0.221219501,0.204068889,1.088602382,0,0,0,0,0,0,0,0,0,0,0,0,0,0,0,0,0,0,0,0,0,0,0,0,0,0,0,0,0,0,0,0,0,0,0,0,0,1,0,0,0,0,0,0,0,0,0,0,0,0,0
-0.016945581,510,0,0,-0.591781216,0.004217646,-0.272946639,0.656543284,-0.982491118,-1.491733639,-0.982906664,1.206413171,1.234708105,1.20433184,0.70115195,0.221219501,0.695221466,1.088602382,0,0,0,0,0,0,0,0,0,0,0,0,0,0,0,0,0,0,0,0,1,0,0,0,0,0,0,0,0,0,0,0,0,0,0,0,0,0,0,0,0,0,0,0,0,0,0,0,0,0,0
-0.043001042,510,0,0,-0.591781216,0.739955713,0.587176215,0.719841428,0.927610784,-0.548059114,0.927673517,0.511553458,-0.569526308,0.50947416,1.991344401,1.037280646,1.996112076,1.088602382,0,0,0,0,0,0,0,0,0,0,0,0,0,0,0,0,0,0,0,0,0,0,0,0,0,0,0,0,0,0,0,0,0,0,0,0,0,0,0,1,0,0,0,0,0,0,0,0,0,0,0
1.129494716,510,1,0,-0.591781216,0.469724841,-0.019969329,0.457606257,0.945744663,0.14728001,0.946637092,-0.138344745,-0.311778535,-0.139967985,0.593635912,2.669402934,0.589026314,-1.19377145,0,0,0,1,0,0,0,0,0,0,0,0,0,0,0,0,0,0,0,0,0,0,0,0,0,0,0,0,0,0,0,0,0,0,0,0,0,0,0,0,0,0,0,0,0,0,0,0,0,0,0
-0.485943885,415,0,1,1.167222057,-0.482986919,1.548489992,-0.47152008,0.883283525,0.29628125,0.882635027,-1.607768668,-1.652066956,-1.606889753,0.163571761,-0.594841643,0.164245707,-0.432980172,0,0,0,0,0,0,0,0,0,0,0,0,0,0,0,0,0,0,0,0,0,0,0,0,0,0,0,0,0,0,0,0,0,0,0,0,0,0,1,0,0,0,0,0,0,0,0,0,0,0,0
-0.381722039,408,0,1,1.680264679,-0.238398392,1.953253688,-0.233021714,-1.766277659,0.892286214,-1.765154133,0.936644106,1.080059441,0.936380186,0.70115195,0.629250074,0.695221466,-0.432980172,0,0,0,1,0,0,0,0,0,0,0,0,0,0,0,0,0,0,0,0,0,0,0,0,0,0,0,0,0,0,0,0,0,0,0,0,0,0,0,0,0,0,0,0,0,0,0,0,0,0,0
-0.79860942,510,1,0,-0.591781216,0.927342084,-0.121160253,0.902953918,0.552843955,0.743284973,0.553142911,-2.613271547,-0.363328089,-2.615114621,2.636440627,-0.186811071,2.633282987,0.327811105,1,0,0,0,0,0,0,0,0,1,0,0,0,0,0,0,0,0,0,0,0,0,0,0,0,0,0,0,0,0,0,0,0,0,0,0,0,0,0,0,0,0,0,0,0,0,0,0,0,0,0
-0.19933381,415,0,0,-0.591781216,-0.007617283,-0.374137563,-0.008087235,-0.44451938,-0.101055392,-0.444815223,0.493160112,1.595554987,0.491307947,0.450281195,0.629250074,0.456282375,1.088602382,0,0,0,0,0,0,0,0,0,0,0,0,0,0,0,0,0,0,1,0,0,0,0,0,0,0,0,0,0,0,0,0,0,0,0,0,0,0,0,0,0,0,0,0,0,0,0,0,0,0,0
-0.19933381,415,0,0,-0.591781216,-0.557941467,-0.576519411,-0.543860817,-0.287359097,-1.193731157,-0.288365729,-0.583872443,1.028509886,-0.585040224,0.23524912,-0.594841643,0.230617677,-1.19377145,0,0,0,0,0,0,0,0,0,1,0,0,0,0,0,0,0,0,0,0,0,0,0,0,0,0,0,0,0,0,0,0,0,0,0,0,0,0,0,0,0,0,0,0,0,0,0,0,0,0,0
0.504163645,415,0,0,-0.591781216,0.006190134,-1.031878569,0.005476653,0.474263814,-0.895728676,0.474918164,1.314729538,-0.466427199,1.313329123,-1.986748991,1.037280646,-1.986206117,1.088602382,0,0,0,0,0,0,0,0,0,1,0,0,0,0,0,0,0,0,0,0,0,0,0,0,0,0,0,0,0,0,0,0,0,0,0,0,0,0,0,0,0,0,0,0,0,0,0,0,0,0,0
0.921051026,415,0,0,-0.591781216,1.390876792,1.042535372,1.353953199,1.338645371,0.892286214,1.337760827,-1.023269027,0.719212558,-1.021029356,0.987861383,-1.002872215,0.987258134,-0.432980172,1,0,0,0,0,0,0,0,0,0,0,0,0,0,0,0,0,0,0,0,1,0,0,0,0,0,0,0,0,0,0,0,0,0,0,0,0,0,0,0,0,0,0,0,0,0,0,0,0,0,0
0.139387187,415,0,0,-0.591781216,0.854360024,1.042535372,0.831743505,-1.824709046,-0.101055392,-1.824415304,-0.252792227,0.358365676,-0.253506821,-1.12662069,3.077433506,-1.123370509,-1.19377145,0,1,0,0,0,0,0,0,0,0,0,0,0,0,0,0,0,0,0,0,0,0,0,0,0,0,0,0,0,0,0,0,0,0,0,0,0,0,0,0,0,0,0,0,0,0,0,0,0,0,0
-0.511999346,415,0,0,-0.591781216,0.077199706,0.789558062,0.074426417,-0.96838699,-0.101055392,-0.968683983,0.227478457,-0.054030762,0.227897846,0.70115195,0.629250074,0.695221466,1.088602382,0,0,0,0,0,0,0,0,0,0,0,0,0,0,0,0,0,0,0,0,0,0,0,0,0,0,0,0,0,0,0,0,0,0,0,0,0,0,0,0,0,0,0,0,0,0,0,1,0,0,0
0.686551874,408,0,1,1.020638451,-0.269958202,0.688367139,-0.263540462,-0.527129272,0.14728001,-0.527780864,0.895770005,-1.652066956,0.895506205,-0.015621635,0.629250074,-0.021595808,-0.432980172,0,0,0,0,0,0,0,0,0,0,0,0,0,0,0,0,0,0,0,0,0,0,0,0,0,0,0,0,0,0,0,0,0,0,0,0,0,0,0,0,0,0,1,0,0,0,0,0,0,0,0
-1.710550566,408,0,0,-0.591781216,-0.599363718,0.637771677,-0.584552482,0.83694139,1.090954535,0.837596536,-0.547085753,0.203717012,-0.548707796,-0.481524464,0.629250074,-0.486199598,0.327811105,0,0,0,0,0,0,0,0,0,0,0,0,0,0,0,0,0,0,0,0,0,1,0,0,0,0,0,0,0,0,0,0,0,0,0,0,0,0,0,0,0,0,0,0,0,0,0,0,0,0,0
-0.329611117,408,0,0,-0.591781216,-2.254281247,-0.171755715,-2.196394522,-0.654066424,-1.193731157,-0.653414548,0.713880257,0.667663003,0.713844066,1.274570817,-1.410902787,1.279294801,0.327811105,0,0,0,0,0,0,0,0,0,0,0,0,0,0,0,0,0,0,0,0,0,0,0,0,0,0,0,0,0,0,0,0,0,0,0,0,1,0,0,0,0,0,0,0,0,0,0,0,0,0,0
0.582330029,415,0,0,-0.591781216,0.536789437,-0.778901259,0.522034726,0.887313276,-1.094396997,0.88737592,0.417543026,1.85330276,0.418643091,-0.911588615,-1.002872215,-0.910980205,1.088602382,0,0,0,0,0,0,0,0,0,0,0,0,0,0,0,0,0,0,0,0,0,0,0,0,1,0,0,0,0,0,0,0,0,0,0,0,0,0,0,0,0,0,0,0,0,0,0,0,0,0,0
0.660496413,408,0,1,1.387097466,0.128484397,-1.133069493,0.124160674,-0.222883083,-0.846061596,-0.221993217,-2.545829281,2.007951424,-2.546991319,-0.23065371,-0.594841643,-0.233986112,0.327811105,0,0,0,0,0,0,0,0,0,0,0,0,1,0,0,0,0,0,0,0,0,0,0,0,0,0,0,0,0,0,0,0,0,0,0,0,0,0,0,0,0,0,0,0,0,0,0,0,0,0,0
0.087276264,415,0,1,1.093930254,1.982623227,1.801467302,1.930418445,0.399713423,-0.399057873,0.399063864,-1.311431437,0.100617902,-1.311688778,1.095377421,-0.594841643,1.093453286,1.849393659,0,0,0,0,0,0,0,0,0,0,0,0,0,0,0,0,0,0,0,0,0,0,0,0,0,0,0,0,0,0,0,0,0,0,0,0,0,0,0,0,0,0,0,0,0,1,0,0,0,0,0
-0.19933381,408,1,0,-0.591781216,2.609874448,0.435389829,2.541923735,-1.435838089,-0.001721231,-1.435662017,0.337838529,-1.342769628,0.336895129,0.091894403,-1.002872215,0.097873737,-1.19377145,1,0,0,0,0,0,0,0,0,0,0,0,0,0,0,0,0,0,0,0,1,0,0,0,0,0,0,0,0,0,0,0,0,0,0,0,0,0,0,0,0,0,0,0,0,0,0,0,0,0,0
-0.980997649,415,1,1,2.046723694,0.380962876,0.485985291,0.370571309,1.826245223,0.544616652,1.826072883,-0.070902478,-0.414877644,-0.071844683,0.271087799,0.629250074,0.270440859,-0.432980172,0,0,0,0,0,0,0,0,0,0,0,0,0,0,0,0,0,0,0,0,0,0,0,0,0,0,0,0,0,0,0,0,0,0,0,1,0,0,0,0,0,0,0,0,0,0,0,0,0,0,0
-0.016945581,415,0,0,-0.591781216,0.004217646,-0.222351177,0.449693989,0.329192783,1.289622856,0.330320905,-0.41220122,1.131608995,-0.412461192,1.167054779,-1.002872215,1.173099649,1.088602382,0,0,0,0,0,0,0,0,0,0,0,0,0,0,0,0,0,0,0,0,0,0,0,0,0,0,0,0,0,0,0,0,0,0,0,0,1,0,0,0,0,0,0,0,0,0,0,0,0,0,0
-1.241552263,415,0,0,-0.591781216,0.004217646,-0.171755715,-0.20928491,0.395683672,-0.647393275,0.396693417,-0.95582676,0.667663003,-0.957447608,0.23524912,-1.002872215,0.230617677,-1.19377145,0,0,0,0,0,0,0,0,0,0,0,0,0,0,0,0,0,0,0,0,0,0,0,0,0,0,0,0,0,0,0,0,0,1,0,0,0,0,0,0,0,0,0,0,0,0,0,0,0,0,0
-0.225389272,415,1,0,-0.591781216,-0.129911546,2.00384915,-0.126771257,0.798658757,0.24661417,0.799669386,0.656656515,0.873861222,0.654803871,-0.445685785,0.221219501,-0.446376416,-0.432980172,0,0,0,0,0,0,0,0,0,0,0,0,0,1,0,0,0,0,0,0,0,0,0,0,0,0,0,0,0,0,0,0,0,0,0,0,0,0,0,0,0,0,0,0,0,0,0,0,0,0,0
0.243609032,408,0,1,2.339890906,0.451972448,0.131817057,0.439521073,-1.649414884,1.388957016,-1.649002236,0.691399501,-0.105580316,0.691136299,-0.445685785,1.85334179,-0.446376416,0.327811105,0,0,0,0,0,0,0,0,0,0,0,0,0,0,0,0,0,0,0,0,0,0,0,0,0,0,0,0,0,0,0,0,0,0,0,0,0,0,0,0,0,1,0,0,0,0,0,0,0,0,0
0.243609032,408,0,0,-0.591781216,-2.074784829,0.840153524,-2.021194301,0.002782964,-0.101055392,0.003199236,-0.181262551,0.049068348,-0.180841966,-0.158976351,1.037280646,-0.154339748,1.088602382,0,0,0,0,0,0,0,0,0,0,0,0,0,0,1,0,0,0,0,0,0,0,0,0,0,0,0,0,0,0,0,0,0,0,0,0,0,0,0,0,0,0,0,0,0,0,0,0,0,0,0
-0.720443036,415,0,0,-0.591781216,0.246833684,-0.728305797,0.239453723,-0.646006922,0.792952053,-0.646303208,-1.252163991,-0.672625417,-1.252648583,-0.302331068,0.629250074,-0.300358082,-0.432980172,0,1,0,0,0,0,0,0,0,0,0,0,0,0,0,0,0,0,0,0,0,0,0,0,0,0,0,0,0,0,0,0,0,0,0,0,0,0,0,0,0,0,0,0,0,0,0,0,0,0,0
0.973161949,510,0,0,-0.591781216,0.799130357,-0.576519411,0.777487953,-2.263951888,1.239955775,-2.262947976,-0.117907694,-1.085021854,-0.117260217,0.952022704,0.221219501,0.947434952,-1.19377145,0,0,0,0,0,0,0,0,0,0,0,0,0,0,0,0,0,0,0,0,0,0,0,0,0,0,0,0,0,0,0,1,0,0,0,0,0,0,0,0,0,0,0,0,0,0,0,0,0,0,0
0.947106487,415,1,0,-0.591781216,-0.87945703,-0.272946639,-0.856960568,-1.341138944,0.097612929,-1.340844142,0.450242306,-0.981922745,0.450433965,0.736990629,-1.002872215,0.735044648,0.327811105,1,0,0,0,0,0,0,0,0,0,0,0,0,0,0,0,0,0,0,0,0,0,0,0,0,0,0,0,0,0,0,0,0,1,0,0,0,0,0,0,0,0,0,0,0,0,0,0,0,0,0
-1.684495105,415,0,0,-0.591781216,1.453996411,-1.183664955,1.41612102,-0.367954114,2.531299862,-0.368960923,1.527274862,0.152167457,1.526782136,-0.66071786,-1.002872215,-0.658766719,-0.432980172,0,0,0,0,0,0,0,0,0,0,0,0,0,0,0,1,0,0,0,0,0,0,0,0,0,0,0,0,0,0,0,0,0,0,0,0,0,0,0,0,0,0,0,0,0,0,0,0,0,0,0
-0.407777501,408,0,0,-0.591781216,0.893809786,-0.981283107,0.870174522,-0.478772262,-1.839403201,-0.478001479,-0.138344745,0.51301434,-0.139967985,-1.12662069,-1.002872215,-1.123370509,1.088602382,0,0,0,0,0,0,0,0,0,0,0,0,0,0,0,0,0,0,0,0,0,0,0,0,0,0,0,0,0,0,0,0,0,0,0,0,0,0,0,0,0,0,0,0,0,0,0,0,0,1,0
-2.049271563,408,0,0,-0.591781216,-1.368634083,0.334198905,-1.333957301,-0.688319306,-0.349390793,-0.688971251,0.025151658,-0.208679425,0.02352794,-0.266492389,0.221219501,-0.2605349,-1.19377145,0,0,0,0,0,0,0,0,0,0,0,0,0,0,0,0,0,0,0,0,0,0,0,0,0,0,0,0,0,0,0,0,0,0,0,0,0,0,0,0,1,0,0,0,0,0,0,0,0,0,0
0.165442648,415,0,1,2.120015497,-2.360795606,0.081221595,-2.300384332,-1.983884204,-0.995062836,-1.983235245,1.241156157,0.306816121,1.240664268,0.306926478,-0.594841643,0.310264041,-1.19377145,0,0,0,0,0,0,0,0,0,0,0,0,0,0,0,0,0,0,0,0,0,0,0,0,0,0,0,0,0,0,0,0,0,0,0,0,0,0,0,1,0,0,0,0,0,0,0,0,0,0,0
-1.293663185,510,0,0,-0.591781216,0.692615999,-0.323542101,0.674628468,-1.026818378,-2.087738602,-1.027945154,1.682596445,-1.755166065,1.681194953,-0.015621635,0.221219501,-0.021595808,-1.19377145,0,0,0,0,0,0,0,0,0,0,0,0,0,0,0,1,0,0,0,0,0,0,0,0,0,0,0,0,0,0,0,0,0,0,0,0,0,0,0,0,0,0,0,0,0,0,0,0,0,0,0
-0.016945581,415,0,1,1.533681072,-0.43959218,-0.070564791,-0.428567768,-1.667548763,-0.995062836,-1.667965811,1.596760833,-1.085021854,1.594905438,1.310409496,2.669402934,1.305843589,1.849393659,1,0,0,0,0,0,0,0,0,0,0,0,0,0,0,0,0,0,0,0,0,0,0,0,0,0,0,0,0,0,0,0,0,0,0,0,0,1,0,0,0,0,0,0,0,0,0,0,0,0,0
0.139387187,415,0,0,-0.591781216,0.556514319,-0.475328487,0.541250234,-0.577501158,0.445282491,-0.577560248,-0.189437371,2.214149643,-0.189925073,1.489602892,1.037280646,1.491685105,1.849393659,0,0,0,0,0,0,0,0,0,0,0,0,0,0,0,0,0,0,0,0,0,0,0,0,0,0,0,0,0,0,0,1,0,0,0,0,0,0,0,0,0,0,0,0,0,0,0,0,0,0,0
-0.485943885,408,0,0,-0.591781216,0.538761925,-0.525923949,0.524295374,0.649557976,-0.846061596,0.650331233,-0.585916148,0.40991523,-0.585040224,-0.409847106,1.445311218,-0.406553234,1.088602382,0,0,0,0,0,0,0,0,0,0,0,0,0,0,0,0,0,0,0,0,0,0,0,0,0,1,0,0,0,0,0,0,0,0,0,0,0,0,0,0,0,0,0,0,0,0,0,0,0,0,0
-0.016945581,415,1,0,-0.591781216,-0.709823052,0.840153524,-0.691933263,1.457523021,-0.895728676,1.458653617,-0.465337551,-0.981922745,-0.466959834,0.23524912,-0.594841643,0.230617677,-1.19377145,0,0,0,0,0,0,0,0,0,0,0,0,0,0,0,0,0,0,0,0,0,0,0,0,0,0,0,0,0,0,0,0,0,0,0,0,0,0,0,0,0,0,0,1,0,0,0,0,0,0,0
0.191498109,510,0,0,-0.591781216,-0.810419946,1.093130834,-0.790271452,-0.571456532,0.842619133,-0.570448908,0.623957235,-0.414877644,0.623012997,-0.158976351,-0.594841643,-0.154339748,-0.432980172,0,0,0,0,0,0,0,1,0,0,0,0,0,0,0,0,0,0,0,0,0,0,0,0,0,0,0,0,0,0,0,0,0,0,0,0,0,0,0,0,0,0,0,0,0,0,0,0,0,0,0
0.347830877,415,0,0,-0.591781216,-1.873591041,0.890748986,-1.825648247,0.992086798,-0.697060355,0.991675583,-0.15673809,-0.26022898,-0.158134198,1.525441571,1.445311218,1.531508287,-0.432980172,0,0,0,0,0,0,0,0,0,0,0,0,0,0,0,0,0,0,0,0,0,0,0,0,0,0,0,0,0,0,0,0,0,0,0,0,0,0,0,0,0,0,0,1,0,0,0,0,0,0,0
-1.085219495,510,0,0,-0.591781216,-0.482986919,-1.082474031,-0.47152008,0.697914986,1.140621615,0.697740171,-0.647227299,-1.0334723,-0.648621972,-0.553201823,-0.186811071,-0.552571568,-0.432980172,0,0,0,0,0,0,0,0,0,0,0,0,0,0,0,0,0,0,0,0,0,0,0,0,0,0,0,0,0,0,0,0,0,0,0,0,0,0,0,0,0,0,0,0,1,0,0,0,0,0,0
-1.99716064,510,0,1,1.24051386,-0.291655572,0.485985291,-0.285016618,0.174047375,0.24661417,0.173871411,0.615782415,-2.322211166,0.61392989,-1.269975407,1.85334179,-1.269388842,-0.432980172,0,0,0,0,0,0,0,0,0,0,0,0,0,0,0,0,0,0,0,0,0,0,0,1,0,0,0,0,0,0,0,0,0,0,0,0,0,0,0,0,0,0,0,0,0,0,0,0,0,0,0
1.311882946,408,0,0,-0.591781216,-0.891291959,-0.627114873,-0.868263808,-1.159800156,0.594283732,-1.160690179,0.466591947,-2.012913838,0.468600179,1.847989684,-1.410902787,1.850093742,-0.432980172,0,0,0,0,0,0,0,0,0,0,0,0,0,0,1,0,0,0,0,0,0,0,0,0,0,0,0,0,0,0,0,0,0,0,0,0,0,0,0,0,0,0,0,0,0,0,0,0,0,0,0
0.425997261,415,0,0,-0.591781216,-0.717713005,0.131817057,-0.699845531,0.214344884,0.395615411,0.214169008,-0.324321903,-0.208679425,-0.326171676,0.450281195,-0.594841643,0.456282375,-0.432980172,0,0,0,0,0,0,0,0,0,0,0,0,0,0,0,0,0,0,0,0,0,0,0,0,0,0,0,0,0,0,0,0,1,0,0,0,0,0,0,0,0,0,0,0,0,0,0,0,0,0,0
0.347830877,510,0,1,1.606972875,0.522982021,-1.082474031,0.508470838,1.195589216,-0.448724953,1.195534014,1.850180258,-0.878823636,1.849232432,0.414442516,0.629250074,0.416459193,-0.432980172,0,0,0,0,0,0,0,0,0,0,0,0,0,0,0,0,0,0,0,0,0,0,0,0,0,0,0,0,0,0,0,0,0,0,0,0,0,0,0,0,0,0,0,0,0,0,0,0,0,1,0
0.347830877,510,0,1,1.460389269,0.909589691,-0.323542101,0.885999058,-0.154377319,0.842619133,-0.153250258,0.640306875,-0.002481207,0.641179211,-0.66071786,1.85334179,-0.658766719,1.849393659,0,0,0,0,0,0,0,0,0,0,0,0,0,0,0,0,0,0,0,0,0,0,0,0,0,0,0,0,0,0,0,0,0,0,0,0,0,0,0,1,0,0,0,0,0,0,0,0,0,0,0
0.478108184,408,0,0,-0.591781216,-0.81633741,-0.576519411,-0.795923072,-0.607724289,-1.094396997,-0.608376058,1.284073962,-0.105580316,1.286079802,1.167054779,0.629250074,1.173099649,1.088602382,0,0,0,0,0,0,0,0,0,0,0,0,0,0,0,0,0,0,0,0,0,0,0,0,0,0,0,0,0,0,1,0,0,0,0,0,0,0,0,0,0,0,0,0,0,0,0,0,0,0,0
0.452052722,408,1,0,-0.591781216,-0.388307489,1.143726296,-0.378833511,-0.508995394,-0.200389552,-0.508817289,-0.332496723,-0.054030762,-0.33071323,-0.123137672,-0.594841643,-0.12779096,0.327811105,0,0,0,0,0,0,0,0,0,0,0,0,0,0,0,0,0,0,0,1,0,0,0,0,0,0,0,0,0,0,0,0,0,0,0,0,0,0,0,0,0,0,0,0,0,0,0,0,0,0,0
0.00910988,415,0,0,-0.591781216,0.530871973,0.233007981,0.516383106,0.488367942,0.842619133,0.489140846,0.997955257,-0.002481207,0.999961934,1.56128025,-0.594841643,1.558057075,-1.19377145,0,0,0,0,0,0,0,0,0,0,0,0,0,0,0,0,0,0,0,0,0,0,0,0,0,0,0,0,0,0,0,0,0,0,0,0,0,0,1,0,0,0,0,0,0,0,0,0,0,0,0
0.425997261,415,0,0,-0.591781216,-0.887346983,1.042535372,-0.864872836,-0.416311124,-0.846061596,-0.416369861,-0.003460212,0.203717012,-0.003721381,-0.911588615,-0.594841643,-0.910980205,-0.432980172,0,0,0,0,0,0,0,0,0,0,0,0,0,0,0,0,0,0,0,0,0,0,0,0,0,0,0,0,0,0,0,0,0,0,0,0,1,0,0,0,0,0,0,0,0,0,0,0,0,0,0
-1.345774108,415,0,1,1.460389269,0.684726046,-1.133069493,0.6667162,0.69590011,-0.001721231,0.695369724,0.104856155,0.358365676,0.105275902,-0.804072577,3.485464078,-0.804785053,1.088602382,0,1,0,0,0,0,0,0,0,0,0,0,0,0,0,0,0,0,0,0,0,0,0,0,0,0,0,0,0,0,0,0,0,0,0,0,0,0,0,0,0,0,0,0,0,0,0,0,0,0,0
0.99921741,415,0,0,-0.591781216,0.258668613,0.182412519,0.251887287,0.679781107,-0.200389552,0.678776596,0.043545004,0.049068348,0.041694154,0.987861383,-0.594841643,0.987258134,1.088602382,0,0,0,0,0,0,0,0,0,0,0,0,0,0,0,0,0,0,0,0,0,0,0,0,0,0,0,0,0,0,0,0,0,0,0,0,0,0,0,0,0,0,0,0,0,0,0,0,0,0,1
-0.225389272,408,0,1,1.460389269,-0.563858932,-0.525923949,-0.549512437,-0.118109561,-1.044729917,-0.117693554,0.779278818,0.719212558,0.777425815,-0.087298993,-0.594841643,-0.087967778,-0.432980172,0,0,0,0,0,0,0,0,0,0,0,0,0,0,0,0,0,0,0,0,0,0,0,0,0,0,0,0,0,0,0,0,0,0,0,0,0,0,1,0,0,0,0,0,0,0,0,0,0,0,0
1.233716562,510,1,0,-0.591781216,0.773488011,-0.627114873,0.752620825,0.147853995,-0.746727435,0.147796496,0.045588709,-0.054030762,0.046235707,0.306926478,-0.186811071,0.310264041,-1.19377145,0,0,0,0,0,0,0,0,0,0,0,1,0,0,0,0,0,0,0,0,0,0,0,0,0,0,0,0,0,0,0,0,0,0,0,0,0,0,0,0,0,0,0,0,0,0,0,0,0,0,0
0.790773719,415,0,1,1.24051386,0.256696125,-0.778901259,0.249626639,0.508516696,0.24661417,0.508104421,1.085834574,-2.116012947,1.08625145,0.23524912,0.629250074,0.230617677,0.327811105,0,1,0,0,0,0,0,0,0,0,0,0,0,0,0,0,0,0,0,0,0,0,0,0,0,0,0,0,0,0,0,0,0,0,0,0,0,0,0,0,0,0,0,0,0,0,0,0,0,0,0
1.181605639,510,1,0,-0.591781216,0.487477234,1.75087184,0.474561118,0.371505167,-0.498392034,0.370618502,0.442067486,0.719212558,0.441350858,0.091894403,0.629250074,0.097873737,1.088602382,0,0,0,0,0,0,0,0,0,0,0,0,0,0,0,0,0,0,0,0,0,0,0,0,0,0,0,0,0,0,0,0,0,0,0,0,0,0,0,0,0,0,0,0,0,0,1,0,0,0,0
-1.371829569,415,0,1,2.120015497,0.631468867,0.7389626,0.614721295,-0.821301084,-0.796394515,-0.821716276,-1.164284674,-1.0334723,-1.166359067,0.70115195,-1.410902787,0.695221466,-0.432980172,0,0,0,0,0,0,0,0,0,0,0,0,0,0,0,0,0,0,0,0,0,0,0,0,0,0,0,0,0,0,0,0,0,0,0,0,0,0,0,0,0,0,0,0,0,0,0,0,0,0,0
-0.381722039,415,0,1,1.460389269,0.82674519,-1.335451341,0.804615729,1.767813836,-0.001721231,1.766811711,0.801759573,0.255266566,0.800133582,-0.445685785,-1.002872215,-0.446376416,-0.432980172,0,0,0,0,0,0,0,0,0,0,0,0,0,0,0,0,0,0,0,0,0,0,1,0,0,0,0,0,0,0,0,0,0,0,0,0,0,0,0,0,0,0,0,0,0,0,0,0,0,0,0
-0.772553959,415,0,0,-0.591781216,0.359265507,0.384794367,0.349095152,-0.386087993,0.445282491,-0.385554051,1.641722344,-2.270661611,1.640320972,-1.269975407,0.221219501,-1.269388842,1.088602382,0,0,0,0,0,0,0,0,1,0,0,0,0,0,0,0,0,0,0,0,0,0,0,0,0,0,0,0,0,0,0,0,0,0,0,0,0,0,0,0,0,0,0,0,0,0,0,0,0,0,0
0.947106487,510,0,0,-0.591781216,0.526926997,1.093130834,0.512992134,-1.464046345,0.097612929,-1.464107379,-0.134257335,-0.827274081,-0.135426431,-0.517363143,0.221219501,-0.512748386,0.327811105,0,0,0,0,0,0,0,0,0,0,0,0,0,0,0,0,0,0,0,0,0,0,1,0,0,0,0,0,0,0,0,0,0,0,0,0,0,0,0,0,0,0,0,0,0,0,0,0,0,0,0
0.947106487,408,0,0,-0.591781216,0.517064556,-0.627114873,0.502819218,0.174047375,-0.697060355,0.173871411,1.815437273,-0.827274081,1.817441557,1.525441571,-0.186811071,1.531508287,0.327811105,0,0,0,0,0,0,0,0,0,0,0,0,0,0,0,0,1,0,0,0,0,0,0,0,0,0,0,0,0,0,0,0,0,0,0,0,0,0,0,0,0,0,0,0,0,0,0,0,0,0,0
1.728770326,510,0,0,-0.591781216,0.550596854,-0.627114873,0.535598614,-1.375391826,-1.839403201,-1.376400845,1.106271624,-0.105580316,1.104417664,1.382086854,0.221219501,1.385489953,-1.19377145,0,1,0,0,0,0,0,0,0,0,0,0,0,0,0,0,0,0,0,0,0,0,0,0,0,0,0,0,0,0,0,0,0,0,0,0,0,0,0,0,0,0,0,0,0,0,0,0,0,0,0
0.816829181,510,0,0,-0.591781216,0.004217646,0.485985291,-1.540806596,-1.441882715,-0.995062836,-1.442773358,-1.552588632,1.234708105,-1.552391111,-0.194815031,-0.594841643,-0.19416293,-1.19377145,0,0,0,0,0,0,0,0,0,0,0,0,0,0,0,0,0,0,0,0,0,0,0,0,0,0,0,0,0,1,0,0,0,0,0,0,0,0,0,0,0,0,0,0,0,0,0,0,0,0,0
-0.173278349,510,0,0,-0.591781216,-0.051012021,0.587176215,-0.049909224,-0.134228565,0.594283732,-0.134286683,-1.111148343,0.40991523,-1.111860425,-1.55668484,-0.186811071,-1.56142551,-0.432980172,0,0,0,0,0,0,0,0,0,0,0,0,0,0,0,0,0,0,0,0,0,0,0,0,0,0,0,0,0,0,0,0,0,0,0,0,0,0,0,0,0,0,0,0,0,0,0,0,1,0,0
-0.121167426,510,0,1,0.727471239,-0.137801498,-0.728305797,-0.134683525,-1.355243072,0.643950812,-1.355066823,1.194150941,-1.548967846,1.195248733,-0.158976351,-0.594841643,-0.154339748,-0.432980172,0,0,0,0,0,0,0,0,0,0,0,0,0,0,0,0,0,0,0,0,0,0,0,0,0,0,0,0,0,0,0,0,0,0,0,0,0,0,0,0,0,0,0,0,0,0,0,0,1,0,0
1.702714865,510,0,0,-0.591781216,0.004217646,0.7389626,0.470039822,-0.418325999,2.580966942,-0.418740308,0.321488889,0.461464785,0.323270468,-0.266492389,0.221219501,-0.2605349,-0.432980172,0,0,0,0,0,0,0,0,0,0,0,0,0,0,0,1,0,0,0,0,0,0,0,0,0,0,0,0,0,0,0,0,0,0,0,0,0,0,0,0,0,0,0,0,0,0,0,0,0,0,0
-0.016945581,415,0,0,-0.591781216,-1.85386616,-0.880092183,-1.806432738,0.947759538,-1.64073488,0.946637092,-1.19902766,-0.775724527,-1.198149941,-0.051460314,0.221219501,-0.048144596,0.327811105,0,0,0,0,0,0,0,1,0,0,0,0,0,0,0,0,0,0,0,0,0,0,0,0,0,0,0,0,0,0,0,0,0,0,0,0,0,0,0,0,0,0,0,0,0,0,0,0,0,0,0
-1.684495105,415,0,0,-0.591781216,-0.435647204,0.840153524,-0.425176796,-0.329671481,-2.087738602,-0.328663326,0.803803278,-0.054030762,0.804675135,0.593635912,-1.410902787,0.589026314,-1.19377145,0,0,1,0,0,0,0,0,0,0,0,0,0,0,0,0,0,0,0,0,0,0,0,0,0,0,0,0,0,0,0,0,0,0,0,0,0,0,0,0,0,0,0,0,0,0,0,0,0,0,0
0.321775416,415,0,0,-0.591781216,0.706423415,1.447299068,0.688192356,0.363445665,0.842619133,0.363507161,0.1232495,-0.466427199,0.123442116,-1.305814086,1.85334179,-1.309212024,1.849393659,0,0,0,0,0,0,0,0,0,0,0,0,0,0,0,0,0,0,0,0,0,1,0,0,0,0,0,0,0,0,0,0,0,0,0,0,0,0,0,0,0,0,0,0,0,0,0,0,0,0,0
-0.876775804,415,0,0,-0.591781216,-0.15752638,-1.031878569,-0.153899033,-1.81866442,-0.945395756,-1.819674411,-0.115863989,0.564563894,-0.117260217,0.593635912,-0.186811071,0.589026314,0.327811105,0,0,0,0,0,0,0,0,0,0,0,0,0,0,0,0,0,0,0,0,1,0,0,0,0,0,0,0,0,0,0,0,0,0,0,0,0,0,0,0,0,0,0,0,0,0,0,0,0,0,0
1.494271175,415,0,0,-0.591781216,-0.427757252,0.283603443,-0.417264528,1.850423729,0.693617893,1.849777352,0.818109214,-0.569526308,0.818299796,-0.409847106,-0.186811071,-0.406553234,-0.432980172,0,0,0,0,0,0,0,0,0,0,0,0,1,0,0,0,0,0,0,0,0,0,0,0,0,0,0,0,0,0,0,0,0,0,0,0,0,0,0,0,0,0,0,0,0,0,0,0,0,0,0
0.921051026,510,0,0,-0.591781216,-1.729599408,0.840153524,-1.685488069,1.066637188,-1.144064077,1.067529883,0.266308853,-0.517976753,0.264230273,0.020217045,2.261372362,0.018227373,-0.432980172,0,0,0,1,0,0,0,0,0,0,0,0,0,0,0,0,0,0,0,0,0,0,0,0,0,0,0,0,0,0,0,0,0,0,0,0,0,0,0,0,0,0,0,0,0,0,0,0,0,0,0
2.484378704,415,0,0,-0.591781216,1.071333717,0.435389829,1.043114096,0.984027296,0.693617893,0.984564242,-0.571610213,-1.548967846,-0.571415563,-0.409847106,0.221219501,-0.406553234,0.327811105,0,0,0,0,0,0,0,0,0,0,0,0,0,0,0,0,0,0,0,0,0,0,0,0,1,0,0,0,0,0,0,0,0,0,0,0,0,0,0,0,0,0,0,0,0,0,0,0,0,0,0
-0.016945581,415,0,0,-0.591781216,1.822851689,0.536580753,1.775564055,1.366853627,0.892286214,1.366206189,0.260177738,0.255266566,0.25968872,-0.624879181,2.261372362,-0.618943537,-0.432980172,1,0,0,0,0,0,0,0,0,0,0,0,0,0,0,0,0,0,0,0,0,0,0,0,0,0,0,0,0,0,0,0,0,0,0,0,0,0,0,0,0,0,0,0,0,0,1,0,0,0,0
0.295719955,510,0,0,-0.591781216,0.004217646,0.030626133,0.282406036,-0.208778955,-0.895728676,-0.207770536,-0.361108594,0.358365676,-0.362504104,0.414442516,-1.002872215,0.416459193,-1.19377145,0,0,0,0,0,0,0,0,0,0,0,0,0,0,0,0,0,0,0,0,0,0,0,0,0,0,0,0,0,0,0,0,0,0,0,0,0,0,0,1,0,0,0,0,0,0,0,0,0,0,0
2.823099701,415,0,0,-0.591781216,0.937204525,1.396703606,0.91199651,1.163351209,-0.399057873,1.162347758,-0.359064889,-1.342769628,-0.357962551,-0.481524464,-0.186811071,-0.486199598,1.088602382,0,0,0,0,0,0,0,0,0,0,0,0,0,0,0,0,0,0,0,0,0,0,0,0,0,0,0,0,0,0,0,0,0,0,0,0,0,0,0,0,0,1,0,0,0,0,0,0,0,0,0
-1.007053111,415,0,0,-0.591781216,1.36128947,0.435389829,1.325695099,0.389639046,0.892286214,0.389582077,1.320860653,-1.136571409,1.32241223,1.059538742,-1.002872215,1.053630104,-0.432980172,1,0,0,0,0,0,0,0,0,0,0,0,0,0,0,0,0,0,0,0,0,0,0,1,0,0,0,0,0,0,0,0,0,0,0,0,0,0,0,0,0,0,0,0,0,0,0,0,0,0,0
0.243609032,415,0,1,2.1933073,1.116700944,0.081221595,1.087196732,-0.095945932,0.594283732,-0.096359533,-0.359064889,-0.930373191,-0.357962551,-0.194815031,0.629250074,-0.19416293,-0.432980172,0,0,0,0,0,0,0,0,0,0,0,0,0,0,0,0,0,0,0,0,0,0,0,0,0,0,0,0,0,0,0,0,0,0,0,0,0,0,0,0,0,0,0,1,0,0,0,0,0,0,0
-2.205604331,510,0,0,-0.591781216,0.511147092,-1.588428651,0.497167598,-0.627873044,-0.349390793,-0.627339633,0.388931155,-1.858265174,0.386852217,0.23524912,-0.594841643,0.230617677,-1.19377145,0,0,0,0,0,0,0,0,0,0,0,0,0,0,0,0,0,0,0,0,0,0,0,0,0,0,0,0,0,0,0,0,0,0,0,0,0,0,0,0,0,0,0,0,0,1,0,0,0,0,0
-0.720443036,408,0,0,-0.591781216,-1.688177158,1.801467302,-1.644796405,1.604608927,1.090954535,1.605621324,0.080331694,-1.188120964,0.082568135,-0.158976351,-0.186811071,-0.154339748,-1.19377145,0,0,0,0,0,0,0,0,0,0,0,0,0,0,0,0,0,0,0,1,0,0,0,0,0,0,0,0,0,0,0,0,0,0,0,0,0,0,0,0,0,0,0,0,0,0,0,0,0,0,0
0.712607335,408,0,0,-0.591781216,-1.074733354,-0.070564791,-1.047985326,0.095467234,0.345948331,0.095646664,1.089921984,0.564563894,1.090793003,3.102343456,-1.002872215,3.097886776,-1.19377145,0,0,0,0,0,0,0,0,0,0,0,0,0,1,0,0,0,0,0,0,0,0,0,0,0,0,0,0,0,0,0,0,0,0,0,0,0,0,0,0,0,0,0,0,0,0,0,0,0,0,0
-1.606328721,408,0,0,-0.591781216,-2.352905653,2.914567466,-2.292472063,2.126461662,0.991620374,2.127119636,-1.577113092,-2.786157158,-1.575098878,0.772829308,-0.594841643,0.77486783,-0.432980172,0,0,0,0,0,0,0,0,0,0,0,0,0,0,0,0,0,0,0,1,0,0,0,0,0,0,0,0,0,0,0,0,0,0,0,0,0,0,0,0,0,0,0,0,0,0,0,0,0,0,0
0.061220803,415,0,1,1.460389269,-1.157577855,0.233007981,-1.128238331,1.40513626,-0.001721231,1.404133339,-0.829117048,-1.239670518,-0.830284111,-0.911588615,-0.186811071,-0.910980205,0.327811105,0,0,0,0,0,0,0,0,0,0,1,0,0,0,0,0,0,0,0,0,0,0,0,0,0,0,0,0,0,0,0,0,0,0,0,0,0,0,0,0,0,0,0,0,0,0,0,0,0,0,0
0.478108184,415,0,1,1.533681072,-1.220697474,-1.740215037,-1.189275828,1.131113202,0.693617893,1.131531949,-1.092754998,-1.239670518,-1.093694211,-0.947427294,-0.594841643,-0.950803387,1.088602382,0,0,0,0,0,0,0,0,0,0,0,0,0,0,0,0,0,0,0,0,0,0,0,0,0,0,0,0,0,0,0,0,0,0,0,0,0,0,0,1,0,0,0,0,0,0,0,0,0,0,0
1.885103094,510,0,1,0.947346648,1.039773907,-0.222351177,1.012595347,0.226434136,0.892286214,0.226021242,1.470051121,0.100617902,1.472283494,-1.879232953,0.221219501,-1.880010965,1.088602382,0,0,0,0,0,0,0,0,0,0,0,0,0,1,0,0,0,0,0,0,0,0,0,0,0,0,0,0,0,0,0,0,0,0,0,0,0,0,0,0,0,0,0,0,0,0,0,0,0,0,0
0.712607335,510,1,1,1.753556482,0.864222465,-0.981283107,0.841916421,-0.239002087,-1.293065318,-0.238586345,-0.94356453,0.049068348,-0.943822947,-0.302331068,-1.002872215,-0.300358082,0.327811105,1,0,0,0,0,0,0,0,0,0,0,0,0,0,0,0,0,0,0,0,0,0,0,0,0,0,0,0,0,0,0,0,0,0,0,0,0,0,0,0,0,1,0,0,0,0,0,0,0,0,0
-0.381722039,510,0,0,-0.591781216,-0.066791926,-1.082474031,-0.06573376,1.179470212,-0.150722472,1.178940886,1.764344647,-1.136571409,1.762942916,-1.449168803,-0.594841643,-1.455230358,-1.19377145,0,0,0,0,0,0,0,0,0,0,0,0,0,0,0,0,0,0,0,1,0,0,0,0,0,0,0,0,0,0,0,0,0,0,0,0,0,0,0,0,0,0,0,0,0,0,0,0,0,0,0
0.347830877,415,0,1,1.753556482,-1.074733354,-1.082474031,-1.047985326,-0.460638383,0.24661417,-0.461408351,0.640306875,-0.569526308,0.641179211,0.952022704,-0.594841643,0.947434952,-0.432980172,0,0,0,0,0,0,0,0,0,0,0,0,0,0,0,0,0,0,0,0,0,0,0,0,0,0,0,0,0,0,0,0,0,0,0,0,0,0,0,0,0,0,0,0,0,0,0,0,0,0,1
0.087276264,408,0,0,-0.591781216,-0.808447458,0.334198905,-0.788010804,1.133128077,0.643950812,1.133902395,0.691399501,-1.342769628,0.691136299,-0.087298993,-0.594841643,-0.087967778,-1.19377145,0,0,0,0,0,0,0,0,0,0,0,0,0,0,0,0,0,0,0,0,0,0,0,0,0,0,0,0,0,0,0,0,0,0,0,0,0,0,0,0,0,0,0,0,0,1,0,0,0,0,0
1.233716562,415,0,0,-0.591781216,-1.842031231,1.700276378,-1.795129498,0.925595909,-0.399057873,0.92530307,1.032698243,-0.466427199,1.031752808,0.378603837,-0.186811071,0.376636011,-0.432980172,0,0,0,0,0,0,0,0,0,0,0,0,0,0,0,0,0,0,0,0,0,0,0,0,0,0,0,0,0,0,0,0,0,0,0,0,0,1,0,0,0,0,0,0,0,0,0,0,0,0,0
0.738662797,408,0,0,-0.591781216,0.538761925,-0.475328487,0.524295374,-0.922044856,1.041287454,-0.921275045,0.899857415,0.616113449,0.900047758,1.1312161,0.221219501,1.133276468,1.088602382,0,0,0,0,0,0,0,0,0,0,0,0,0,0,0,0,0,0,0,0,0,0,0,0,0,0,0,0,0,0,0,0,0,0,0,0,0,0,0,0,0,0,0,0,0,1,0,0,0,0,0
-0.016945581,510,0,1,1.606972875,-2.384465463,0.182412519,-2.322990812,0.379564669,0.345948331,0.380100289,-0.996700861,0.925410777,-0.998321589,-1.12662069,-0.594841643,-1.123370509,-1.19377145,0,0,0,0,0,0,0,0,0,0,0,0,0,0,0,0,0,0,0,0,0,1,0,0,0,0,0,0,0,0,0,0,0,0,0,0,0,0,0,0,0,0,0,0,0,0,0,0,0,0,0
1.103439255,408,0,1,1.826848285,1.173903099,0.435389829,1.142582609,0.701944737,0.594283732,0.702481064,-0.91495266,-0.26022898,-0.916573626,-0.266492389,-0.186811071,-0.2605349,-0.432980172,0,0,0,0,0,0,0,0,0,0,1,0,0,0,0,0,0,0,0,0,0,0,0,0,0,0,0,0,0,0,0,0,0,0,0,0,0,0,0,0,0,0,0,0,0,0,0,0,0,0,0
-0.642276652,510,0,0,-0.591781216,0.367155459,1.49789453,0.35700742,0.331207658,-0.697060355,0.330320905,-0.258923342,-0.208679425,-0.258048375,0.808667987,-0.594841643,0.814691012,-1.19377145,0,0,0,0,0,0,0,0,0,0,0,0,1,0,0,0,0,0,0,0,0,0,0,0,0,0,0,0,0,0,0,0,0,0,0,0,0,0,0,0,0,0,0,0,0,0,0,0,0,0,0
1.494271175,510,0,0,-0.591781216,0.503257139,-0.171755715,0.48925533,0.804703383,-1.144064077,0.80441028,-2.48043072,0.40991523,-2.478868017,1.489602892,3.077433506,1.491685105,-1.19377145,0,0,0,1,0,0,0,0,0,0,0,0,0,0,0,0,0,0,0,0,0,0,0,0,0,0,0,0,0,0,0,0,0,0,0,0,0,0,0,0,0,0,0,0,0,0,0,0,0,0,0
0.3999418,510,0,0,-0.591781216,0.244861196,-0.121160253,0.238323399,2.261458315,1.736626578,2.262235108,-1.448359675,-0.311778535,-1.447935381,-0.839911256,-1.002872215,-0.844608235,1.088602382,0,0,0,0,0,0,0,0,0,1,0,0,0,0,0,0,0,0,0,0,0,0,0,0,0,0,0,0,0,0,0,0,0,0,0,0,0,0,0,0,0,0,0,0,0,0,0,0,0,0,0
-1.215496801,415,0,0,-0.591781216,1.83271413,-0.880092183,1.784606647,0.967908293,-1.293065318,0.967971114,-0.074989889,0.564563894,-0.076386236,-0.266492389,-1.002872215,-0.2605349,-0.432980172,1,0,0,0,0,0,0,0,0,0,0,0,0,0,0,0,0,0,0,0,0,0,0,0,0,0,1,0,0,0,0,0,0,0,0,0,0,0,0,0,0,0,0,0,0,0,0,0,0,0,0
-0.381722039,415,0,0,-0.591781216,-1.013586222,1.042535372,-0.988078154,-0.071767426,-0.349390793,-0.072655064,-1.280775862,2.678095635,-1.279897903,0.70115195,0.221219501,0.695221466,4.131767491,1,1,0,0,0,0,0,0,0,0,0,0,0,0,0,0,0,0,0,0,0,0,0,0,0,0,0,0,0,0,0,0,0,0,0,0,0,0,0,0,0,0,0,0,0,0,0,0,0,0,0
0.191498109,510,0,0,-0.591781216,-0.19894863,-0.070564791,-0.194590697,1.278199108,-0.647393275,1.278499655,0.10689986,-1.136571409,0.105275902,-0.338169747,-0.186811071,-0.340181264,-1.19377145,0,0,0,0,0,0,0,0,1,0,0,0,0,0,0,0,0,0,0,0,0,0,0,0,0,0,0,0,0,0,0,0,0,0,0,0,0,0,0,0,0,0,0,0,0,0,0,0,0,0,0
-0.902831266,510,0,0,-0.591781216,0.426330103,-0.272946639,0.414653945,-0.96435724,-1.69040196,-0.963943089,0.656656515,0.049068348,0.654803871,-0.983265973,-0.186811071,-0.977352175,-0.432980172,0,0,0,0,0,0,0,0,0,0,0,0,0,0,0,0,0,0,0,0,0,0,0,0,0,0,1,0,0,0,0,0,0,0,0,0,0,0,0,0,0,0,0,0,0,0,0,0,0,0,0
1.311882946,408,0,1,0.654179436,0.69064351,-0.171755715,0.67236782,-1.252484425,-0.498392034,-1.253137608,-0.653358415,-2.889256267,-0.653163526,-0.589040502,-0.186811071,-0.592394749,-0.432980172,0,0,0,0,0,0,0,0,0,0,0,0,0,0,0,0,0,1,0,0,0,0,0,0,0,0,0,0,0,0,0,0,0,0,0,0,0,0,0,0,0,0,0,0,0,0,0,0,0,0,0
-0.043001042,510,0,0,-0.591781216,-0.206838583,-1.537833189,-0.202502965,1.427299889,-1.144064077,1.427837808,-0.630877659,0.203717012,-0.630455758,0.127733082,-1.002872215,0.124422525,-1.19377145,0,0,0,0,0,0,0,0,0,0,0,0,0,0,0,0,0,0,0,0,0,0,0,0,0,0,0,0,0,0,0,0,0,0,0,0,0,0,0,0,1,0,0,0,0,0,0,0,0,0,0
-1.18944134,415,0,0,-0.591781216,0.004217646,1.042535372,0.276754416,-0.484816888,0.494949571,-0.48511282,2.079075223,1.85330276,2.080851658,-1.162459369,1.037280646,-1.16319369,0.327811105,0,0,0,0,0,0,0,0,0,0,0,0,0,0,0,0,0,0,0,0,0,0,0,0,0,0,0,0,0,0,0,0,0,0,0,0,0,0,0,0,0,0,0,0,0,0,0,1,0,0,0
-0.59016573,408,0,0,-0.591781216,0.895782275,-1.689619575,0.87243517,-0.029455043,1.339289936,-0.02998702,-0.522561292,0.100617902,-0.521458475,1.56128025,-1.002872215,1.558057075,-1.19377145,0,0,0,0,0,0,0,0,0,0,0,0,0,0,0,0,0,0,0,0,0,0,0,0,0,0,0,0,0,0,0,0,0,0,0,0,0,0,0,0,0,0,0,0,0,0,0,0,0,0,0
-0.303555655,415,0,0,-0.591781216,0.657111212,-1.892001423,0.639588423,-0.484816888,-1.442066559,-0.48511282,1.257505797,1.337807214,1.258830482,-0.409847106,-1.410902787,-0.406553234,-0.432980172,1,0,0,0,0,0,0,0,0,0,1,0,0,0,0,0,0,0,0,0,0,0,0,0,0,0,0,0,0,0,0,0,0,0,0,0,0,0,0,0,0,0,0,0,0,0,0,0,0,0,0
0.00910988,415,0,0,-0.591781216,0.083117171,0.7389626,0.080078037,1.112979323,0.047945849,1.112568374,1.510925222,2.317248752,1.513157475,0.199410441,2.669402934,0.204068889,-0.432980172,0,0,0,0,0,0,0,0,0,0,0,0,0,0,0,0,0,0,0,0,0,0,0,1,0,0,0,0,0,0,0,0,0,0,0,0,0,0,0,0,0,0,0,0,0,0,0,0,0,0,0
-1.476051414,415,0,1,1.900140088,0.830690167,0.233007981,0.809137025,-0.785033327,-0.746727435,-0.786159573,0.544252738,-1.961364283,0.545806588,1.346248175,1.037280646,1.345666771,-1.19377145,0,0,0,0,0,0,0,0,0,0,0,0,0,0,1,0,0,0,0,0,0,0,0,0,0,0,0,0,0,0,0,0,0,0,0,0,0,0,0,0,0,0,0,0,0,0,0,0,0,0,0
-0.069056504,408,0,1,0.947346648,-2.270061152,-0.121160253,-2.212219059,-0.494891266,-0.697060355,-0.494594608,0.8937263,-0.827274081,0.895506205,-3.671166913,-1.818933359,-3.672054152,0.327811105,0,0,0,0,0,0,0,0,0,0,0,0,0,0,0,1,0,0,0,0,0,0,0,0,0,0,0,0,0,0,0,0,0,0,0,0,0,0,0,0,0,0,0,0,0,0,0,0,0,0,0
-0.954942188,510,0,1,2.120015497,-0.494821848,-0.424733025,-0.48282332,-2.362680784,0.14728001,-2.362506745,-0.718756976,-0.054030762,-0.716745274,1.095377421,-0.594841643,1.093453286,-0.432980172,0,0,0,0,0,0,0,0,0,0,0,0,0,0,0,0,0,0,0,0,0,0,0,0,0,0,0,0,0,0,0,0,0,0,0,0,0,0,0,0,1,0,0,0,0,0,0,0,0,0,0
1.051328332,415,0,0,-0.591781216,1.588125603,1.548489992,1.546108281,-0.432430127,0.991620374,-0.432962989,-1.350261833,0.976960331,-1.348021205,-1.090782011,1.445311218,-1.096821721,1.088602382,0,0,0,0,0,0,0,0,0,0,0,0,0,0,0,0,0,0,0,0,0,0,0,0,0,0,0,0,0,0,0,0,0,0,0,0,0,0,0,0,0,0,0,0,0,1,0,0,0,0,0
-0.511999346,415,0,1,1.826848285,-0.356747679,0.840153524,-0.348314763,-1.564790116,-0.498392034,-1.563666148,1.230937631,0.049068348,1.231581161,0.70115195,0.221219501,0.695221466,-0.432980172,0,0,0,0,0,0,0,0,0,0,0,0,0,0,0,0,0,0,0,0,0,0,0,0,0,0,0,0,0,0,0,0,0,0,0,0,0,0,0,0,0,0,0,0,0,0,0,0,1,0,0
1.59849302,510,0,0,-0.591781216,0.807020309,0.840153524,0.785400221,-0.916000229,1.041287454,-0.916534151,-0.293666328,-0.569526308,-0.294380802,0.091894403,2.669402934,0.097873737,-0.432980172,0,0,0,0,0,0,0,0,0,0,0,0,0,0,0,0,0,0,0,0,0,0,0,0,0,0,0,0,0,0,0,0,0,0,0,0,0,0,0,0,0,0,0,0,0,0,1,0,0,0,0
-0.459888423,415,0,1,2.413182709,-0.469179502,1.093130834,-0.457956192,-0.772944074,0.345948331,-0.771936892,-1.501496006,0.255266566,-1.502434023,1.023700062,0.221219501,1.027081316,1.088602382,0,0,0,1,0,0,0,0,0,0,0,0,0,0,0,0,0,0,0,0,0,0,0,0,0,0,0,0,0,0,0,0,0,0,0,0,0,0,0,0,0,0,0,0,0,0,0,0,0,0,0
-0.016945581,510,0,0,-0.591781216,-1.433726191,-1.892001423,-1.397255446,-1.913363564,-1.64073488,-1.914492286,0.858983314,-1.342769628,0.859173777,0.916184025,-0.594841643,0.920886164,1.849393659,1,0,0,0,0,0,0,0,0,1,0,0,0,0,0,0,0,0,0,0,0,0,0,0,0,0,0,0,0,0,0,0,0,0,0,0,0,0,0,0,0,0,0,0,0,0,0,0,0,0,0
-0.016945581,510,0,0,-0.591781216,0.055502337,0.182412519,0.054080585,0.081363106,-0.250056632,0.081423983,0.589214249,-0.002481207,0.591222123,0.378603837,1.445311218,0.376636011,1.849393659,0,0,0,0,0,0,0,0,0,0,0,0,0,0,0,0,0,0,0,0,0,0,0,0,0,0,0,0,0,0,0,0,0,0,0,0,0,0,0,0,0,0,0,0,0,0,0,0,0,0,0
2.041435862,415,1,1,2.1933073,0.797157869,-1.133069493,0.776357629,0.677766231,-1.442066559,0.678776596,0.740448422,-0.775724527,0.741093387,-0.051460314,-0.186811071,-0.048144596,1.849393659,0,0,1,0,0,0,0,0,0,0,0,0,0,0,0,0,0,0,0,0,0,0,0,0,0,0,0,0,0,0,0,0,0,0,0,0,0,0,0,0,0,0,0,0,0,0,0,0,0,0,0
-0.564110269,408,0,0,-0.591781216,-0.542161562,0.587176215,-0.529166605,-0.472727636,1.587625337,-0.473260586,-2.139131978,-0.672625417,-2.138251508,-1.771716916,-0.594841643,-1.773815813,-0.432980172,0,0,1,0,0,0,0,0,0,0,0,0,0,0,0,0,0,0,0,0,0,0,0,0,0,0,0,0,0,0,0,0,0,0,0,0,0,0,0,0,0,0,0,0,0,0,0,0,0,0,0
0.425997261,415,0,0,-0.591781216,0.035777456,-0.272946639,0.034865077,0.089422608,-0.597726194,0.088535324,0.059894644,-0.930373191,0.059860368,1.59711893,1.85334179,1.597880257,0.327811105,0,0,0,0,0,0,0,0,0,0,0,0,0,0,0,0,0,0,0,0,0,0,0,0,0,0,0,0,0,0,0,0,0,0,0,0,0,0,0,0,0,0,0,0,0,0,0,0,0,0,0
-1.814772411,415,0,0,-0.591781216,-0.267985714,0.233007981,-0.261279814,-2.445290677,-0.349390793,-2.445472386,0.258134033,-0.105580316,0.25968872,0.880345346,-1.002872215,0.881062982,-0.432980172,0,0,0,0,0,0,0,0,0,0,0,0,0,0,0,0,0,0,0,0,0,1,0,0,0,0,0,0,0,0,0,0,0,0,0,0,0,0,0,0,0,0,0,0,0,0,0,0,0,0,0
-0.016945581,408,0,1,1.093930254,-0.897209423,-0.778901259,-0.875045753,0.536724952,1.587625337,0.536549783,-1.607768668,-0.208679425,-1.606889753,-0.624879181,-1.002872215,-0.618943537,0.327811105,0,0,0,0,0,0,0,0,0,0,0,0,0,0,0,0,0,0,0,0,0,0,0,0,0,0,0,0,0,0,0,0,1,0,0,0,0,0,0,0,0,0,0,0,0,0,0,0,0,0,0
-0.016945581,408,1,1,2.266599103,-0.591473765,1.093130834,-0.576640213,0.210315133,-1.243398238,0.209428114,-1.773308776,-0.517976753,-1.774927231,-0.374008427,-0.186811071,-0.380004446,-0.432980172,0,0,0,0,0,0,0,0,0,0,0,0,0,0,0,0,0,0,0,0,0,0,0,0,0,0,0,0,0,1,0,0,0,0,0,0,0,0,0,0,0,0,0,0,0,0,0,0,0,0,0
-0.277500194,408,0,1,1.533681072,-0.583583813,0.435389829,-0.568727945,1.290288361,0.14728001,1.290351889,-0.463293846,-0.157129871,-0.46241828,-1.59252352,-0.186811071,-1.587974298,-0.432980172,0,0,0,0,0,0,0,0,0,0,0,0,0,0,0,0,0,0,0,0,0,0,0,0,0,0,0,0,0,0,0,0,0,0,0,0,0,0,0,0,1,0,0,0,0,0,0,0,0,0,0
1.520326636,408,1,0,-0.591781216,1.526978472,-2.397956043,1.487331432,2.247354187,1.339289936,2.248012427,-0.369283414,-0.930373191,-0.367045658,-0.517363143,0.629250074,-0.512748386,-0.432980172,1,0,0,0,0,1,0,0,0,0,0,0,0,0,0,0,0,0,0,0,0,0,0,0,0,0,0,0,0,0,0,0,0,0,0,0,0,0,0,0,0,0,0,0,0,0,0,0,0,0,0
-1.606328721,415,0,1,2.046723694,-0.749272815,1.042535372,-0.730364279,0.637468723,0.643950812,0.638478999,0.429805256,1.595554987,0.427726198,0.629474591,0.221219501,0.628849496,-0.432980172,0,0,0,0,0,0,0,0,0,0,0,0,0,0,0,0,0,0,0,0,0,0,0,0,0,0,0,0,0,0,0,0,0,0,0,1,0,0,0,0,0,0,0,0,0,0,0,0,0,0,0
2.432267782,408,0,0,-0.591781216,-0.342940263,-0.627114873,-0.334750875,0.262701894,0.892286214,0.261577946,-0.183306256,-0.981922745,-0.185383519,0.23524912,-1.002872215,0.230617677,-1.19377145,0,0,0,0,0,0,0,0,0,0,0,0,0,0,0,0,0,0,0,0,0,0,0,0,0,0,0,0,0,0,0,0,0,0,0,0,1,0,0,0,0,0,0,0,0,0,0,0,0,0,0
0.295719955,415,0,0,-0.591781216,0.268531054,-0.222351177,0.260929879,1.278199108,1.140621615,1.278499655,-1.481058955,0.770762113,-1.479726256,-0.409847106,-0.594841643,-0.406553234,1.849393659,0,0,0,0,0,0,0,0,0,0,0,0,0,0,0,0,0,0,0,0,0,0,0,0,0,0,0,1,0,0,0,0,0,0,0,0,0,0,0,0,0,0,0,0,0,0,0,0,0,0,0
-1.449995953,415,0,0,-0.591781216,-2.001802768,1.346108144,-1.951114212,1.062607438,0.395615411,1.062788989,1.102184214,-0.002481207,1.104417664,2.779795343,-0.594841643,2.779301321,-0.432980172,0,0,0,0,0,0,0,0,0,0,0,0,0,0,0,0,0,0,0,0,1,0,0,0,0,0,0,0,0,0,0,0,0,0,0,0,0,0,0,0,0,0,0,0,0,0,0,0,0,0,0
0.816829181,415,0,0,-0.591781216,-1.899233386,0.485985291,-1.850515375,0.635453848,1.835960739,0.636108552,-1.111148343,0.719212558,-1.111860425,-0.947427294,0.221219501,-0.950803387,-0.432980172,0,0,0,0,0,0,0,0,0,0,0,0,0,0,0,0,1,0,0,0,0,0,0,0,0,0,0,0,0,0,0,0,0,0,0,0,0,0,0,0,0,0,0,0,0,0,0,0,0,0,0
0.712607335,415,0,0,-0.591781216,0.31389828,-0.070564791,0.305012516,1.352749499,0.991620374,1.351983508,-0.739194026,-1.239670518,-0.739453041,2.063021759,-1.002872215,2.062484046,-1.19377145,0,0,0,0,0,0,0,0,0,0,0,0,0,0,0,0,0,0,0,1,0,0,0,0,0,0,0,0,0,0,0,0,0,0,0,0,0,0,0,0,0,0,0,0,0,0,0,0,0,0,0
-1.163385879,408,0,0,-0.591781216,0.341513114,0.485985291,0.332140292,0.446055558,0.097612929,0.446472802,0.495203817,-0.466427199,0.4958495,0.127733082,0.629250074,0.124422525,0.327811105,0,0,0,0,0,0,0,0,0,0,0,0,0,0,0,0,0,0,0,0,0,0,0,0,0,0,0,0,0,0,0,0,1,0,0,0,0,0,0,0,0,0,0,0,0,0,0,0,0,0,0
1.311882946,415,1,0,-0.591781216,0.755735618,-2.195574195,0.735665964,-1.738069403,-0.597726194,-1.739079217,1.39239033,-0.26022898,1.390535532,0.772829308,-1.410902787,0.77486783,-1.19377145,1,0,0,0,1,0,0,0,0,0,0,0,0,0,0,0,0,0,0,0,0,0,0,0,0,0,0,0,0,0,0,0,0,0,0,0,0,0,0,0,0,0,0,0,0,0,0,0,0,0,0
-1.78871695,415,0,0,-0.591781216,-0.29362806,-0.121160253,-0.286146942,0.589111713,-0.200389552,0.588699614,-0.690145105,0.40991523,-0.689495953,1.632957609,-1.002872215,1.637703439,0.327811105,0,0,0,0,0,0,0,0,0,0,0,0,0,0,0,0,0,0,0,0,0,0,0,0,0,0,0,0,0,0,0,0,0,0,1,0,0,0,0,0,0,0,0,0,0,0,0,0,0,0,0
-0.277500194,415,0,0,-0.591781216,-0.009589771,-1.183664955,-0.010347883,0.202255631,-0.051388311,0.202316774,1.549755618,-2.167562502,1.549489903,-0.374008427,0.629250074,-0.380004446,0.327811105,0,0,0,1,0,0,0,0,0,0,0,0,0,0,0,0,0,0,0,0,0,0,0,0,0,0,0,0,0,0,0,0,0,0,0,0,0,0,0,0,0,0,0,0,0,0,0,0,0,0,0
0.973161949,415,0,0,-0.591781216,-0.181196237,-0.677710335,-0.176505513,-1.661504136,0.792952053,-1.66085447,-0.269141867,0.564563894,-0.267131481,0.342765158,1.037280646,0.336812829,0.327811105,0,0,0,0,0,0,0,1,0,0,0,0,0,0,0,0,0,0,0,0,0,0,0,0,0,0,0,0,0,0,0,0,0,0,0,0,0,0,0,0,0,0,0,0,0,0,0,0,0,0,0
-0.564110269,408,0,0,-0.591781216,0.51311958,1.143726296,0.499428246,0.278820897,0.395615411,0.278171074,0.511553458,0.306816121,0.50947416,-1.269975407,5.525616938,-1.269388842,-0.432980172,0,0,0,0,0,0,0,0,0,0,0,0,0,0,0,0,0,0,0,0,0,0,0,0,0,0,0,0,1,0,0,0,0,0,0,0,0,0,0,0,0,0,0,0,0,0,0,0,0,0,0
-0.147222888,415,1,0,-0.591781216,-0.279820643,-0.829496721,-0.272583054,1.723486577,0.594283732,1.724143667,-0.044334313,-0.569526308,-0.044595362,0.450281195,-1.002872215,0.456282375,-0.432980172,1,0,0,0,0,0,0,0,0,0,0,0,0,0,0,0,0,0,0,0,0,0,0,0,1,0,0,0,0,0,0,0,0,0,0,0,0,0,0,0,0,0,0,0,0,0,0,0,0,0,0
0.686551874,415,0,0,-0.591781216,0.814910262,-0.019969329,0.793312489,-0.805182081,0.643950812,-0.805123148,0.65461281,-0.208679425,0.654803871,-1.234136727,-0.186811071,-1.22956566,0.327811105,0,0,0,0,0,0,0,0,0,0,0,0,0,0,0,0,1,0,0,0,0,0,0,0,0,0,0,0,0,0,0,0,0,0,0,0,0,0,0,0,0,0,0,0,0,0,0,0,0,0,0
0.947106487,510,0,0,-0.591781216,0.004217646,0.890748986,1.199098809,-0.194674827,-0.349390793,-0.193547854,0.35827558,-2.579958939,0.359602896,1.59711893,-1.002872215,1.597880257,1.088602382,0,0,0,0,0,0,0,0,0,0,0,0,0,0,0,0,0,0,0,0,0,0,0,0,0,0,0,0,0,0,0,0,0,0,0,0,0,0,0,0,0,1,0,0,0,0,0,0,0,0,0
-0.095111965,415,0,0,-0.591781216,-0.553996491,0.334198905,-0.540469845,-0.911970478,-0.200389552,-0.911793258,0.795628458,0.616113449,0.795592028,1.59711893,-0.186811071,1.597880257,-0.432980172,0,0,0,0,0,0,0,0,0,0,0,0,0,0,0,0,0,0,0,0,0,0,0,0,0,0,0,0,0,0,0,0,0,0,0,0,1,0,0,0,0,0,0,0,0,0,0,0,0,0,0
1.259772023,415,1,0,-0.591781216,0.004217646,-0.677710335,-0.067994408,-1.121517523,-0.945395756,-1.120392583,0.989780437,-0.414877644,0.990878827,-1.628362199,-0.186811071,-1.62779748,-1.19377145,0,0,0,0,0,0,0,0,0,0,0,0,0,0,0,0,0,0,0,0,0,0,0,0,0,0,0,0,0,0,0,0,0,0,0,0,0,1,0,0,0,0,0,0,0,0,0,0,0,0,0
-0.016945581,415,1,1,1.020638451,0.321788233,-0.930687645,0.312924784,2.458916107,-0.895728676,2.458982199,0.501334932,1.028509886,0.500391053,-2.345135783,0.221219501,-2.344614754,-0.432980172,0,0,0,0,0,0,0,0,0,0,0,0,0,0,0,1,0,0,0,0,0,0,0,0,0,0,0,0,0,0,0,0,0,0,0,0,0,0,0,0,0,0,0,0,0,0,0,0,0,0,0
-0.433832962,408,0,0,-0.591781216,-0.39816993,1.24491722,-0.387876103,0.935670286,-0.498392034,0.934784858,-0.269141867,-0.930373191,-0.267131481,-1.090782011,-0.186811071,-1.096821721,0.327811105,0,0,0,0,0,0,0,0,0,0,0,0,0,0,0,0,0,0,0,0,0,0,0,0,0,0,0,0,0,0,0,0,0,0,0,1,0,0,0,0,0,0,0,0,0,0,0,0,0,0,0
0.947106487,415,0,0,-0.591781216,0.996379168,0.637771677,0.969643035,0.397698547,-1.044729917,0.396693417,0.074200579,0.564563894,0.073485028,0.163571761,1.037280646,0.164245707,1.849393659,0,0,0,0,0,0,0,0,0,0,0,0,0,0,0,0,1,0,0,0,0,0,0,0,0,0,0,0,0,0,0,0,0,0,0,0,0,0,0,0,0,0,0,0,0,0,0,0,0,0,0
-0.043001042,415,0,0,-0.591781216,-0.650648409,-1.841405961,-0.634286738,1.477671775,-0.051388311,1.477617192,2.457160655,-0.105580316,2.457800595,-0.481524464,-1.410902787,-0.486199598,1.088602382,0,0,0,0,0,0,1,0,0,0,0,0,0,0,0,0,0,0,0,0,0,0,0,0,0,0,0,0,0,0,0,0,0,0,0,0,0,0,0,0,0,0,0,0,0,0,0,0,0,0,0
-0.407777501,415,0,0,-0.591781216,-1.532350597,-0.272946639,-1.493332987,1.401106509,1.935294899,1.401762892,-1.080492768,0.255266566,-1.080069551,0.163571761,-0.594841643,0.164245707,-0.432980172,0,0,0,0,0,0,0,0,0,0,0,0,0,0,0,0,0,0,0,0,0,0,0,0,0,0,0,0,0,0,0,0,0,0,0,0,0,0,0,0,0,0,0,0,0,0,0,0,1,0,0
1.285827484,510,0,0,-0.591781216,-1.058953449,-0.070564791,-1.03216079,0.762390999,-1.342732398,0.761742236,1.717339431,-0.002481207,1.717527381,-0.015621635,0.629250074,-0.021595808,1.088602382,0,0,0,0,0,0,0,0,0,0,0,0,0,0,0,0,0,0,0,0,0,0,0,0,0,1,0,0,0,0,0,0,0,0,0,0,0,0,0,0,0,0,0,0,0,0,0,0,0,0,0
-1.502106876,415,0,0,-0.591781216,-0.222618487,1.24491722,-0.217197178,0.869179397,-0.548059114,0.868412345,0.278571083,0.100617902,0.277854934,0.306926478,-1.002872215,0.310264041,-0.432980172,0,0,0,0,0,0,0,0,0,0,0,0,0,0,0,0,0,0,0,0,0,0,0,0,0,0,0,0,0,0,0,0,0,0,0,0,0,0,0,0,0,0,0,0,0,0,0,0,0,1,0
-0.069056504,415,0,0,-0.591781216,0.528899485,-0.424733025,0.515252782,-0.49287639,2.580966942,-0.492224161,0.648481695,0.770762113,0.650262318,0.772829308,0.221219501,0.77486783,2.610184936,0,0,0,0,0,0,0,0,0,0,0,0,0,0,0,0,0,0,0,0,1,0,0,0,0,0,0,0,0,0,0,0,0,0,0,0,0,0,0,0,0,0,0,0,0,0,0,0,0,0,0
0.295719955,510,0,0,-0.591781216,0.737983225,-1.234260417,0.718711104,0.091437483,-0.001721231,0.090905771,-0.314103378,-0.466427199,-0.312547016,-0.302331068,-0.594841643,-0.300358082,0.327811105,0,0,0,0,0,0,0,0,0,0,0,0,0,0,0,0,0,0,0,0,0,0,0,0,0,0,0,0,0,0,0,0,0,0,0,0,0,0,1,0,0,0,0,0,0,0,0,0,0,0,0
-2.205604331,510,0,0,-0.591781216,0.98454424,-1.133069493,0.958339795,0.10151186,0.395615411,0.100387558,-0.712625861,-0.466427199,-0.712203721,0.199410441,-1.002872215,0.204068889,-1.19377145,1,0,0,0,0,0,0,0,0,0,0,0,0,0,0,0,0,0,0,0,0,0,0,0,0,0,0,0,0,0,0,0,0,0,0,0,0,0,0,0,0,0,0,0,0,0,0,0,1,0,0
-0.069056504,415,0,1,1.020638451,1.945145952,-0.576519411,1.894248077,-2.161193242,2.13396322,-2.161018761,-1.910237014,-2.992355376,-1.911173835,-0.194815031,0.221219501,-0.19416293,-1.19377145,0,0,0,0,0,0,0,0,0,0,0,0,0,0,0,0,0,0,0,0,0,0,0,0,0,0,0,0,0,0,0,0,0,0,0,0,0,0,0,0,0,0,1,0,0,0,0,0,0,0,0
-0.433832962,510,0,0,-0.591781216,0.035777456,1.447299068,0.034865077,-1.409644708,0.594283732,-1.409587101,-0.297753738,0.925410777,-0.298922356,-0.624879181,-0.186811071,-0.618943537,-0.432980172,0,0,0,0,0,0,0,0,0,0,0,0,0,0,1,0,0,0,0,0,0,0,0,0,0,0,0,0,0,0,0,0,0,0,0,0,0,0,0,0,0,0,0,0,0,0,0,0,0,0,0
-0.902831266,415,0,0,-0.591781216,-0.244315857,-0.475328487,-0.238673334,0.591126588,-1.591067799,0.591070061,-0.191481076,0.925410777,-0.189925073,0.127733082,0.221219501,0.124422525,-0.432980172,1,0,0,0,0,0,0,1,0,0,0,0,0,0,0,0,0,0,0,0,0,0,0,0,0,0,0,0,0,0,0,0,0,0,0,0,0,0,0,0,0,0,0,0,0,0,0,0,0,0,0
-0.069056504,415,0,1,1.680264679,-1.157577855,0.233007981,-1.128238331,0.367475416,-0.101055392,0.368248055,0.523815688,0.51301434,0.523098821,0.629474591,-1.410902787,0.628849496,-0.432980172,0,0,0,0,0,0,0,0,0,0,1,0,0,0,0,0,0,0,0,0,0,0,0,0,0,0,0,0,0,0,0,0,0,0,0,0,0,0,0,0,0,0,0,0,0,0,0,0,0,0,0
-0.694387575,415,0,0,-0.591781216,0.81688275,1.194321758,0.795573137,-1.810604918,-0.299723713,-1.810192623,0.797672163,0.616113449,0.795592028,0.127733082,-0.594841643,0.124422525,-1.19377145,0,0,0,0,0,0,0,0,0,0,0,0,0,1,0,0,0,0,0,0,0,0,0,0,0,0,0,0,0,0,0,0,0,0,0,0,0,0,0,0,0,0,0,0,0,0,0,0,0,0,0
0.478108184,510,0,0,-0.591781216,0.850415048,1.093130834,0.828352533,-0.754810195,0.345948331,-0.755343764,-0.827073343,0.616113449,-0.825742557,0.342765158,0.629250074,0.336812829,-0.432980172,0,0,0,0,0,0,0,0,0,0,0,0,0,0,0,0,0,1,0,0,0,0,0,0,0,0,0,0,0,0,0,0,0,0,0,0,0,0,0,0,0,0,0,0,0,0,0,0,0,0,0
-0.720443036,415,0,0,-0.591781216,0.07325473,-1.031878569,0.071035445,0.832911639,0.743284973,0.832855642,0.006758313,-0.002481207,0.005361726,-0.983265973,-0.594841643,-0.977352175,1.849393659,0,0,0,0,0,0,0,0,0,0,0,0,0,0,0,0,0,0,0,0,0,0,0,0,0,0,0,0,0,0,0,0,0,0,0,1,0,0,0,0,0,0,0,0,0,0,0,0,0,0,0
-0.225389272,415,1,0,-0.591781216,1.668997616,-0.475328487,1.625230962,-0.80115233,0.743284973,-0.800382254,-0.050465428,-1.394319182,-0.049136915,-0.338169747,0.221219501,-0.340181264,-1.19377145,0,0,0,0,0,0,0,0,0,0,0,0,0,0,0,0,0,0,0,0,0,0,0,0,0,0,0,0,0,0,0,0,0,0,0,0,0,0,0,0,0,0,0,0,0,0,0,0,1,0,0
-2.075327024,415,0,0,-0.591781216,-0.664455826,-1.133069493,-0.647850626,-1.832768548,-1.044729917,-1.833897092,0.946862631,0.40991523,0.945463293,-1.234136727,1.037280646,-1.22956566,-1.19377145,0,0,0,0,0,0,0,0,0,0,0,0,0,0,1,0,0,0,0,0,0,0,0,0,0,0,0,0,0,0,0,0,0,0,0,0,0,0,0,0,0,0,0,0,0,0,0,0,0,0,0
0.556274568,510,0,0,-0.591781216,-0.445509645,1.700276378,-0.434219388,-0.317582228,1.090954535,-0.316811092,-0.079077299,-2.116012947,-0.08092779,-0.624879181,0.221219501,-0.618943537,1.849393659,1,0,0,0,0,0,0,0,1,0,0,0,0,0,0,0,0,0,0,0,0,0,0,0,0,0,0,0,0,0,0,0,0,0,0,0,0,0,0,0,0,0,0,0,0,0,0,0,0,0,0
-0.016945581,510,1,0,-0.591781216,-1.033311103,0.384794367,-1.007293662,1.020295054,-0.945395756,1.020120945,-1.350261833,-0.621075863,-1.348021205,0.020217045,-0.594841643,0.018227373,-0.432980172,0,0,0,0,0,0,0,0,0,0,0,0,0,0,0,0,0,0,0,0,0,0,0,0,0,0,0,0,0,0,0,0,0,0,0,0,0,0,0,1,0,0,0,0,0,0,0,0,0,0,0
1.155550178,415,0,0,-0.591781216,0.162016695,0.485985291,0.15694007,-0.073782302,0.842619133,-0.072655064,-0.69627622,0.40991523,-0.694037507,-1.950910312,-0.186811071,-1.946382935,0.327811105,0,0,0,0,0,0,0,0,0,0,0,0,0,0,0,0,0,0,0,0,0,0,0,0,0,0,0,0,0,0,0,0,0,0,0,0,0,0,0,0,0,0,0,1,0,0,0,0,0,0,0
-0.016945581,408,0,0,-0.591781216,-0.017479723,-0.525923949,-0.017129828,-1.198082789,-1.392399478,-1.198617329,0.039457594,-0.054030762,0.041694154,-0.66071786,0.221219501,-0.658766719,0.327811105,0,0,0,0,0,0,0,0,0,0,0,0,0,0,0,0,0,0,0,0,0,0,0,0,0,0,0,0,0,0,0,0,0,0,0,0,0,1,0,0,0,0,0,0,0,0,0,0,0,0,0
-0.016945581,415,0,0,-0.591781216,1.515143543,0.587176215,1.476028192,-0.023410416,-0.498392034,-0.022875679,-0.260967047,1.131608995,-0.262589928,-1.162459369,0.221219501,-1.16319369,1.088602382,0,0,0,0,0,0,0,0,0,0,0,0,0,0,0,0,0,0,0,0,0,0,0,0,0,1,0,0,0,0,0,0,0,0,0,0,0,0,0,0,0,0,0,0,0,0,0,0,0,0,0
-0.642276652,415,0,0,-0.591781216,-0.200921118,-1.183664955,-0.195721021,-1.544641362,-0.647393275,-1.544702573,0.37462522,-0.414877644,0.373227557,-0.087298993,-0.594841643,-0.087967778,-1.19377145,0,0,0,0,0,0,0,0,0,0,0,0,0,0,0,0,0,0,0,0,0,0,0,0,0,0,0,0,0,0,0,0,0,0,0,0,0,1,0,0,0,0,0,0,0,0,0,0,0,0,0
0.321775416,415,0,0,-0.591781216,1.18376554,-2.701528815,1.152755525,1.656995688,0.494949571,1.657771155,0.762929177,-0.621075863,0.763801154,-0.553201823,-0.594841643,-0.552571568,0.327811105,1,0,0,0,0,0,0,0,1,0,0,0,0,0,0,0,0,0,0,0,0,0,0,0,0,0,0,0,0,0,0,0,0,0,0,0,0,0,0,0,0,0,0,0,0,0,0,0,0,0,0
3.213931621,510,1,0,-0.591781216,-0.161471356,-0.070564791,-0.157290005,-0.819286209,0.14728001,-0.819345829,0.231565867,0.100617902,0.232439399,-1.879232953,-1.002872215,-1.880010965,-0.432980172,1,0,0,0,0,0,0,0,1,0,0,0,0,0,0,0,0,0,0,0,0,0,0,0,0,0,0,0,0,0,0,0,0,0,0,0,0,0,0,0,0,0,0,0,0,0,0,0,0,0,0
0.712607335,408,0,1,1.900140088,-0.737437886,-1.386046803,-0.719061039,-0.118109561,-1.044729917,-0.117693554,0.781322523,-0.981922745,0.781967368,2.063021759,0.629250074,2.062484046,-0.432980172,0,0,0,0,0,0,0,0,0,0,0,0,0,0,0,0,0,0,0,0,0,0,0,0,0,0,0,0,0,0,0,0,0,0,0,0,0,0,0,0,0,1,0,0,0,0,0,0,0,0,0
0.373886338,415,0,0,-0.591781216,0.087062147,-0.121160253,0.084599334,2.54555575,-1.342732398,2.546688733,0.233609572,0.306816121,0.232439399,-0.983265973,0.629250074,-0.977352175,0.327811105,0,0,0,0,0,0,0,0,0,0,0,0,0,0,0,0,0,0,0,0,0,0,0,0,0,0,0,0,0,0,0,0,0,1,0,0,0,0,0,0,0,0,0,0,0,0,0,0,0,0,0
1.051328332,415,0,1,1.460389269,0.004217646,1.295512682,0.522034726,1.284243734,1.289622856,1.283240549,-0.598178379,1.234708105,-0.598664884,-0.338169747,2.669402934,-0.340181264,0.327811105,0,0,0,0,0,0,0,0,0,0,0,0,0,0,0,0,0,0,0,0,0,0,0,0,0,0,0,0,0,0,0,0,1,0,0,0,0,0,0,0,0,0,0,0,0,0,0,0,0,0,0
-1.293663185,510,0,0,-0.591781216,1.582208139,0.688367139,1.540456661,-0.49287639,-0.299723713,-0.492224161,-2.531523346,0.616113449,-2.533366659,1.812151005,-1.410902787,1.81027056,-0.432980172,0,0,0,0,0,0,0,0,0,0,0,0,0,0,0,0,0,0,0,0,0,0,0,1,0,0,0,0,0,0,0,0,0,0,0,0,0,0,0,0,0,0,0,0,0,0,0,0,0,0,0
-0.016945581,415,0,0,-0.591781216,0.475642306,1.093130834,0.463257878,1.661025439,-1.193731157,1.660141602,-0.077033594,-0.878823636,-0.076386236,0.808667987,-0.594841643,0.814691012,-1.19377145,0,0,0,0,0,0,0,0,0,0,0,0,0,0,0,0,0,0,0,0,0,0,0,0,0,0,0,0,0,0,0,1,0,0,0,0,0,0,0,0,0,0,0,0,0,0,0,0,0,0,0
-0.121167426,415,0,1,2.706349921,1.363261958,1.194321758,1.327955747,-1.216216668,-1.144064077,-1.215210458,1.277942847,0.100617902,1.276996695,0.020217045,-1.002872215,0.018227373,1.088602382,0,0,0,0,0,0,0,0,0,0,0,0,0,0,0,1,0,0,0,0,0,0,0,0,0,0,0,0,0,0,0,0,0,0,0,0,0,0,0,0,0,0,0,0,0,0,0,0,0,0,0
1.624548481,415,0,0,-0.591781216,-1.129963021,1.447299068,-1.101110555,-1.758218157,0.395615411,-1.758042792,-0.426507155,-0.157129871,-0.426085853,0.808667987,1.037280646,0.814691012,-0.432980172,0,0,0,0,0,0,0,0,0,0,0,0,0,0,0,0,0,0,0,0,0,1,0,0,0,0,0,0,0,0,0,0,0,0,0,0,0,0,0,0,0,0,0,0,0,0,0,0,0,0,0
-0.876775804,415,0,1,2.339890906,-1.475148441,-1.790810499,-1.43794711,0.315088655,-0.349390793,0.316098224,0.333751119,1.440906323,0.332353575,-0.23065371,1.85334179,-0.233986112,-0.432980172,0,0,0,0,0,0,0,0,0,0,0,0,0,0,0,0,0,0,0,0,0,0,0,0,0,0,0,0,0,0,1,0,0,0,0,0,0,0,0,0,0,0,0,0,0,0,0,0,0,0,0
-0.016945581,510,0,0,-0.591781216,-1.189137664,-1.588428651,-1.15875708,1.463567647,-0.399057873,1.463394511,0.272439968,2.729645189,0.27331338,0.772829308,1.037280646,0.77486783,0.327811105,0,0,0,0,0,0,0,0,0,0,0,0,0,0,0,0,0,0,0,0,0,0,0,0,0,0,0,0,0,0,0,0,0,0,0,0,0,1,0,0,0,0,0,0,0,0,0,0,0,0,0
-1.423940492,510,0,0,-0.591781216,1.39284928,-0.019969329,1.356213847,1.207678468,-0.498392034,1.207386249,-0.124038809,0.203717012,-0.121801771,1.095377421,-1.002872215,1.093453286,0.327811105,1,0,0,0,0,0,0,0,0,0,0,0,0,0,0,0,1,0,0,0,0,0,0,0,0,0,0,0,0,0,0,0,0,0,0,0,0,0,0,0,0,0,0,0,0,0,0,0,0,0,0
1.233716562,415,0,0,-0.591781216,-0.027342164,-0.121160253,-0.027302744,1.650951062,0.494949571,1.650659814,-0.410157515,-0.105580316,-0.407919639,0.414442516,-0.186811071,0.416459193,-0.432980172,0,0,0,0,0,0,0,0,0,0,0,0,0,0,0,0,0,0,0,0,0,0,0,0,0,0,0,0,0,1,0,0,0,0,0,0,0,0,0,0,0,0,0,0,0,0,0,0,0,0,0
0.295719955,510,0,0,-0.591781216,1.2567476,-1.183664955,1.223965938,-0.37399874,-0.150722472,-0.373701817,1.188019826,-0.311778535,1.186165626,0.916184025,-1.002872215,0.920886164,-0.432980172,0,0,0,0,0,0,0,0,0,0,0,0,0,0,0,0,0,0,0,0,0,0,1,0,0,0,0,0,0,0,0,0,0,0,0,0,0,0,0,0,0,0,0,0,0,0,0,0,0,0,0
-0.59016573,415,0,0,-0.591781216,-0.486931895,0.283603443,-0.474911052,-0.511010269,0.047945849,-0.511187736,-0.929258595,1.286257659,-0.930198287,0.557797233,0.221219501,0.562477527,0.327811105,0,0,0,0,0,0,0,0,0,0,0,0,0,0,0,0,0,0,0,0,0,0,0,0,0,0,0,0,0,0,0,0,0,0,0,0,0,0,0,0,1,0,0,0,0,0,0,0,0,0,0
-1.033108572,408,0,1,1.680264679,2.150284717,0.030626133,2.094315427,0.063229227,0.097612929,0.062460408,0.043545004,-2.631508494,0.041694154,-0.589040502,-0.594841643,-0.592394749,-1.19377145,0,0,0,0,0,0,0,0,0,0,0,0,0,0,0,0,0,0,0,0,0,0,0,0,0,0,0,0,0,0,0,0,0,0,0,0,0,0,1,0,0,0,0,0,0,0,0,0,0,0,0
-1.111274956,510,0,1,1.533681072,1.197572956,-1.031878569,1.166319413,-1.647400008,-0.448724953,-1.646631789,-0.753499962,0.40991523,-0.753077702,0.342765158,-0.594841643,0.336812829,-0.432980172,0,0,0,0,0,0,0,0,0,0,0,0,0,0,0,0,0,0,0,0,0,0,0,0,0,0,1,0,0,0,0,0,0,0,0,0,0,0,0,0,0,0,0,0,0,0,0,0,0,0,0
1.416104791,415,0,0,-0.591781216,0.20935641,1.143726296,0.203283355,2.027732766,-0.200389552,2.027560867,0.276527378,1.750203651,0.277854934,-0.804072577,-0.594841643,-0.804785053,-0.432980172,0,0,0,0,0,0,0,0,0,0,0,0,0,0,0,0,0,0,0,0,0,0,0,0,0,0,0,0,0,0,0,0,1,0,0,0,0,0,0,0,0,0,0,0,0,0,0,0,0,0,0
-0.016945581,510,0,0,-0.591781216,1.939228488,-1.234260417,1.888596456,-0.482802013,-1.293065318,-0.482742373,0.376668925,1.337807214,0.37776911,-0.696556539,-0.186811071,-0.698589901,-1.19377145,1,0,0,0,0,0,0,0,0,0,0,0,0,0,0,0,0,0,0,0,0,0,0,0,0,0,0,0,0,0,0,0,0,0,0,1,0,0,0,0,0,0,0,0,0,0,0,0,0,0,0
-0.016945581,510,0,0,-0.591781216,-0.486931895,-0.374137563,-0.474911052,2.618091265,0.29628125,2.617802139,-0.238486292,1.18315855,-0.239882161,1.167054779,-0.594841643,1.173099649,-0.432980172,0,0,0,0,0,0,0,0,0,0,0,0,0,0,0,0,0,0,0,0,0,0,0,0,0,0,0,0,0,0,0,0,0,0,0,0,0,0,0,0,0,0,0,0,0,0,0,0,0,0,1
0.894995565,510,0,1,1.387097466,1.848494035,2.054444612,1.800431184,-0.940178734,-0.051388311,-0.94023862,0.91416335,0.616113449,0.913672418,0.736990629,0.629250074,0.735044648,-0.432980172,0,0,1,0,0,0,0,0,0,0,0,0,0,0,0,0,0,0,0,0,0,0,0,0,0,0,0,0,0,0,0,0,0,0,0,0,0,0,0,0,0,0,0,0,0,0,0,0,0,0,0
-0.043001042,408,0,0,-0.591781216,-0.481014431,-0.374137563,-0.469259432,1.310437115,-0.250056632,1.309315464,-1.131585394,-1.70361651,-1.130026639,0.772829308,-0.186811071,0.77486783,-1.19377145,0,0,0,0,0,0,0,0,0,1,0,0,0,0,0,0,0,0,0,0,0,0,0,0,0,0,0,0,0,0,0,0,0,0,0,0,0,0,0,0,0,0,0,0,0,0,0,0,0,0,0
-1.085219495,510,0,1,1.533681072,-0.918906793,0.688367139,-0.895391585,0.413817551,-0.895728676,0.413286546,-1.419747804,0.152167457,-1.420686061,-1.234136727,-0.594841643,-1.22956566,-0.432980172,0,0,1,0,0,0,0,0,0,0,0,0,0,0,0,0,0,0,0,0,0,0,0,0,0,0,0,0,0,0,0,0,0,0,0,0,0,0,0,0,0,0,0,0,0,0,0,0,0,0,0
0.894995565,510,0,0,-0.591781216,1.323812196,1.447299068,1.28952473,-0.259150841,1.041287454,-0.259920367,-0.95173935,0.461464785,-0.952906054,0.844506666,0.221219501,0.8412398,-0.432980172,0,0,0,0,0,0,0,0,0,0,0,0,0,0,0,0,0,0,0,0,0,0,0,0,1,0,0,0,0,0,0,0,0,0,0,0,0,0,0,0,0,0,0,0,0,0,0,0,0,0,0
-0.329611117,510,0,0,-0.591781216,-0.81633741,0.789558062,-0.795923072,0.712019114,1.885627819,0.711962852,-0.448987911,0.51301434,-0.44879362,-0.23065371,-0.186811071,-0.233986112,1.088602382,0,0,0,0,0,0,0,0,0,0,0,0,0,0,0,0,0,0,0,0,0,0,0,0,0,0,0,0,0,0,0,0,0,0,0,0,0,0,0,0,0,0,0,1,0,0,0,0,0,0,0
-1.18944134,510,0,0,-0.591781216,2.110834954,-0.019969329,2.05588441,-1.335094318,1.041287454,-1.336103248,-0.166956615,1.131608995,-0.167217305,-1.198298048,0.221219501,-1.203016872,0.327811105,0,0,0,0,0,0,0,0,0,0,0,0,0,0,0,0,0,0,0,0,0,0,0,0,0,0,0,0,0,0,0,0,1,0,0,0,0,0,0,0,0,0,0,0,0,0,0,0,0,0,0
-0.668332114,415,0,0,-0.591781216,-1.230559915,0.688367139,-1.199448744,0.008827591,-1.938737361,0.00794013,-1.904105899,-0.930373191,-1.902090728,0.70115195,-0.594841643,0.695221466,-0.432980172,0,0,0,0,0,0,0,0,0,0,1,0,0,0,0,0,0,0,0,0,0,0,0,0,0,0,0,0,0,0,0,0,0,0,0,0,0,0,0,0,0,0,0,0,0,0,0,0,0,0,0
-0.381722039,408,0,1,1.093930254,0.903672227,0.334198905,0.880347438,0.919551282,0.24661417,0.920562177,0.912119645,-0.981922745,0.913672418,-0.158976351,-1.002872215,-0.154339748,-1.19377145,0,0,0,0,0,0,0,0,0,0,0,0,0,0,0,0,1,0,0,0,0,0,0,0,0,0,0,0,0,0,0,0,0,0,0,0,0,0,0,0,0,0,0,0,0,0,0,0,0,0,0
-0.095111965,408,0,0,-0.591781216,1.513171055,1.24491722,1.473767544,1.4756569,-0.001721231,1.475246745,0.442067486,0.049068348,0.441350858,0.306926478,-1.410902787,0.310264041,-0.432980172,1,0,0,0,0,0,0,0,0,0,0,0,0,0,0,0,0,0,0,0,0,0,0,0,0,0,0,0,0,0,0,0,0,0,0,1,0,0,0,0,0,0,0,0,0,0,0,0,0,0,0
-0.329611117,415,0,0,-0.591781216,1.678860057,1.194321758,1.635403878,0.901417404,0.594283732,0.901598602,-0.829117048,0.770762113,-0.830284111,1.632957609,-1.002872215,1.637703439,-0.432980172,1,0,0,0,0,0,0,0,0,0,0,0,0,0,0,0,0,0,0,1,0,0,0,0,0,0,0,0,0,0,0,0,0,0,0,0,0,0,0,0,0,0,0,0,0,0,0,0,0,0,0
-1.215496801,408,0,0,-0.591781216,-0.392252465,-0.070564791,-0.382224483,1.276184233,-1.789736121,1.276129208,-1.744696905,-1.548967846,-1.743136356,-0.194815031,1.037280646,-0.19416293,0.327811105,0,0,0,0,0,0,0,0,0,0,0,0,0,0,0,0,0,1,0,0,0,0,0,0,0,0,0,0,0,0,0,0,0,0,0,0,0,0,0,0,0,0,0,0,0,0,0,0,0,0,0
-2.335881637,415,0,1,1.460389269,0.215273874,-0.728305797,0.208934975,0.391653921,1.090954535,0.391952524,-0.42446345,-1.0334723,-0.426085853,-1.520846161,-0.594841643,-1.521602328,1.088602382,0,0,0,0,0,0,0,1,0,0,0,0,0,0,0,0,0,0,0,0,0,0,0,0,0,0,0,0,0,0,0,0,0,0,0,0,0,0,0,0,0,0,0,0,0,0,0,0,0,0,0
0.217553571,415,0,0,-0.591781216,0.085089659,0.99193991,0.082338686,-1.617176877,0.941953294,-1.618186426,-0.968088991,-0.724174972,-0.966530715,0.271087799,-0.594841643,0.270440859,-1.19377145,0,0,0,0,0,0,0,0,0,0,0,0,0,0,0,0,0,0,0,0,0,0,0,0,0,0,0,0,0,0,0,0,0,0,0,0,0,0,0,0,0,0,0,0,0,0,0,1,0,0,0
-0.016945581,415,0,0,-0.591781216,1.619685413,1.396703606,1.577757353,0.401728298,0.19694709,0.401434311,-1.317562552,-0.466427199,-1.316230331,-0.23065371,0.221219501,-0.233986112,-0.432980172,0,0,0,0,0,0,0,0,0,0,0,0,0,0,0,0,0,0,0,0,0,0,0,0,0,0,0,0,0,0,0,0,0,0,0,0,0,0,0,0,0,0,0,0,1,0,0,0,0,0,0
-0.251444733,408,0,0,-0.591781216,-0.907071864,-1.284855879,-0.884088345,-0.108035184,-0.647393275,-0.108211767,1.623328999,-0.569526308,1.622154758,-1.55668484,-1.002872215,-1.56142551,-1.19377145,0,0,0,0,0,0,0,0,0,0,0,0,0,0,0,0,0,0,0,0,0,0,0,0,0,0,0,0,0,0,0,0,0,1,0,0,0,0,0,0,0,0,0,0,0,0,0,0,0,0,0
0.113331725,415,0,1,1.093930254,0.27247603,-0.778901259,0.265451175,0.393668797,-0.498392034,0.394322971,1.457788891,0.564563894,1.458658834,-0.624879181,0.221219501,-0.618943537,-1.19377145,0,0,0,0,0,0,0,0,0,0,0,0,0,0,0,0,0,0,0,0,0,0,0,0,0,0,0,0,1,0,0,0,0,0,0,0,0,0,0,0,0,0,0,0,0,0,0,0,0,0,0
-0.772553959,415,1,0,-0.591781216,-0.029314652,0.637771677,-0.029563392,-0.662125926,-0.299723713,-0.662896336,-0.38767676,0.564563894,-0.389753425,1.202893458,-0.594841643,1.199648437,1.088602382,1,0,0,0,0,0,0,0,0,0,0,0,0,0,0,0,0,0,0,0,0,0,0,0,0,0,0,0,0,0,0,0,0,1,0,0,0,0,0,0,0,0,0,0,0,0,0,0,0,0,0
0.816829181,510,0,1,2.046723694,0.917479644,0.131817057,0.892781002,-0.384073117,1.239955775,-0.383183604,1.179845005,0.100617902,1.181624073,0.091894403,0.221219501,0.097873737,1.088602382,1,0,0,0,0,0,0,0,0,1,0,0,0,0,0,0,0,0,0,0,0,0,0,0,0,0,0,0,0,0,0,0,0,0,0,0,0,0,0,0,0,0,0,0,0,0,0,0,0,0,0
0.295719955,415,0,0,-0.591781216,-0.183168725,0.131817057,-0.178766161,-0.009306288,-1.442066559,-0.008652998,1.16962648,-0.002481207,1.167999412,0.486119874,-0.186811071,0.482831163,-0.432980172,0,0,0,0,0,0,0,0,0,0,0,0,0,0,0,0,0,0,0,0,1,0,0,0,0,0,0,0,0,0,0,0,0,0,0,0,0,0,0,0,0,0,0,0,0,0,0,0,0,0,0
-0.016945581,510,0,1,1.900140088,0.290228423,-1.892001423,0.282406036,1.092830569,0.494949571,1.093604799,-0.835248163,0.770762113,-0.834825664,2.49308591,1.85334179,2.487264653,0.327811105,0,1,0,0,0,0,0,0,0,0,0,0,0,0,0,0,0,0,0,0,0,0,0,0,0,0,0,0,0,0,0,0,0,0,0,0,0,0,0,0,0,0,0,0,0,0,0,0,0,0,0
-1.476051414,415,0,0,-0.591781216,1.195600468,2.307421922,1.164058765,-0.726601939,-0.846061596,-0.726898401,0.809934393,0.306816121,0.809216689,0.127733082,-1.002872215,0.124422525,-0.432980172,0,0,0,0,0,0,0,0,0,0,0,0,0,0,0,0,0,0,0,0,0,0,0,0,0,0,0,0,0,1,0,0,0,0,0,0,0,0,0,0,0,0,0,0,0,0,0,0,0,0,0
-0.59016573,408,0,0,-0.591781216,-2.064922388,0.789558062,-2.012151709,0.967908293,-0.647393275,0.967971114,-0.512342767,-0.878823636,-0.512375368,-0.266492389,0.629250074,-0.2605349,1.088602382,0,0,0,0,0,0,0,0,0,0,0,0,0,0,0,0,0,0,0,0,0,0,0,0,0,0,0,0,0,0,0,0,0,1,0,0,0,0,0,0,0,0,0,0,0,0,0,0,0,0,0
1.259772023,408,0,0,-0.591781216,-2.181299187,0.840153524,-2.12518411,-1.296811685,-0.001721231,-1.295805651,-0.39585158,-2.425310275,-0.394294978,-1.413330123,-0.594841643,-1.415407176,-0.432980172,0,0,0,0,0,0,0,0,0,0,0,0,0,0,1,0,0,0,0,0,0,0,0,0,0,0,0,0,0,0,0,0,0,0,0,0,0,0,0,0,0,0,0,0,0,0,0,0,0,0,0
-0.746498498,510,0,1,1.826848285,-1.638864955,-2.094383271,-1.597322796,2.311830201,-0.101055392,2.312014492,-0.771893307,0.873861222,-0.771243916,-1.449168803,-0.186811071,-1.455230358,1.849393659,1,0,0,0,0,0,0,0,0,0,0,0,0,0,0,0,0,0,0,0,0,0,0,0,0,0,0,0,0,0,0,0,0,0,0,0,0,0,0,0,0,0,0,0,0,0,0,0,0,1,0
-0.694387575,510,0,0,-0.591781216,-0.615143623,0.536580753,-0.599246694,-1.091294391,-2.882411886,-1.09194722,1.801131337,-0.878823636,1.799275343,-0.123137672,0.629250074,-0.12779096,1.088602382,0,0,1,0,0,0,0,0,0,0,0,0,0,0,0,0,0,0,0,0,0,0,0,0,0,0,0,0,0,0,0,0,0,0,0,0,0,0,0,0,0,0,0,0,0,0,0,0,0,0,0
-1.319718646,510,0,0,-0.591781216,1.546703353,0.283603443,1.50654694,-0.791077953,0.29628125,-0.790900467,0.491116407,0.51301434,0.491307947,0.521958554,0.221219501,0.522654345,-0.432980172,0,0,0,0,0,0,0,0,0,0,0,0,0,0,0,0,0,0,0,0,0,0,0,0,0,0,0,0,0,0,0,0,0,0,0,0,0,0,0,0,0,0,0,0,1,0,0,0,0,0,0
1.051328332,510,0,1,1.093930254,-0.591473765,0.587176215,-0.576640213,-0.768914323,0.892286214,-0.769566445,0.393018565,0.770762113,0.39139377,-0.947427294,-1.002872215,-0.950803387,1.088602382,0,0,0,0,0,0,0,0,0,0,1,0,0,0,0,0,0,0,0,0,0,0,0,0,0,0,0,0,0,0,0,0,0,0,0,0,0,0,0,0,0,0,0,0,0,0,0,0,0,0,0
1.025272871,408,0,0,-0.591781216,-0.589501277,1.700276378,-0.574379565,-0.73063169,-0.101055392,-0.731639295,1.913535114,1.234708105,1.91281418,-0.768233898,-1.002872215,-0.764961871,-0.432980172,0,0,0,1,0,0,0,0,0,0,0,0,0,0,0,0,0,0,0,0,0,0,0,0,0,0,0,0,0,0,0,0,0,0,0,0,0,0,0,0,0,0,0,0,0,0,0,0,0,0,0
-0.043001042,408,0,0,-0.591781216,0.211328898,0.081221595,0.205544003,-0.857568842,0.345948331,-0.857272979,1.439395545,-0.414877644,1.44049262,0.342765158,-0.186811071,0.336812829,0.327811105,0,0,0,0,0,0,0,0,0,0,0,0,0,1,0,0,0,0,0,0,0,0,0,0,0,0,0,0,0,0,0,0,0,0,0,0,0,0,0,0,0,0,0,0,0,0,0,0,0,0,0
1.702714865,408,0,0,-0.591781216,0.033804968,0.384794367,0.032604429,1.070666939,-2.286406923,1.06990033,-1.814182877,-0.311778535,-1.815801212,0.486119874,0.629250074,0.482831163,-0.432980172,0,0,0,0,0,0,0,0,0,0,0,1,0,0,0,0,0,0,0,0,0,0,0,0,0,0,0,0,0,0,0,0,0,0,0,0,0,0,0,0,0,0,0,0,0,0,0,0,0,0,0
-0.694387575,415,0,0,-0.591781216,-0.473124478,0.789558062,-0.461347164,-0.543248276,-1.839403201,-0.544373992,1.151233135,-0.157129871,1.149833198,-0.768233898,-0.186811071,-0.764961871,-1.19377145,0,0,0,0,0,0,0,0,0,0,0,0,0,0,0,0,0,0,0,0,1,0,0,0,0,0,0,0,0,0,0,0,0,0,0,0,0,0,0,0,0,0,0,0,0,0,0,0,0,0,0
0.425997261,510,0,0,-0.591781216,-0.587528789,-0.272946639,-0.573249241,1.117009074,0.494949571,1.117309267,0.237696982,-0.414877644,0.236980953,1.095377421,3.485464078,1.093453286,0.327811105,0,0,0,0,0,0,0,0,0,0,1,0,0,0,0,0,0,0,0,0,0,0,0,0,0,0,0,0,0,0,0,0,0,0,0,0,0,0,0,0,0,0,0,0,0,0,0,0,0,0,0
-0.407777501,510,0,0,-0.591781216,0.840552607,1.599085454,0.818179617,0.62134972,0.047945849,0.621885871,0.458417127,-1.291220073,0.459517072,0.271087799,-1.002872215,0.270440859,1.088602382,0,0,0,0,0,0,0,0,0,0,1,0,0,0,0,0,0,0,0,0,0,0,0,0,0,0,0,0,0,0,0,0,0,0,0,0,0,0,0,0,0,0,0,0,0,0,0,0,0,0,0
-1.684495105,415,0,1,0.580887633,-0.59739123,0.536580753,-0.582291833,-1.387481079,0.643950812,-1.388253079,-1.397267049,-0.672625417,-1.397978293,-1.269975407,-1.002872215,-1.269388842,-1.19377145,0,0,0,0,0,0,0,0,0,0,0,0,0,0,0,0,0,0,0,0,0,0,0,0,0,0,0,0,0,0,0,0,0,0,0,0,0,0,0,0,0,0,0,0,1,0,0,0,0,0,0
-0.642276652,415,0,0,-0.591781216,0.483532258,-0.019969329,0.470039822,1.852438604,1.935294899,1.852147799,0.883507775,0.255266566,0.881881544,0.091894403,-1.002872215,0.097873737,-1.19377145,0,0,0,0,0,0,0,0,0,0,0,0,0,0,0,1,0,0,0,0,0,0,0,0,0,0,0,0,0,0,0,0,0,0,0,0,0,0,0,0,0,0,0,0,0,0,0,0,0,0,0
1.676659404,510,0,0,-0.591781216,1.246885159,1.295512682,1.213793021,0.184121752,-1.74006904,0.183353199,0.558558674,1.337807214,0.559431248,-3.671166913,-1.818933359,-3.672054152,-0.432980172,0,0,0,0,0,0,0,0,0,0,0,0,0,0,0,0,0,0,0,0,0,0,0,0,0,0,0,0,0,0,0,0,0,0,0,0,0,0,0,0,0,0,0,0,0,0,1,0,0,0,0
0.764718258,415,0,0,-0.591781216,-0.577666348,0.941344448,-0.563076325,0.601200965,-0.051388311,0.600551849,-0.301841148,-1.239670518,-0.303463909,0.736990629,-0.186811071,0.735044648,-0.432980172,0,0,0,0,0,0,0,0,0,0,0,0,1,0,0,0,0,0,0,0,0,0,0,0,0,0,0,0,0,0,0,0,0,0,0,0,0,0,0,0,0,0,0,0,0,0,0,0,0,0,0
-0.225389272,415,1,0,-0.591781216,-0.966246507,0.637771677,-0.941734869,1.207678468,1.090954535,1.207386249,0.88146407,-0.105580316,0.881881544,-0.302331068,-1.002872215,-0.300358082,0.327811105,1,0,0,0,0,0,0,0,0,0,0,0,0,0,0,0,0,0,0,0,0,1,0,0,0,0,0,0,0,0,0,0,0,0,0,0,0,0,0,0,0,0,0,0,0,0,0,0,0,0,0
-2.153493408,408,0,0,-0.591781216,1.852439011,-0.374137563,1.803822156,-1.734039652,0.792952053,-1.734338323,1.012261192,1.028509886,1.013586595,-0.732395219,-0.186811071,-0.738413083,-0.432980172,0,0,0,0,0,0,0,0,0,0,0,0,0,0,0,0,0,0,0,0,1,0,0,0,0,0,0,0,0,0,0,0,0,0,0,0,0,0,0,0,0,0,0,0,0,0,0,0,0,0,0
1.572437559,415,1,0,-0.591781216,-0.465234526,0.688367139,-0.453434896,-0.410266498,-1.839403201,-0.40925852,-0.438769386,0.770762113,-0.439710513,0.306926478,1.85334179,0.310264041,0.327811105,0,0,0,0,0,0,0,0,0,1,0,0,0,0,0,0,0,0,0,0,0,0,0,0,0,0,0,0,0,0,0,0,0,0,0,0,0,0,0,0,0,0,0,0,0,0,0,0,0,0,0
-0.19933381,415,0,1,2.046723694,-0.019452211,1.700276378,-0.019390476,-0.44451938,0.097612929,-0.444815223,-1.517845646,-0.930373191,-1.516058683,-0.804072577,-0.186811071,-0.804785053,0.327811105,0,0,0,0,1,0,0,0,0,0,0,0,0,0,0,0,0,0,0,0,0,0,0,0,0,0,0,0,0,0,0,0,0,0,0,0,0,0,0,0,0,0,0,0,0,0,0,0,0,0,0
1.129494716,415,0,0,-0.591781216,-0.043122069,-0.374137563,-0.041996956,1.747665082,-1.243398238,1.747848136,-0.42037604,0.925410777,-0.421544299,0.593635912,-0.594841643,0.589026314,0.327811105,0,1,0,0,0,0,0,0,0,0,0,0,0,0,0,0,0,0,0,0,0,0,0,0,0,0,0,0,0,0,0,0,0,0,0,0,0,0,0,0,0,0,0,0,0,0,0,0,0,0,0
-0.147222888,415,0,0,-0.591781216,0.004217646,-0.475328487,-0.087209916,0.881268649,0.445282491,0.88026458,-2.560135216,-0.26022898,-2.560615979,-0.983265973,-1.002872215,-0.977352175,-0.432980172,0,0,0,0,0,0,0,0,0,0,0,0,0,0,0,0,0,0,0,0,0,0,0,0,0,0,0,0,0,0,0,0,0,0,0,0,0,0,0,0,0,0,0,0,0,0,0,0,0,1,0
0.60838549,415,0,1,1.460389269,1.414546649,0.182412519,1.377690003,0.492397692,-0.548059114,0.491511292,1.038829358,1.080059441,1.040835915,-0.983265973,0.221219501,-0.977352175,-0.432980172,0,0,0,0,0,0,0,0,0,1,0,0,0,0,0,0,0,0,0,0,0,0,0,0,0,0,0,0,0,0,0,0,0,0,0,0,0,0,0,0,0,0,0,0,0,0,0,0,0,0,0
-0.19933381,415,1,0,-0.591781216,0.734038249,-1.993192347,0.714189808,0.135764742,0.991620374,0.135944261,0.421630436,0.51301434,0.423184645,2.600601947,0.221219501,2.606734199,-0.432980172,1,0,0,0,0,0,0,0,0,0,0,0,0,0,0,0,0,0,0,0,0,0,1,0,0,0,0,0,0,0,0,0,0,0,0,0,0,0,0,0,0,0,0,0,0,0,0,0,0,0,0
0.217553571,415,1,1,1.313805663,0.739955713,1.902658226,0.719841428,-1.111443146,0.544616652,-1.110910795,1.627416409,-1.239670518,1.626696312,-0.338169747,-0.594841643,-0.340181264,-1.19377145,0,0,0,0,0,0,0,0,0,0,0,0,0,0,0,0,0,0,0,0,0,0,1,0,0,0,0,0,0,0,0,0,0,0,0,0,0,0,0,0,0,0,0,0,0,0,0,0,0,0,0
-0.538054807,510,0,0,-0.591781216,0.524954509,-0.171755715,0.510731486,-0.922044856,-0.101055392,-0.921275045,1.277942847,-0.930373191,1.276996695,0.772829308,3.077433506,0.77486783,-1.19377145,0,0,0,0,0,0,0,0,0,0,0,0,0,0,0,0,0,0,0,0,0,0,0,0,0,0,0,0,0,0,0,0,1,0,0,0,0,0,0,0,0,0,0,0,0,0,0,0,0,0,0
-1.554217798,415,0,0,-0.591781216,-0.402114906,-1.740215037,-0.392397399,-1.506358729,-1.243398238,-1.506775423,1.243199862,-1.239670518,1.245205821,0.306926478,0.221219501,0.310264041,-0.432980172,0,0,0,0,0,0,0,0,0,0,0,0,0,0,0,0,0,0,0,0,0,0,0,0,0,0,0,0,0,0,0,0,0,0,0,0,0,0,0,0,0,0,0,0,0,0,0,0,0,0,0
0.921051026,415,0,1,1.680264679,-0.721657981,-0.627114873,-0.703236503,0.724108366,-1.74006904,0.723815086,0.546296443,1.028509886,0.545806588,0.414442516,0.221219501,0.416459193,0.327811105,0,0,0,0,0,0,0,0,0,0,0,0,0,0,0,0,0,0,0,0,0,0,0,0,0,0,0,0,0,0,0,0,0,0,0,1,0,0,0,0,0,0,0,0,0,0,0,0,0,0,0
-0.016945581,408,0,1,1.167222057,0.13637435,-1.588428651,0.132072942,0.429936554,0.792952053,0.429879674,0.691399501,1.95640187,0.691136299,0.486119874,0.221219501,0.482831163,-0.432980172,0,0,0,0,0,0,0,0,0,0,0,0,0,0,0,0,1,0,0,0,0,0,0,0,0,0,0,0,0,0,0,0,0,0,0,0,0,0,0,0,0,0,0,0,0,0,0,0,0,0,0
0.452052722,415,0,1,1.313805663,-0.175278773,0.688367139,-0.170853893,-0.023410416,1.239955775,-0.022875679,-0.641096184,-0.105580316,-0.639538865,-0.23065371,0.221219501,-0.233986112,2.610184936,1,0,0,0,0,0,0,0,0,0,0,0,0,0,0,0,0,0,0,0,0,0,0,0,0,1,0,0,0,0,0,0,0,0,0,0,0,0,0,0,0,0,0,0,0,0,0,0,0,0,0
2.40621232,408,0,1,0.654179436,-1.098403211,0.081221595,-1.070591807,0.045095348,-0.945395756,0.04586728,0.082375399,1.492455878,0.082568135,0.736990629,-0.594841643,0.735044648,-0.432980172,0,0,0,0,0,0,0,0,0,0,0,0,0,0,0,0,0,0,0,0,0,0,0,0,0,0,0,0,0,0,0,0,0,0,0,0,0,0,0,0,0,0,0,0,0,0,1,0,0,0,0
-0.720443036,415,0,0,-0.591781216,0.367155459,-0.323542101,0.35700742,1.584460173,0.047945849,1.584287302,-1.121366869,-0.672625417,-1.120943532,1.632957609,1.445311218,1.637703439,1.088602382,0,0,0,0,0,0,0,0,0,0,0,0,0,0,0,0,0,0,0,0,0,0,0,0,0,0,0,0,0,1,0,0,0,0,0,0,0,0,0,0,0,0,0,0,0,0,0,0,0,0,0
-1.007053111,408,0,0,-0.591781216,-0.13582901,0.030626133,-0.132422877,0.083377981,-0.150722472,0.08379443,0.811978098,-0.517976753,0.813758242,-0.409847106,1.445311218,-0.406553234,0.327811105,0,0,0,0,0,0,0,0,0,0,0,0,0,0,0,0,0,0,0,0,0,0,0,0,0,0,0,0,0,0,0,0,0,0,0,0,0,0,0,0,0,0,0,0,0,1,0,0,0,0,0
-1.840827873,415,0,1,1.606972875,0.74390069,-1.335451341,0.724362724,0.264716769,-0.697060355,0.263948392,0.534034213,0.203717012,0.532181928,-1.305814086,-0.594841643,-1.309212024,-1.19377145,0,0,0,0,0,0,0,0,1,0,0,0,0,0,0,0,0,0,0,0,0,0,0,0,0,0,0,0,0,0,0,0,0,0,0,0,0,0,0,0,0,0,0,0,0,0,0,0,0,0,0
-1.059164033,408,1,1,1.533681072,1.700557426,0.637771677,1.65574971,0.305014278,-0.299723713,0.304245989,-1.900018488,-0.930373191,-1.902090728,1.346248175,3.077433506,1.345666771,-1.19377145,1,1,0,0,0,0,0,0,0,0,0,0,0,0,0,0,0,0,0,0,0,0,0,0,0,0,0,0,0,0,0,0,0,0,0,0,0,0,0,0,0,0,0,0,0,0,0,0,0,0,0
1.233716562,510,0,1,0.434304027,-1.698039599,1.852062764,-1.654969321,-0.138258315,-1.392399478,-0.139027576,-1.147935034,-0.827274081,-1.148192853,2.600601947,0.221219501,2.606734199,-0.432980172,0,0,0,0,0,0,0,0,0,0,0,0,0,1,0,0,0,0,0,0,0,0,0,0,0,0,0,0,0,0,0,0,0,0,0,0,0,0,0,0,0,0,0,0,0,0,0,0,0,0,0
-0.121167426,510,0,0,-0.591781216,-1.607305145,-0.019969329,-1.566804048,2.146610416,-0.597726194,2.146083211,-0.379501939,1.028509886,-0.380670318,-0.947427294,-1.410902787,-0.950803387,0.327811105,0,0,0,0,0,0,0,0,0,0,0,0,0,0,0,0,0,0,0,0,0,0,0,0,0,1,0,0,0,0,0,0,0,0,0,0,0,0,0,0,0,0,0,0,0,0,0,0,0,0,0
-0.355666578,415,0,0,-0.591781216,-0.226563464,-0.424733025,-0.221718474,0.484338191,-0.001721231,0.484399952,-0.645183594,-0.054030762,-0.644080419,0.952022704,-0.594841643,0.947434952,-0.432980172,0,0,0,0,0,0,0,0,0,0,0,0,0,0,0,0,0,0,0,0,0,0,0,0,0,0,0,0,0,0,0,0,1,0,0,0,0,0,0,0,0,0,0,0,0,0,0,0,0,0,0
-1.554217798,408,0,0,-0.591781216,0.457889913,-0.171755715,0.445172693,-0.944208485,0.19694709,-0.944979514,-1.789658416,-0.414877644,-1.788551891,-0.445685785,-0.594841643,-0.446376416,1.088602382,0,0,0,0,0,0,0,0,0,0,0,0,0,0,0,0,0,0,0,0,0,0,0,0,0,0,0,0,0,0,0,0,0,0,0,0,0,0,0,0,0,0,0,0,0,0,0,0,1,0,0
0.295719955,415,0,0,-0.591781216,1.611795461,0.384794367,1.569845085,-0.930104357,0.097612929,-0.930756833,-1.43405374,-0.517976753,-1.434310721,0.486119874,-1.002872215,0.482831163,-0.432980172,0,0,0,0,0,0,0,0,0,0,0,0,0,0,0,0,0,0,0,0,0,0,0,0,0,0,0,0,0,0,0,0,0,0,0,0,0,0,0,0,0,0,0,0,0,0,0,0,0,1,0
-0.329611117,510,0,0,-0.591781216,-2.098454686,-0.728305797,-2.044931105,-0.791077953,-0.895728676,-0.790900467,0.787453638,-1.239670518,0.786508922,-0.732395219,-0.594841643,-0.738413083,1.849393659,1,0,0,0,0,0,0,0,0,0,0,0,0,0,0,0,0,0,0,0,0,0,0,0,0,0,0,0,0,0,0,0,0,0,0,0,0,0,0,0,1,0,0,0,0,0,0,0,0,0,0
0.556274568,408,0,1,1.387097466,1.459913876,-0.829496721,1.42177264,0.575007585,0.445282491,0.574476933,-0.216005536,1.18315855,-0.217174393,-0.374008427,0.221219501,-0.380004446,4.131767491,0,0,0,0,0,0,0,0,0,0,0,0,0,0,0,0,0,1,0,0,0,0,0,0,0,0,0,0,0,0,0,0,0,0,0,0,0,0,0,0,0,0,0,0,0,0,0,0,0,0,0
-1.033108572,408,0,0,-0.591781216,0.004217646,0.384794367,-2.588616955,-0.994580371,-1.293065318,-0.994758898,-0.984438631,-0.311778535,-0.984696928,-0.158976351,0.629250074,-0.154339748,0.327811105,0,0,0,0,0,0,0,0,0,0,0,0,0,0,0,0,0,0,0,0,0,0,0,0,1,0,0,0,0,0,0,0,0,0,0,0,0,0,0,0,0,0,0,0,0,0,0,0,0,0,0
1.963269478,408,0,0,-0.591781216,-2.609329108,1.24491722,-2.54227367,-0.662125926,-0.498392034,-0.662896336,-0.775980717,0.358365676,-0.775785469,0.091894403,1.445311218,0.097873737,0.327811105,0,0,0,0,0,0,0,0,0,0,0,0,0,0,0,0,0,0,0,0,0,0,0,0,0,0,0,0,0,0,0,0,0,0,0,0,1,0,0,0,0,0,0,0,0,0,0,0,0,0,0
-1.840827873,510,0,0,-0.591781216,0.941149501,-0.627114873,0.916517806,-0.365939238,-0.001721231,-0.366590476,-0.191481076,1.750203651,-0.189925073,0.808667987,-0.594841643,0.814691012,-1.19377145,0,0,0,0,0,0,0,0,0,0,0,0,0,0,0,0,0,0,0,0,0,0,1,0,0,0,0,0,0,0,0,0,0,0,0,0,0,0,0,0,0,0,0,0,0,0,0,0,0,0,0
-1.423940492,415,0,0,-0.591781216,-1.082623306,1.649680916,-1.05476727,-0.873687845,2.13396322,-0.873866108,-0.036159493,-1.445868737,-0.035512255,-0.589040502,-0.186811071,-0.592394749,0.327811105,0,0,0,0,0,0,0,0,0,0,0,0,0,1,0,0,0,0,0,0,0,0,0,0,0,0,0,0,0,0,0,0,0,0,0,0,0,0,0,0,0,0,0,0,0,0,0,0,0,0,0
-0.016945581,510,1,0,-0.591781216,-2.193134116,0.485985291,-2.13648735,2.749058168,0.743284973,2.748176717,0.084419104,-0.054030762,0.082568135,0.66531327,1.85334179,0.668672678,-1.19377145,0,0,0,0,0,0,0,1,0,0,0,0,0,0,0,0,0,0,0,0,0,0,0,0,0,0,0,0,0,0,0,0,0,0,0,0,0,0,0,0,0,0,0,0,0,0,0,0,0,0,0
-1.39788503,415,0,1,2.120015497,-0.319270405,-1.183664955,-0.311014071,0.049125099,0.097612929,0.048237727,0.632132055,-0.672625417,0.632096104,-0.875749935,-0.186811071,-0.871157023,0.327811105,0,0,0,0,0,0,0,0,0,0,0,0,0,0,0,0,0,0,0,0,0,0,0,0,0,0,0,0,0,0,0,0,0,0,1,0,0,0,0,0,0,0,0,0,0,0,0,0,0,0,0
-0.616221191,415,0,0,-0.591781216,-0.329132846,0.587176215,-0.321186987,0.371505167,-0.548059114,0.370618502,0.660743926,-1.755166065,0.659345425,-1.269975407,-0.594841643,-1.269388842,0.327811105,0,1,0,0,0,0,0,0,0,0,0,0,0,0,0,0,0,0,0,0,0,0,0,0,0,0,0,0,0,0,0,0,0,0,0,0,0,0,0,0,0,0,0,0,0,0,0,0,0,0,0
-0.069056504,415,0,1,2.1933073,0.670918629,-1.993192347,0.653152312,1.054547936,0.19694709,1.055677649,0.13551173,-1.394319182,0.137066777,0.163571761,0.221219501,0.164245707,0.327811105,0,0,0,0,0,0,0,0,0,0,0,0,0,0,0,0,0,0,0,0,0,0,0,0,0,0,0,0,0,0,0,0,0,0,0,0,0,1,0,0,0,0,0,0,0,0,0,0,0,0,0
2.432267782,408,0,0,-0.591781216,-2.589604227,0.030626133,-2.523058162,1.62072793,1.885627819,1.619844005,0.356231875,-0.672625417,0.355061343,2.851472702,-1.410902787,2.845673291,-0.432980172,0,0,0,0,0,0,0,0,0,0,0,0,0,0,0,0,0,0,0,0,0,0,0,0,0,0,0,0,0,1,0,0,0,0,0,0,0,0,0,0,0,0,0,0,0,0,0,0,0,0,0
0.712607335,415,0,1,2.339890906,-0.16738882,-0.627114873,-0.164071949,-1.107413395,0.445282491,-1.108540348,-0.087252119,-0.363328089,-0.085469343,1.346248175,0.629250074,1.345666771,-0.432980172,0,0,0,0,0,0,0,0,0,0,0,0,0,0,0,0,0,0,0,0,0,0,0,0,0,0,0,0,0,0,0,0,0,0,0,0,0,0,0,0,0,0,0,1,0,0,0,0,0,0,0
2.328045936,415,0,1,1.020638451,0.004217646,-0.374137563,-0.253367546,-0.355864861,-0.399057873,-0.354738242,-1.636380538,0.100617902,-1.638680627,-0.624879181,-0.594841643,-0.618943537,-1.19377145,0,0,0,0,0,0,0,0,0,0,0,0,0,0,0,0,0,0,0,0,0,0,0,0,0,0,0,0,0,0,0,0,0,0,0,0,0,0,0,0,0,0,0,0,1,0,0,0,0,0,0
-1.085219495,408,0,0,-0.591781216,-1.417946286,0.637771677,-1.38143091,0.321133281,1.239955775,0.320839117,0.335794824,-0.414877644,0.336895129,-0.123137672,-0.594841643,-0.12779096,0.327811105,0,0,0,0,0,0,0,0,0,0,0,0,0,0,0,0,0,0,0,0,0,0,0,0,0,0,0,0,0,0,0,0,0,0,1,0,0,0,0,0,0,0,0,0,0,0,0,0,0,0,0
-1.39788503,408,0,1,1.460389269,-0.757162767,-0.323542101,-0.738276547,-0.658096175,0.395615411,-0.658155442,-1.789658416,-0.827274081,-1.788551891,-0.875749935,-1.002872215,-0.871157023,-0.432980172,0,1,0,0,0,0,0,0,0,0,0,0,0,0,0,0,0,0,0,0,0,0,0,0,0,0,0,0,0,0,0,0,0,0,0,0,0,0,0,0,0,0,0,0,0,0,0,0,0,0,0
1.337938407,415,1,1,0.874054845,1.140370801,0.99193991,1.110933536,1.062607438,-0.299723713,1.062788989,1.310642128,-1.0334723,1.30878757,1.417925534,-0.594841643,1.412038741,5.653350045,1,0,0,0,0,0,0,0,0,0,0,0,0,0,0,0,0,0,0,0,0,0,0,1,0,0,0,0,0,0,0,0,0,0,0,0,0,0,0,0,0,0,0,0,0,0,0,0,0,0,0
-0.147222888,510,0,1,1.387097466,-0.989916365,0.283603443,-0.96434135,0.971938043,-0.498392034,0.972712008,1.367865869,0.770762113,1.367827765,0.593635912,-0.594841643,0.589026314,-0.432980172,0,0,0,0,0,0,0,0,0,0,0,0,0,0,0,0,0,0,0,0,0,0,0,0,0,0,0,0,0,0,0,0,0,0,0,0,0,0,0,1,0,0,0,0,0,0,0,0,0,0,0
-1.814772411,415,0,1,1.680264679,-1.569827871,-2.347360581,-1.529503355,0.919551282,-0.150722472,0.920562177,1.102184214,1.595554987,1.104417664,-1.55668484,-0.594841643,-1.56142551,-1.19377145,0,0,0,0,0,0,1,0,0,0,0,0,0,0,0,0,0,0,0,0,0,0,0,0,0,0,0,0,0,0,0,0,0,0,0,0,0,0,0,0,0,0,0,0,0,0,0,0,0,0,0
0.530219106,408,0,1,1.680264679,1.132480849,-1.892001423,1.103021268,0.099496985,0.842619133,0.100387558,-0.089295824,-0.775724527,-0.090010896,-0.051460314,0.221219501,-0.048144596,1.849393659,0,0,0,0,0,0,0,0,0,0,0,0,0,0,0,0,0,0,0,0,0,0,0,0,0,0,0,0,0,0,0,0,0,0,0,0,1,0,0,0,0,0,0,0,0,0,0,0,0,0,0
0.269664493,415,0,0,-0.591781216,-0.13582901,-2.144978733,-0.132422877,-0.353849986,0.395615411,-0.354738242,-0.863860034,0.203717012,-0.862074985,-0.839911256,-0.594841643,-0.844608235,1.849393659,1,0,0,0,0,0,0,0,0,0,0,0,0,0,0,0,0,0,0,0,0,0,0,0,0,0,0,0,0,0,0,0,0,0,0,0,0,0,0,0,0,0,0,0,0,0,0,0,0,0,0
-1.476051414,510,0,0,-0.591781216,2.138449788,0.587176215,2.083012187,1.155291707,-0.399057873,1.155236417,-0.177175141,-0.517976753,-0.176300412,-0.015621635,-0.186811071,-0.021595808,1.088602382,1,0,0,0,0,0,0,0,0,0,1,0,0,0,0,0,0,0,0,0,0,0,0,0,0,0,0,0,0,0,0,0,0,0,0,0,0,0,0,0,0,0,0,0,0,0,0,0,0,0,0
-1.033108572,510,1,0,-0.591781216,0.004217646,0.131817057,-1.951114212,-0.095945932,2.431965702,-0.096359533,-1.902062193,-0.002481207,-1.902090728,-0.051460314,0.629250074,-0.048144596,0.327811105,0,0,0,0,0,0,0,0,0,0,0,0,0,0,0,0,0,0,0,0,0,0,0,0,0,0,0,0,0,0,0,0,0,0,0,0,0,0,0,0,0,0,0,0,1,0,0,0,0,0,0
-0.928886727,415,0,0,-0.591781216,-0.611198646,-1.031878569,-0.595855722,1.175440461,-0.299723713,1.176570439,-1.053924602,0.358365676,-1.05282023,0.880345346,0.629250074,0.881062982,0.327811105,0,0,0,0,0,0,0,0,0,0,0,0,0,0,0,0,0,0,0,0,0,0,0,0,0,0,0,0,0,0,0,0,1,0,0,0,0,0,0,0,0,0,0,0,0,0,0,0,0,0,0
-0.694387575,415,0,1,1.24051386,0.294173399,-0.829496721,0.285797008,-1.627251254,0.14728001,-1.627668214,-0.522561292,-1.291220073,-0.521458475,1.023700062,-1.002872215,1.027081316,0.327811105,0,0,0,0,0,0,0,0,0,0,0,0,0,0,0,0,0,0,0,0,0,0,0,0,0,0,0,0,0,1,0,0,0,0,0,0,0,0,0,0,0,0,0,0,0,0,0,0,0,0,0
0.582330029,408,0,0,-0.591781216,-0.39816993,-1.183664955,-0.387876103,2.078104652,-0.399057873,2.077340252,0.527903098,1.028509886,0.527640374,0.629474591,-0.186811071,0.628849496,-1.19377145,0,0,0,0,0,0,0,0,0,0,0,0,0,0,0,0,0,0,0,0,0,0,0,0,0,0,0,0,0,0,0,1,0,0,0,0,0,0,0,0,0,0,0,0,0,0,0,0,0,0,0
-1.111274956,408,0,1,0.874054845,0.292200911,0.485985291,0.284666684,0.262701894,-0.548059114,0.261577946,0.726142487,-0.414877644,0.727468727,-0.266492389,-1.002872215,-0.2605349,-0.432980172,0,0,0,0,0,0,0,0,0,0,0,0,0,0,0,0,0,0,0,0,0,0,0,0,0,0,0,0,0,0,0,0,0,0,0,0,0,0,0,0,0,0,0,1,0,0,0,0,0,0,0
-0.694387575,408,0,0,-0.591781216,-0.110186665,-0.222351177,-0.107555748,1.016265303,-0.299723713,1.015380052,1.155320545,1.18315855,1.154374752,-0.696556539,0.221219501,-0.698589901,0.327811105,1,0,0,0,0,0,0,0,0,0,0,0,0,0,0,0,0,0,0,0,0,0,0,0,0,0,1,0,0,0,0,0,0,0,0,0,0,0,0,0,0,0,0,0,0,0,0,0,0,0,0
0.634440952,415,0,0,-0.591781216,-0.944549138,-0.171755715,-0.920258713,-1.288752183,-0.001721231,-1.288694311,2.189435295,0.976960331,2.189848941,-0.911588615,0.629250074,-0.910980205,0.327811105,0,0,0,0,0,1,0,0,0,0,0,0,0,0,0,0,0,0,0,0,0,0,0,0,0,0,0,0,0,0,0,0,0,0,0,0,0,0,0,0,0,0,0,0,0,0,0,0,0,0,0
-1.241552263,408,0,1,0.727471239,-0.648675921,0.334198905,-0.63202609,2.203026928,-0.796394515,2.202973936,-0.457162731,1.544005432,-0.457876727,-1.090782011,1.037280646,-1.096821721,-1.19377145,0,0,0,0,0,0,0,0,0,0,0,0,0,0,0,0,0,0,0,0,0,0,0,0,0,0,0,0,0,0,0,0,0,0,0,0,0,0,0,1,0,0,0,0,0,0,0,0,0,0,0
-0.043001042,408,0,1,1.460389269,0.414495174,-0.627114873,0.403350705,1.280213983,0.792952053,1.280870102,-0.579785033,0.100617902,-0.58049867,-0.409847106,0.221219501,-0.406553234,-0.432980172,0,0,0,0,0,0,0,0,0,0,0,0,0,0,0,0,0,0,0,0,0,0,0,0,0,0,0,0,0,0,0,0,0,0,0,0,0,0,0,0,0,0,0,0,0,0,0,0,0,0,1
-0.043001042,415,0,0,-0.591781216,-0.672345778,0.283603443,-0.655762894,-2.062464346,0.29628125,-2.061459992,0.607607594,-0.878823636,0.609388337,0.23524912,0.221219501,0.230617677,-0.432980172,0,0,0,0,0,0,0,0,0,0,0,0,0,1,0,0,0,0,0,0,0,0,0,0,0,0,0,0,0,0,0,0,0,0,0,0,0,0,0,0,0,0,0,0,0,0,0,0,0,0,0
-0.902831266,415,0,1,1.533681072,0.004217646,0.182412519,0.954948823,1.143202455,-0.796394515,1.143384183,0.62191353,0.976960331,0.623012997,-0.804072577,-1.410902787,-0.804785053,0.327811105,0,0,0,0,0,0,1,0,0,0,0,0,0,0,0,0,0,0,0,0,0,0,0,0,0,0,0,0,0,0,0,0,0,0,0,0,0,0,0,0,0,0,0,0,0,0,0,0,0,0,0
-0.095111965,510,0,0,-0.591781216,0.61766145,-1.234260417,0.601157407,-0.234972336,-0.001721231,-0.233845451,-1.595506438,0.100617902,-1.593265092,-1.986748991,-0.186811071,-1.986206117,1.088602382,0,0,0,0,0,0,0,0,0,0,0,0,0,0,0,0,0,0,0,0,0,1,0,0,0,0,0,0,0,0,0,0,0,0,0,0,0,0,0,0,0,0,0,0,0,0,0,0,0,0,0
-0.407777501,510,1,0,-0.591781216,0.716285856,-1.386046803,0.697234948,-0.251091339,0.842619133,-0.250438579,-1.102973523,-0.105580316,-1.102777318,-2.380974462,1.037280646,-2.384437936,0.327811105,0,0,0,0,0,0,0,0,0,0,0,0,0,0,0,0,0,0,0,0,1,0,0,0,0,0,0,0,0,0,0,0,0,0,0,0,0,0,0,0,0,0,0,0,0,0,0,0,0,0,0
0.191498109,510,0,0,-0.591781216,2.235101706,-0.627114873,2.17682908,-0.807196956,0.047945849,-0.807493595,-1.168372084,-0.672625417,-1.166359067,-0.087298993,0.629250074,-0.087967778,0.327811105,0,0,0,0,0,0,0,0,0,0,0,0,0,0,0,1,0,0,0,0,0,0,0,0,0,0,0,0,0,0,0,0,0,0,0,0,0,0,0,0,0,0,0,0,0,0,0,0,0,0,0
0.842884642,408,1,1,1.753556482,0.81688275,1.852062764,0.795573137,1.294318111,-0.051388311,1.295092783,-0.657445825,0.40991523,-0.657705079,1.847989684,-0.186811071,1.850093742,0.327811105,1,0,0,0,0,0,0,0,0,0,0,0,0,0,0,0,0,0,0,0,0,0,0,0,0,0,0,1,0,0,0,0,0,0,0,0,0,0,0,0,0,0,0,0,0,0,0,0,0,0,0
-0.016945581,510,0,0,-0.591781216,0.035777456,0.384794367,0.034865077,-0.075797177,-0.647393275,-0.075025511,-0.283447803,0.976960331,-0.285297695,0.020217045,-1.002872215,0.018227373,-0.432980172,0,0,0,0,0,0,0,0,1,0,0,0,0,0,0,0,0,0,0,0,0,0,0,0,0,0,0,0,0,0,0,0,0,0,0,0,0,0,0,0,0,0,0,0,0,0,0,0,0,0,0
2.223824091,415,0,1,1.313805663,-2.078729805,0.334198905,-2.025715597,-0.470712761,0.792952053,-0.470890139,1.946234395,-0.517976753,1.944605054,1.525441571,-0.594841643,1.531508287,0.327811105,0,0,0,0,0,0,0,0,0,0,0,0,0,0,0,0,0,0,0,0,0,0,0,1,0,0,0,0,0,0,0,0,0,0,0,0,0,0,0,0,0,0,0,0,0,0,0,0,0,0,0
-1.476051414,415,1,0,-0.591781216,-2.315428379,-0.424733025,-2.256301695,1.497820529,-0.895728676,1.498951214,-1.274644746,0.40991523,-1.27535635,0.199410441,-0.594841643,0.204068889,-0.432980172,0,0,0,0,0,0,0,0,0,0,0,0,0,0,0,0,0,0,0,0,0,0,0,0,0,0,0,0,0,0,0,0,0,0,0,0,0,0,0,0,0,0,0,0,0,0,0,0,1,0,0
-0.954942188,408,0,1,1.680264679,0.964819359,-0.627114873,0.939124287,0.963878542,0.445282491,0.96323022,-0.694232515,1.234708105,-0.694037507,-0.445685785,-1.410902787,-0.446376416,1.088602382,0,0,0,0,0,0,0,0,0,1,0,0,0,0,0,0,0,0,0,0,0,0,0,0,0,0,0,0,0,0,0,0,0,0,0,0,0,0,0,0,0,0,0,0,0,0,0,0,0,0,0
0.347830877,415,0,1,2.046723694,2.568452197,-0.525923949,2.501232071,-0.007291413,-0.548059114,-0.006282551,-0.359064889,0.255266566,-0.357962551,1.417925534,-1.002872215,1.412038741,-0.432980172,0,0,0,0,0,0,0,0,0,0,0,0,0,0,0,0,0,0,0,0,0,0,0,0,0,0,0,0,0,0,0,0,0,0,0,0,0,0,0,0,0,1,0,0,0,0,0,0,0,0,0
-0.225389272,415,0,0,-0.591781216,0.438165032,-1.335451341,0.425957185,0.526650575,0.941953294,0.527067996,0.335794824,-1.0334723,0.336895129,1.238732138,0.629250074,1.239471619,1.088602382,0,0,0,0,0,0,0,0,0,1,0,0,0,0,0,0,0,0,0,0,0,0,0,0,0,0,0,0,0,0,0,0,0,0,0,0,0,0,0,0,0,0,0,0,0,0,0,0,0,0,0
0.243609032,408,0,0,-0.591781216,-0.589501277,0.587176215,-0.574379565,-0.416311124,-0.349390793,-0.416369861,-1.248076581,0.976960331,-1.248107029,0.521958554,-0.186811071,0.522654345,0.327811105,0,0,0,0,0,0,0,0,0,0,0,0,0,0,0,0,0,0,0,0,0,0,0,0,0,0,0,0,0,0,0,0,0,0,0,0,0,1,0,0,0,0,0,0,0,0,0,0,0,0,0
-0.277500194,408,0,1,1.606972875,0.081144682,-1.234260417,0.078947713,0.585081962,-0.250056632,0.583958721,-1.164284674,1.234708105,-1.166359067,-0.911588615,-0.594841643,-0.910980205,-0.432980172,0,0,0,0,0,1,0,0,0,0,0,0,0,0,0,0,0,0,0,0,0,0,0,0,0,0,0,0,0,0,0,0,0,0,0,0,0,0,0,0,0,0,0,0,0,0,0,0,0,0,0
-0.746498498,408,0,1,0.947346648,0.138346838,0.384794367,0.13433359,2.706745784,-0.697060355,2.70787912,-0.283447803,0.976960331,-0.285297695,2.242215155,-0.186811071,2.248325562,-0.432980172,0,0,0,0,0,0,1,0,0,0,0,0,0,0,0,0,0,0,0,0,0,0,0,0,0,0,0,0,0,0,0,0,0,0,0,0,0,0,0,0,0,0,0,0,0,0,0,0,0,0,0
1.832992172,415,0,1,1.24051386,0.858305,-1.183664955,0.835134477,-0.35183511,0.892286214,-0.352367795,-1.027356437,-0.517976753,-1.02557091,-0.015621635,-0.594841643,-0.021595808,1.088602382,0,0,0,0,0,0,0,0,0,0,0,0,0,0,0,0,0,0,0,0,0,0,0,0,0,0,0,0,0,0,0,0,0,0,0,0,0,0,1,0,0,0,0,0,0,0,0,0,0,0,0
0.087276264,415,0,0,-0.591781216,-0.305462988,0.435389829,-0.298580507,-0.911970478,-0.498392034,-0.911793258,-0.657445825,0.873861222,-0.657705079,0.163571761,1.445311218,0.164245707,-0.432980172,0,0,0,0,0,0,0,0,0,0,0,0,0,0,0,0,0,0,0,0,0,0,0,0,0,0,0,0,0,0,0,0,1,0,0,0,0,0,0,0,0,0,0,0,0,0,0,0,0,0,0
1.676659404,408,0,0,-0.591781216,-0.57569386,-1.284855879,-0.560815677,-0.152362443,-0.349390793,-0.153250258,2.258921266,-0.363328089,2.257972243,0.020217045,-1.002872215,0.018227373,-0.432980172,0,0,0,0,0,0,0,0,0,0,0,0,0,0,0,0,0,0,0,0,0,1,0,0,0,0,0,0,0,0,0,0,0,0,0,0,0,0,0,0,0,0,0,0,0,0,0,0,0,0,0
0.087276264,510,0,0,-0.591781216,1.075278693,1.396703606,1.046505068,1.862512981,-0.399057873,1.861629586,-0.350890069,-1.085021854,-0.348879444,-0.158976351,0.629250074,-0.154339748,-1.19377145,1,0,0,0,0,0,0,0,0,0,0,0,0,0,0,0,0,0,0,0,0,0,0,0,0,0,0,0,0,0,0,0,0,0,0,0,0,0,0,0,0,1,0,0,0,0,0,0,0,0,0
-0.016945581,408,0,0,-0.591781216,-2.453502547,0.081221595,-2.390810253,-0.724587064,1.190288695,-0.724527954,-0.007547622,0.40991523,-0.008262934,-0.015621635,0.221219501,-0.021595808,-0.432980172,0,0,1,0,0,0,0,0,0,0,0,0,0,0,0,0,0,0,0,0,0,0,0,0,0,0,0,0,0,0,0,0,0,0,0,0,0,0,0,0,0,0,0,0,0,0,0,0,0,0,0
-0.277500194,408,1,0,-0.591781216,0.830690167,-0.171755715,0.809137025,0.063229227,1.686959498,0.062460408,0.301051839,2.781194744,0.300562701,-0.66071786,-0.186811071,-0.658766719,-0.432980172,0,0,0,0,0,0,0,0,0,0,0,0,0,0,0,0,0,0,0,0,0,0,0,0,0,0,0,0,0,0,0,0,0,0,0,0,0,0,0,0,0,0,0,1,0,0,0,0,0,0,0
0.217553571,408,0,0,-0.591781216,0.773488011,0.233007981,0.752620825,1.99952451,-0.647393275,1.999115505,-0.867947444,0.51301434,-0.866616538,0.378603837,-0.186811071,0.376636011,0.327811105,0,1,0,0,0,0,0,0,0,0,0,0,0,0,0,0,0,0,0,0,0,0,0,0,0,0,0,0,0,0,0,0,0,0,0,0,0,0,0,0,0,0,0,0,0,0,0,0,0,0,0
-0.225389272,510,0,0,-0.591781216,-0.066791926,-0.778901259,-0.06573376,-2.161193242,1.239955775,-2.161018761,0.125293205,0.358365676,0.123442116,-0.23065371,-1.410902787,-0.233986112,0.327811105,0,0,0,0,0,0,0,0,0,0,0,0,0,0,0,0,0,0,0,0,0,0,0,0,0,0,0,0,0,0,0,0,0,0,0,0,1,0,0,0,0,0,0,0,0,0,0,0,0,0,0
-0.485943885,510,0,1,1.533681072,0.542706902,0.536580753,0.527686346,1.076711566,1.835960739,1.07701167,-0.649271005,-0.414877644,-0.648621972,-0.266492389,0.221219501,-0.2605349,0.327811105,0,0,0,0,0,0,0,0,0,0,0,0,0,0,0,0,0,0,0,0,0,1,0,0,0,0,0,0,0,0,0,0,0,0,0,0,0,0,0,0,0,0,0,0,0,0,0,0,0,0,0
-0.277500194,415,0,0,-0.591781216,0.51311958,1.902658226,0.499428246,-0.781003576,-0.846061596,-0.781418679,1.402608855,0.203717012,1.404160192,0.808667987,0.629250074,0.814691012,0.327811105,0,0,0,0,0,0,0,0,0,0,0,0,0,0,0,0,0,0,0,0,0,0,0,0,0,0,0,0,0,0,0,0,0,0,0,0,0,0,0,0,0,0,0,0,0,0,0,0,0,1,0
-0.355666578,408,0,1,1.460389269,-0.557941467,-0.272946639,-0.543860817,-0.972416741,-0.150722472,-0.973424876,1.002042667,0.461464785,0.999961934,-3.671166913,-1.818933359,-3.672054152,-0.432980172,0,0,0,0,0,0,0,0,0,0,0,1,0,0,0,0,0,0,0,0,0,0,0,0,0,0,0,0,0,0,0,0,0,0,0,0,0,0,0,0,0,0,0,0,0,0,0,0,0,0,0
0.60838549,510,0,0,-0.591781216,-0.437619692,-1.537833189,-0.42630712,-1.409644708,-1.044729917,-1.409587101,-0.15673809,-0.105580316,-0.158134198,-0.23065371,-0.186811071,-0.233986112,1.088602382,0,0,0,0,0,0,0,0,0,0,0,0,0,0,0,0,0,0,0,0,0,0,0,1,0,0,0,0,0,0,0,0,0,0,0,0,0,0,0,0,0,0,0,0,0,0,0,0,0,0,0
-0.433832962,415,0,0,-0.591781216,-0.40803237,-1.031878569,-0.39804902,-0.66011105,1.388957016,-0.660525889,-0.68401399,0.049068348,-0.6849544,0.736990629,0.221219501,0.735044648,-0.432980172,0,0,0,1,0,0,0,0,0,0,0,0,0,0,0,0,0,0,0,0,0,0,0,0,0,0,0,0,0,0,0,0,0,0,0,0,0,0,0,0,0,0,0,0,0,0,0,0,0,0,0
-0.668332114,510,0,1,2.779641724,0.678808582,-1.942596885,0.66106458,0.00479784,0.544616652,0.005569683,0.934600401,1.337807214,0.936380186,-0.374008427,0.629250074,-0.380004446,-1.19377145,0,0,0,0,0,0,0,0,0,0,0,0,0,0,0,0,0,0,0,0,0,0,0,0,0,0,0,0,0,0,0,0,0,0,0,1,0,0,0,0,0,0,0,0,0,0,0,0,0,0,0
0.035165342,510,0,0,-0.591781216,-1.520515668,-0.576519411,-1.482029747,0.913506656,-1.144064077,0.913450836,-0.624746544,2.059500979,-0.625914205,-0.409847106,-0.186811071,-0.406553234,0.327811105,0,0,0,0,0,0,0,0,0,0,0,0,0,0,0,0,0,0,0,0,0,0,1,0,0,0,0,0,0,0,0,0,0,0,0,0,0,0,0,0,0,0,0,0,0,0,0,0,0,0,0
-1.007053111,415,1,0,-0.591781216,-0.394224954,-0.728305797,-0.384485131,-0.063707925,-1.193731157,-0.063173276,-1.624118308,0.255266566,-1.625055966,1.310409496,0.629250074,1.305843589,-1.19377145,1,0,0,0,0,0,0,0,0,0,0,0,0,0,0,0,0,0,0,1,0,0,0,0,0,0,0,0,0,0,0,0,0,0,0,0,0,0,0,0,0,0,0,0,0,0,0,0,0,0,0
1.103439255,510,0,0,-0.591781216,0.455917425,0.435389829,0.444042369,-0.702423434,0.19694709,-0.703193933,-1.168372084,-1.497418292,-1.166359067,-2.02258767,-0.186811071,-2.026029299,-0.432980172,0,0,0,0,0,0,0,0,0,0,0,0,0,0,0,0,0,0,0,0,0,0,0,0,0,0,0,0,0,0,0,0,0,0,0,0,0,0,0,0,0,0,0,0,0,0,0,0,0,1,0
-1.241552263,415,0,0,-0.591781216,-2.410107809,-0.272946639,-2.34785794,1.306407364,1.537958257,1.306945017,0.883507775,1.440906323,0.881881544,0.486119874,0.629250074,0.482831163,1.088602382,0,0,0,0,0,0,0,0,0,0,0,0,0,0,0,0,0,0,0,0,0,0,1,0,0,0,0,0,0,0,0,0,0,0,0,0,0,0,0,0,0,0,0,0,0,0,0,0,0,0,0
-0.016945581,415,0,0,-0.591781216,-0.792667553,0.941344448,-0.772186267,1.785947715,0.24661417,1.785775286,-1.464709315,-0.157129871,-1.466101595,1.023700062,1.445311218,1.027081316,-1.19377145,0,0,0,0,0,0,0,0,0,0,0,0,0,0,0,0,0,0,0,0,0,0,0,0,0,0,0,0,0,0,0,0,0,0,0,0,0,0,0,1,0,0,0,0,0,0,0,0,0,0,0
-1.892938795,415,0,0,-0.591781216,0.160044207,-0.323542101,0.155809746,0.965893417,-0.697060355,0.965600667,0.157992486,1.234708105,0.159774544,0.127733082,0.221219501,0.124422525,-1.19377145,0,0,0,0,0,0,0,0,0,0,0,0,0,0,0,0,0,0,0,0,0,0,0,0,0,0,0,0,0,0,0,0,0,0,0,0,0,0,0,0,0,0,0,0,0,0,0,0,0,0,1
-0.277500194,415,0,0,-0.591781216,0.276421006,-0.880092183,0.268842147,-0.936148984,-1.044729917,-0.935497726,2.001414431,-2.064463393,2.003645249,0.880345346,-0.594841643,0.881062982,-0.432980172,0,0,0,0,0,0,0,0,0,0,0,0,0,0,0,0,0,1,0,0,0,0,0,0,0,0,0,0,0,0,0,0,0,0,0,0,0,0,0,0,0,0,0,0,0,0,0,0,0,0,0
1.311882946,510,0,0,-0.591781216,-0.459317061,0.384794367,-0.447783276,0.659632353,0.892286214,0.659813021,-0.109732874,2.111050534,-0.10817711,-0.911588615,0.629250074,-0.910980205,1.849393659,0,0,0,0,0,0,0,0,0,0,0,0,0,0,0,0,0,0,0,0,0,0,0,0,0,0,0,0,0,0,0,0,0,0,0,0,0,1,0,0,0,0,0,0,0,0,0,0,0,0,0
-1.554217798,408,0,1,2.120015497,1.185738028,0.485985291,1.155016173,0.427921679,0.743284973,0.427509227,-0.244617407,-0.002481207,-0.244423714,-1.054943331,-1.410902787,-1.056998539,0.327811105,0,0,0,0,0,0,0,1,0,0,0,0,0,0,0,0,0,0,0,0,0,0,0,0,0,0,0,0,0,0,0,0,0,0,0,0,0,0,0,0,0,0,0,0,0,0,0,0,0,0,0
-1.371829569,510,0,1,2.559766315,-0.151608915,0.536580753,-0.148247413,-0.009306288,-1.789736121,-0.008652998,0.65461281,-0.208679425,0.654803871,-0.804072577,0.221219501,-0.804785053,-0.432980172,0,0,0,0,0,0,0,0,0,0,0,0,0,0,0,0,0,0,0,0,0,0,0,0,0,0,0,0,0,0,0,0,0,0,0,0,0,0,0,0,0,0,0,0,1,0,0,0,0,0,0
1.363993868,510,0,0,-0.591781216,0.309953304,0.334198905,0.301621544,-0.928089482,-0.200389552,-0.928386386,-1.19085284,-0.157129871,-1.189066834,0.486119874,0.629250074,0.482831163,-0.432980172,0,0,0,0,0,0,0,0,0,0,0,0,0,0,0,0,0,0,0,0,0,0,0,0,0,0,0,0,0,0,0,0,0,0,0,0,0,0,0,0,0,0,0,0,0,1,0,0,0,0,0
0.243609032,415,1,0,-0.591781216,2.24101917,-1.082474031,2.1824807,-0.245046713,-0.498392034,-0.245697686,1.345385114,-0.466427199,1.345119997,1.525441571,-0.186811071,1.531508287,-1.19377145,1,0,0,0,0,0,0,0,0,0,0,0,0,0,0,0,1,0,0,0,0,0,0,0,0,0,0,0,0,0,0,0,0,0,0,0,0,0,0,0,0,0,0,0,0,0,0,0,0,0,0
1.624548481,415,0,0,-0.591781216,0.229081291,-0.576519411,0.222498863,-0.13624344,-0.647393275,-0.136657129,1.376040689,1.080059441,1.376910872,0.916184025,-0.186811071,0.920886164,-0.432980172,0,0,0,0,0,0,0,0,0,0,0,0,0,0,0,0,1,0,0,0,0,0,0,0,0,0,0,0,0,0,0,0,0,0,0,0,0,0,0,0,0,0,0,0,0,0,0,0,0,0,0
0.660496413,510,0,0,-0.591781216,0.004217646,-0.627114873,-1.101110555,-1.145696028,0.544616652,-1.146467498,-0.900646724,0.306816121,-0.898407413,0.450281195,-0.594841643,0.456282375,-0.432980172,0,0,0,0,0,0,0,1,0,0,0,0,0,0,0,0,0,0,0,0,0,0,0,0,0,0,0,0,0,0,0,0,0,0,0,0,0,0,0,0,0,0,0,0,0,0,0,0,0,0,0
0.660496413,415,0,0,-0.591781216,-0.360692656,0.485985291,-0.351705735,0.401728298,1.239955775,0.401434311,0.983649322,-1.136571409,0.98179572,-1.843394274,-1.002872215,-1.840187783,-1.19377145,0,0,0,0,0,0,0,1,0,0,0,0,0,0,0,0,0,0,0,0,0,0,0,0,0,0,0,0,0,0,0,0,0,0,0,0,0,0,0,0,0,0,0,0,0,0,0,0,0,0,0
-0.095111965,510,0,0,-0.591781216,-0.699960612,-0.475328487,-0.682890671,0.524635699,1.835960739,0.524697549,-1.154066149,-1.445868737,-1.152734406,1.274570817,-0.186811071,1.279294801,1.088602382,0,0,0,0,0,0,0,0,0,0,0,0,0,0,0,0,0,0,0,0,0,0,0,0,0,0,0,0,0,0,0,0,0,0,0,0,0,0,0,0,0,0,0,1,0,0,0,0,0,0,0
-0.147222888,408,1,1,2.120015497,0.799130357,0.435389829,0.777487953,-0.309522727,-0.051388311,-0.309699751,0.082375399,-0.930373191,0.082568135,-2.201781066,-1.002872215,-2.198596421,-1.19377145,1,0,0,0,0,0,0,0,0,0,0,0,0,0,0,0,0,0,0,0,0,0,0,0,0,0,0,0,0,0,0,1,0,0,0,0,0,0,0,0,0,0,0,0,0,0,0,0,0,0,0
-0.355666578,510,0,0,-0.591781216,1.509226079,0.233007981,1.469246248,-0.805182081,0.097612929,-0.805123148,0.987736732,-1.0334723,0.986337274,-1.019104652,-1.002872215,-1.017175357,1.849393659,0,0,0,0,0,0,0,0,1,0,0,0,0,0,0,0,0,0,0,0,0,0,0,0,0,0,0,0,0,0,0,0,0,0,0,0,0,0,0,0,0,0,0,0,0,0,0,0,0,0,0
-0.095111965,415,0,0,-0.591781216,-1.321294368,0.941344448,-1.287614017,0.343296911,0.445282491,0.342173139,-1.000788271,-1.239670518,-1.002863142,-1.341652765,0.221219501,-1.335760812,-0.432980172,0,0,0,0,0,0,0,0,0,0,0,0,0,0,0,0,0,0,0,0,0,0,0,0,0,0,0,0,0,0,0,0,0,0,0,0,0,0,0,0,0,0,0,0,0,0,1,0,0,0,0
-0.642276652,415,0,0,-0.591781216,2.363313433,1.24491722,2.302295045,0.524635699,-0.399057873,0.524697549,0.196822882,1.750203651,0.196106972,1.238732138,-0.186811071,1.239471619,-1.19377145,1,0,0,0,0,0,0,0,0,0,1,0,0,0,0,0,0,0,0,0,0,0,0,0,0,0,0,0,0,0,0,0,0,0,0,0,0,0,0,0,0,0,0,0,0,0,0,0,0,0,0
1.025272871,408,0,0,-0.591781216,0.298118375,0.334198905,0.290318304,-0.599664788,-0.051388311,-0.59889427,0.491116407,-0.363328089,0.491307947,1.310409496,-0.186811071,1.305843589,-1.19377145,0,0,0,0,0,0,0,0,0,0,0,0,0,0,0,0,0,0,0,0,0,0,0,0,0,0,0,0,0,0,0,0,0,0,0,0,0,0,0,0,0,0,0,1,0,0,0,0,0,0,0
1.780881249,415,0,0,-0.591781216,-1.556020454,0.587176215,-1.515939467,0.591126588,-1.541400719,0.591070061,-0.15265068,-0.26022898,-0.153592645,-0.266492389,-1.002872215,-0.2605349,-1.19377145,0,0,0,0,0,0,0,0,0,0,0,0,0,0,0,0,0,0,0,0,0,0,0,0,0,0,1,0,0,0,0,0,0,0,0,0,0,0,0,0,0,0,0,0,0,0,0,0,0,0,0
-0.850720343,408,0,1,1.020638451,-1.916985779,-0.171755715,-1.867470235,1.798036968,-0.299723713,1.79762752,-0.430594565,0.719212558,-0.430627406,-1.950910312,-0.186811071,-1.946382935,1.088602382,0,0,0,0,0,0,0,0,0,0,0,0,0,0,0,0,0,0,0,0,0,0,0,0,0,0,0,0,1,0,0,0,0,0,0,0,0,0,0,0,0,0,0,0,0,0,0,0,0,0,0
0.556274568,415,0,1,1.900140088,-0.656565873,0.182412519,-0.639938358,-2.235743632,0.14728001,-2.236873061,0.38688745,-0.466427199,0.386852217,1.919667042,-0.186811071,1.916465712,0.327811105,0,0,0,0,0,0,0,0,0,0,0,0,0,0,0,0,0,0,0,0,0,0,0,0,0,0,0,0,0,0,0,1,0,0,0,0,0,0,0,0,0,0,0,0,0,0,0,0,0,0,0
-1.684495105,408,0,0,-0.591781216,-0.035232116,1.447299068,-0.035215012,0.482323315,-0.647393275,0.482029505,2.150604899,0.100617902,2.14897496,0.199410441,0.629250074,0.204068889,0.327811105,0,0,0,0,0,0,0,0,0,0,0,0,0,0,0,0,0,0,0,0,0,0,0,0,1,0,0,0,0,0,0,0,0,0,0,0,0,0,0,0,0,0,0,0,0,0,0,0,0,0,0
0.504163645,510,0,1,1.387097466,-0.516519217,-0.829496721,-0.503169153,-0.134228565,-1.342732398,-0.134286683,1.13283979,-0.311778535,1.131666985,-0.015621635,1.037280646,-0.021595808,2.610184936,0,0,0,0,0,1,0,0,0,0,0,0,0,0,0,0,0,0,0,0,0,0,0,0,0,0,0,0,0,0,0,0,0,0,0,0,0,0,0,0,0,0,0,0,0,0,0,0,0,0,0
-0.954942188,408,0,1,0.800763042,0.008162622,0.283603443,0.007737301,-1.474120722,-0.399057873,-1.473589167,0.742492127,0.925410777,0.741093387,-0.983265973,-0.594841643,-0.977352175,-1.19377145,0,0,0,0,0,0,0,0,0,0,0,0,0,0,0,0,0,0,0,0,0,0,0,0,0,0,0,1,0,0,0,0,0,0,0,0,0,0,0,0,0,0,0,0,0,0,0,0,0,0,0
-2.283770715,415,0,1,1.680264679,1.688722497,-0.323542101,1.64444647,-1.069130762,-0.250056632,-1.068242751,1.190063531,0.873861222,1.19070718,0.952022704,-1.410902787,0.947434952,-0.432980172,0,0,0,0,0,0,0,0,0,0,0,0,0,0,0,0,0,0,0,0,0,0,0,0,0,0,1,0,0,0,0,0,0,0,0,0,0,0,0,0,0,0,0,0,0,0,0,0,0,0,0
0.139387187,415,0,0,-0.591781216,-1.007668758,-0.880092183,-0.982426534,-1.343153819,0.693617893,-1.343214589,0.194779177,0.667663003,0.196106972,0.414442516,-1.002872215,0.416459193,-1.19377145,0,0,0,0,0,0,0,0,1,0,0,0,0,0,0,0,0,0,0,0,0,0,0,0,0,0,0,0,0,0,0,0,0,0,0,0,0,0,0,0,0,0,0,0,0,0,0,0,0,0,0
-0.694387575,408,0,0,-0.591781216,-0.283765619,0.99193991,-0.27710435,-0.043559171,0.29628125,-0.044209701,0.151861371,0.100617902,0.150691437,-0.158976351,-0.594841643,-0.154339748,-0.432980172,0,0,0,0,0,0,0,0,0,0,0,0,0,0,0,0,0,0,0,0,0,0,0,0,0,0,0,0,0,0,0,0,0,0,0,0,0,0,0,0,0,0,0,0,0,1,0,0,0,0,0
-0.459888423,415,0,0,-0.591781216,0.302063352,-0.424733025,0.293709276,0.19822588,-0.846061596,0.19757588,-0.418332335,-0.414877644,-0.417002746,0.271087799,3.485464078,0.270440859,-1.19377145,0,0,0,0,0,0,0,0,0,0,0,0,0,0,1,0,0,0,0,0,0,0,0,0,0,0,0,0,0,0,0,0,0,0,0,0,0,0,0,0,0,0,0,0,0,0,0,0,0,0,0
-1.345774108,415,0,0,-0.591781216,0.672891117,-1.082474031,0.65541296,1.298347862,-0.349390793,1.29746323,0.791541048,1.440906323,0.791050475,1.919667042,1.037280646,1.916465712,-1.19377145,0,0,0,0,0,0,0,0,0,0,0,0,0,0,0,0,0,0,0,0,0,0,0,0,0,0,0,0,0,0,0,0,0,0,0,0,1,0,0,0,0,0,0,0,0,0,0,0,0,0,0
-0.016945581,510,0,1,1.167222057,0.509174604,0.688367139,0.496037274,0.375534918,-0.051388311,0.375359396,0.303095544,-0.26022898,0.305104255,1.346248175,-0.186811071,1.345666771,-0.432980172,0,0,0,0,0,1,0,0,0,0,0,0,0,0,0,0,0,0,0,0,0,0,0,0,0,0,0,0,0,0,0,0,0,0,0,0,0,0,0,0,0,0,0,0,0,0,0,0,0,0,0
-0.016945581,415,0,1,1.020638451,1.444133971,0.587176215,1.405948103,-0.458623508,-0.051388311,-0.459037904,-0.872034854,2.368798307,-0.871158092,-0.624879181,-0.186811071,-0.618943537,1.088602382,0,0,0,0,0,0,0,0,0,0,0,0,0,0,0,0,0,0,0,0,0,0,0,0,0,0,1,0,0,0,0,0,0,0,0,0,0,0,0,0,0,0,0,0,0,0,0,0,0,0,0
-0.329611117,415,0,0,-0.591781216,0.242888708,-0.475328487,0.236062751,-1.472105847,1.339289936,-1.47121872,-0.929258595,1.286257659,-0.930198287,-0.983265973,0.221219501,-0.977352175,-0.432980172,0,0,0,0,0,0,0,0,0,0,0,0,0,0,0,0,0,0,0,0,0,1,0,0,0,0,0,0,0,0,0,0,0,0,0,0,0,0,0,0,0,0,0,0,0,0,0,0,0,0,0
0.790773719,415,0,1,2.266599103,-2.181299187,1.093130834,-2.12518411,-2.002018083,1.786293658,-2.00219882,-1.967460755,-0.311778535,-1.965672476,-0.409847106,-0.186811071,-0.406553234,-1.19377145,0,0,0,0,0,0,0,0,0,0,0,0,0,0,0,0,0,0,0,0,0,0,0,0,0,0,0,0,0,0,0,0,0,0,0,0,0,0,0,0,0,0,0,0,0,0,0,0,1,0,0
-0.564110269,408,0,0,-0.591781216,1.617712925,-0.171755715,1.575496705,0.200240756,-2.584409405,0.199946327,1.1369272,-0.878823636,1.136208538,-1.520846161,-0.594841643,-1.521602328,1.088602382,1,0,0,0,0,0,0,0,0,0,0,0,0,0,0,0,0,0,0,0,0,0,0,0,1,0,0,0,0,0,0,0,0,0,0,0,0,0,0,0,0,0,0,0,0,0,0,0,0,0,0
1.025272871,415,0,0,-0.591781216,1.100921039,-0.981283107,1.07250252,1.139172704,1.488291177,1.138643289,-2.00220374,0.564563894,-2.002004904,0.450281195,-0.186811071,0.456282375,0.327811105,0,0,0,0,0,0,0,0,0,0,0,0,0,0,0,0,0,0,0,0,0,0,0,0,0,0,0,0,0,0,0,0,0,0,1,0,0,0,0,0,0,0,0,0,0,0,0,0,0,0,0
0.113331725,408,0,0,-0.591781216,0.665001165,-0.019969329,0.647500691,0.085392857,-2.385741084,0.086164877,-0.43672568,-0.363328089,-0.43516896,-0.266492389,0.629250074,-0.2605349,-0.432980172,0,0,0,0,0,0,1,0,0,0,0,0,0,0,0,0,0,0,0,0,0,0,0,0,0,0,0,0,0,0,0,0,0,0,0,0,0,0,0,0,0,0,0,0,0,0,0,0,0,0,0
-0.355666578,415,0,1,1.020638451,1.659135176,-1.790810499,1.61618837,-1.959705699,0.743284973,-1.959530776,0.143686551,0.461464785,0.14160833,-0.624879181,-0.594841643,-0.618943537,1.088602382,0,0,0,0,0,0,0,0,0,0,0,0,0,0,0,0,0,0,0,0,0,0,0,0,0,0,0,0,0,0,0,0,0,0,0,0,0,0,0,0,0,0,0,0,0,0,0,0,0,0,1
-0.121167426,510,0,1,1.680264679,0.07325473,1.295512682,0.071035445,-0.104005433,0.29628125,-0.103470873,-0.42855086,-0.363328089,-0.430627406,0.091894403,0.221219501,0.097873737,-0.432980172,0,0,0,0,1,0,0,0,0,0,0,0,0,0,0,0,0,0,0,0,0,0,0,0,0,0,0,0,0,0,0,0,0,0,0,0,0,0,0,0,0,0,0,0,0,0,0,0,0,0,0
0.764718258,415,0,0,-0.591781216,1.238995207,0.030626133,1.207011077,-1.971794952,0.693617893,-1.971383011,-1.19902766,-0.569526308,-1.198149941,-0.338169747,-1.002872215,-0.340181264,0.327811105,0,0,0,0,0,0,0,0,0,0,0,0,0,0,0,0,0,0,0,0,0,0,0,0,0,0,0,0,0,0,0,0,0,0,0,0,0,0,0,0,0,0,0,0,0,0,0,0,0,0,0
-1.736606027,415,0,0,-0.591781216,-0.56583142,0.081221595,-0.551773085,-1.39554058,0.047945849,-1.39536442,-0.295710033,-0.724174972,-0.294380802,-0.123137672,1.037280646,-0.12779096,-1.19377145,0,0,0,0,0,0,0,0,0,0,0,0,0,0,0,0,0,0,0,0,0,0,0,0,0,0,0,0,0,0,0,0,0,0,0,0,0,0,0,0,0,0,0,0,0,1,0,0,0,0,0
0.99921741,415,0,0,-0.591781216,-0.820282387,0.131817057,-0.799314044,-0.728616815,-0.001721231,-0.729268848,-1.352305538,-1.909814729,-1.352562759,-0.696556539,-1.002872215,-0.698589901,-0.432980172,0,0,0,0,0,1,0,0,0,0,0,0,0,0,0,0,0,0,0,0,0,0,0,0,0,0,0,0,0,0,0,0,0,0,0,0,0,0,0,0,0,0,0,0,0,0,0,0,0,0,0
-0.980997649,415,0,0,-0.591781216,0.621606426,-1.031878569,0.604548379,0.746271996,-0.349390793,0.745149108,1.188019826,-2.167562502,1.186165626,0.736990629,-1.002872215,0.735044648,-1.19377145,0,0,0,0,0,0,0,0,0,0,0,0,0,0,0,0,0,0,0,0,0,0,0,0,0,0,0,0,0,1,0,0,0,0,0,0,0,0,0,0,0,0,0,0,0,0,0,0,0,0,0
1.337938407,415,0,0,-0.591781216,0.343485602,1.295512682,0.33440094,-1.421733961,-1.193731157,-1.421439336,-2.51313,-0.002481207,-2.515200445,-1.019104652,-0.186811071,-1.017175357,1.088602382,0,0,0,0,0,0,0,0,0,0,0,0,0,0,0,0,0,0,0,0,0,0,0,0,0,0,0,0,0,0,0,0,0,0,0,0,0,0,0,0,0,0,0,0,0,0,1,0,0,0,0
1.2076611,408,0,0,-0.591781216,0.505229628,-0.272946639,0.491515978,-0.684289556,1.388957016,-0.684230358,0.807890688,-0.827274081,0.809216689,-0.875749935,-0.186811071,-0.871157023,-0.432980172,0,0,0,0,0,0,0,0,0,0,0,0,0,0,0,0,0,0,0,0,0,0,0,0,0,0,0,0,1,0,0,0,0,0,0,0,0,0,0,0,0,0,0,0,0,0,0,0,0,0,0
0.295719955,415,0,1,1.020638451,0.04169492,0.485985291,0.040516697,0.552843955,1.140621615,0.553142911,1.259549502,2.111050534,1.258830482,-0.374008427,-0.186811071,-0.380004446,0.327811105,0,0,0,0,0,0,0,0,0,0,1,0,0,0,0,0,0,0,0,0,0,0,0,0,0,0,0,0,0,0,0,0,0,0,0,0,0,0,0,0,0,0,0,0,0,0,0,0,0,0,0
0.504163645,415,0,0,-0.591781216,1.426381578,0.99193991,1.388993243,-1.016744001,0.29628125,-1.01609292,-1.006919386,-0.208679425,-1.007404696,-0.23065371,-1.410902787,-0.233986112,0.327811105,0,0,0,0,0,0,0,0,0,0,0,0,0,0,0,0,0,0,0,0,0,0,0,0,0,0,0,0,0,0,0,0,0,0,0,0,0,1,0,0,0,0,0,0,0,0,0,0,0,0,0
1.832992172,415,0,0,-0.591781216,1.01610405,1.75087184,0.988858543,-0.241016962,-1.293065318,-0.240956792,0.11916209,1.234708105,0.118900563,0.736990629,-1.410902787,0.735044648,-0.432980172,0,0,0,0,0,0,0,0,0,0,0,0,0,0,0,0,0,0,0,0,0,0,0,0,0,0,0,0,0,0,0,0,0,0,0,0,0,0,0,0,0,0,0,0,0,0,0,0,0,0,1
0.00910988,415,0,1,1.826848285,0.402660245,0.384794367,0.392047465,-0.236987211,1.090954535,-0.236215898,0.082375399,-0.517976753,0.082568135,1.883828363,-0.186811071,1.889916924,-1.19377145,0,0,0,0,0,0,0,0,0,0,1,0,0,0,0,0,0,0,0,0,0,0,0,0,0,0,0,0,0,0,0,0,0,0,0,0,0,0,0,0,0,0,0,0,0,0,0,0,0,0,0
1.311882946,408,0,0,-0.591781216,-0.086516807,0.283603443,-0.084949268,-1.135621651,-0.647393275,-1.134615264,-0.835248163,-0.621075863,-0.834825664,0.557797233,0.221219501,0.562477527,-1.19377145,0,0,0,0,0,0,0,0,0,0,0,0,0,0,1,0,0,0,0,0,0,0,0,0,0,0,0,0,0,0,0,0,0,0,0,0,0,0,0,0,0,0,0,0,0,0,0,0,0,0,0
-1.059164033,408,0,0,-0.591781216,-1.076705842,-0.070564791,-1.04911565,0.969923168,-1.889070281,0.970341561,0.209085112,-1.085021854,0.209731632,0.342765158,-0.594841643,0.336812829,1.088602382,0,0,0,0,0,1,0,0,0,0,0,0,0,0,0,0,0,0,0,0,0,0,0,0,0,0,0,0,0,0,0,0,0,0,0,0,0,0,0,0,0,0,0,0,0,0,0,0,0,0,0
-1.528162337,408,0,0,-0.591781216,1.213352861,1.700276378,1.181013625,-1.695757019,0.693617893,-1.696411173,-0.998744566,-0.466427199,-0.998321589,0.127733082,-0.186811071,0.124422525,-1.19377145,0,0,0,0,0,0,0,0,0,0,0,0,0,0,0,0,0,0,0,1,0,0,0,0,0,0,0,0,0,0,0,0,0,0,0,0,0,0,0,0,0,0,0,0,0,0,0,0,0,0,0
-0.433832962,408,0,0,-0.591781216,0.737983225,-0.070564791,0.718711104,0.712019114,-1.591067799,0.711962852,-1.691560574,1.028509886,-1.693179268,-0.302331068,-0.186811071,-0.300358082,-0.432980172,0,0,0,0,0,0,0,0,0,0,0,0,0,0,0,1,0,0,0,0,0,0,0,0,0,0,0,0,0,0,0,0,0,0,0,0,0,0,0,0,0,0,0,0,0,0,0,0,0,0,0
-0.928886727,510,0,0,-0.591781216,0.309953304,0.485985291,0.301621544,-0.392132619,0.445282491,-0.392665392,-0.461250141,0.255266566,-0.46241828,-0.481524464,-0.186811071,-0.486199598,-1.19377145,0,0,0,0,0,0,0,0,0,0,0,0,0,0,0,0,0,0,0,0,0,0,0,0,0,0,0,0,0,0,0,0,0,0,1,0,0,0,0,0,0,0,0,0,0,0,0,0,0,0,0
-0.668332114,415,1,0,-0.591781216,0.842525095,-1.133069493,0.820440265,2.54555575,0.544616652,2.546688733,0.141642846,0.203717012,0.14160833,-0.553201823,1.85334179,-0.552571568,-0.432980172,1,0,0,0,0,0,0,0,0,0,0,0,0,0,0,0,0,0,0,0,0,0,0,0,0,0,0,0,0,0,0,0,0,0,0,0,0,0,0,0,0,0,0,1,0,0,0,0,0,0,0
2.301990475,415,0,1,2.1933073,1.519088519,-0.121160253,1.479419164,-1.010699374,0.991620374,-1.011352026,-1.595506438,-0.672625417,-1.593265092,0.414442516,-0.594841643,0.416459193,1.088602382,0,0,0,0,0,0,0,0,0,0,0,0,0,0,0,0,0,0,0,0,0,0,0,0,0,0,0,0,0,1,0,0,0,0,0,0,0,0,0,0,0,0,0,0,0,0,0,0,0,0,0
0.191498109,510,0,0,-0.591781216,0.152154255,0.030626133,0.147897478,-0.015350915,1.289622856,-0.015764339,0.307182954,0.358365676,0.305104255,0.844506666,1.445311218,0.8412398,-0.432980172,0,0,0,0,0,0,0,0,0,0,0,0,0,0,0,0,0,0,0,0,0,0,0,0,0,0,0,0,0,0,0,0,0,0,0,0,0,0,0,0,1,0,0,0,0,0,0,0,0,0,0
-0.772553959,415,0,0,-0.591781216,1.929366048,0.182412519,1.879553864,-1.387481079,1.041287454,-1.388253079,-1.515801941,0.049068348,-1.516058683,-0.732395219,-1.002872215,-0.738413083,-0.432980172,0,0,0,0,0,1,0,0,0,0,0,0,0,0,0,0,0,0,0,0,0,0,0,0,0,0,0,0,0,0,0,0,0,0,0,0,0,0,0,0,0,0,0,0,0,0,0,0,0,0,0
0.947106487,510,0,0,-0.591781216,-0.640785968,0.941344448,-0.625244146,-0.15840707,-0.448724953,-0.157991151,-0.579785033,0.255266566,-0.58049867,-0.015621635,-0.186811071,-0.021595808,-0.432980172,0,0,0,0,0,0,0,0,0,0,0,0,0,0,0,0,0,0,0,0,0,0,0,0,0,1,0,0,0,0,0,0,0,0,0,0,0,0,0,0,0,0,0,0,0,0,0,0,0,0,0
-0.485943885,408,0,0,-0.591781216,0.120594445,-3.258078897,0.11737873,1.528043661,1.686959498,1.527396577,-0.183306256,0.203717012,-0.185383519,-1.628362199,1.037280646,-1.62779748,1.849393659,0,0,0,0,0,0,0,0,0,0,0,0,0,0,0,0,0,0,0,0,0,0,0,0,0,0,0,0,0,1,0,0,0,0,0,0,0,0,0,0,0,0,0,0,0,0,0,0,0,0,0
-0.121167426,415,0,0,-0.591781216,-1.619140074,-0.121160253,-1.578107288,-1.917393315,0.892286214,-1.916862733,0.39097486,0.255266566,0.39139377,0.486119874,1.85334179,0.482831163,-0.432980172,0,0,0,0,0,0,0,0,0,0,0,0,0,0,0,0,0,0,0,0,0,0,0,0,0,0,1,0,0,0,0,0,0,0,0,0,0,0,0,0,0,0,0,0,0,0,0,0,0,0,0
-1.658439643,415,0,0,-0.591781216,0.519037044,-0.576519411,0.505079866,-0.295418599,-0.597726194,-0.29547707,2.166954539,-0.724174972,2.167141174,-0.66071786,2.669402934,-0.658766719,-1.19377145,0,0,0,0,0,0,0,0,0,0,0,0,0,0,0,0,0,0,0,0,0,0,0,0,0,0,0,0,0,0,1,0,0,0,0,0,0,0,0,0,0,0,0,0,0,0,0,0,0,0,0
-0.069056504,415,0,0,-0.591781216,0.732065761,-0.728305797,0.713059484,-0.198704578,0.693617893,-0.198288748,-0.277316687,-1.085021854,-0.276214588,0.271087799,1.85334179,0.270440859,-1.19377145,0,0,0,0,0,0,0,0,0,0,0,0,1,0,0,0,0,0,0,0,0,0,0,0,0,0,0,0,0,0,0,0,0,0,0,0,0,0,0,0,0,0,0,0,0,0,0,0,0,0,0
0.530219106,415,0,0,-0.591781216,-1.506708251,0.485985291,-1.468465859,-1.441882715,-0.895728676,-1.442773358,-0.694232515,0.667663003,-0.694037507,0.163571761,-0.594841643,0.164245707,-1.19377145,0,0,0,0,0,0,0,0,0,0,0,0,0,0,0,0,0,0,0,0,0,0,0,0,0,0,0,0,0,0,0,0,0,0,0,0,0,0,0,0,0,0,0,0,0,0,0,0,0,1,0
-0.173278349,415,0,0,-0.591781216,-0.794640041,-0.272946639,-0.774446916,-0.837420088,-0.399057873,-0.838309404,-1.489233776,1.492455878,-1.488809363,-0.911588615,-0.594841643,-0.910980205,-1.19377145,0,0,0,0,0,0,0,0,0,0,0,0,0,0,0,0,0,0,0,0,0,0,0,0,0,0,0,0,0,0,0,0,0,0,0,0,0,0,0,1,0,0,0,0,0,0,0,0,0,0,0
-0.043001042,415,0,0,-0.591781216,0.227108803,0.485985291,0.220238215,-0.740706067,0.097612929,-0.741121083,0.869201839,0.719212558,0.868256884,1.382086854,-0.594841643,1.385489953,-0.432980172,0,0,0,0,0,0,0,0,0,0,0,0,0,0,0,0,1,0,0,0,0,0,0,0,0,0,0,0,0,0,0,0,0,0,0,0,0,0,0,0,0,0,0,0,0,0,0,0,0,0,0
1.624548481,510,0,1,1.093930254,0.004217646,0.182412519,-0.378833511,-0.226912834,-1.789736121,-0.226734111,0.589214249,0.925410777,0.591222123,0.056055724,1.037280646,0.058050555,-0.432980172,0,0,0,0,0,0,0,0,0,0,0,0,0,0,0,0,0,0,0,0,0,0,0,0,0,0,1,0,0,0,0,0,0,0,0,0,0,0,0,0,0,0,0,0,0,0,0,0,0,0,0
1.572437559,510,0,0,-0.591781216,0.828717679,-0.272946639,0.806876377,-0.154377319,-0.895728676,-0.153250258,-0.142432155,0.667663003,-0.144509538,-1.341652765,-0.186811071,-1.335760812,1.088602382,0,0,0,0,0,0,0,0,0,0,0,0,0,0,0,0,0,0,0,0,0,0,0,0,1,0,0,0,0,0,0,0,0,0,0,0,0,0,0,0,0,0,0,0,0,0,0,0,0,0,0
-0.043001042,415,0,0,-0.591781216,-2.30359345,-0.981283107,-2.244998455,0.611275342,-1.789736121,0.612404083,-0.657445825,1.080059441,-0.657705079,-0.624879181,0.221219501,-0.618943537,-0.432980172,0,0,0,0,0,0,0,0,0,0,0,1,0,0,0,0,0,0,0,0,0,0,0,0,0,0,0,0,0,0,0,0,0,0,0,0,0,0,0,0,0,0,0,0,0,0,0,0,0,0,0
0.191498109,415,0,0,-0.591781216,0.708395903,-1.133069493,0.68932268,-0.108035184,0.941953294,-0.108211767,-0.13630104,-1.806715619,-0.135426431,-2.380974462,0.221219501,-2.384437936,-0.432980172,0,0,0,0,0,1,0,0,0,0,0,0,0,0,0,0,0,0,0,0,0,0,0,0,0,0,0,0,0,0,0,0,0,0,0,0,0,0,0,0,0,0,0,0,0,0,0,0,0,0,0
-0.433832962,510,0,1,2.486474512,-0.283765619,-0.171755715,-0.27710435,0.460159686,0.892286214,0.460695483,1.220719106,-1.445868737,1.222498054,-0.947427294,1.037280646,-0.950803387,1.088602382,0,0,0,0,0,0,1,0,0,0,0,0,0,0,0,0,0,0,0,0,0,0,0,0,0,0,0,0,0,0,0,0,0,0,0,0,0,0,0,0,0,0,0,0,0,0,0,0,0,0,0
0.99921741,510,0,0,-0.591781216,0.463807377,-0.981283107,0.450824313,-0.970401866,-0.051388311,-0.971054429,-0.066815068,-1.239670518,-0.067303129,-0.194815031,-0.594841643,-0.19416293,0.327811105,0,0,0,0,0,0,0,1,0,0,0,0,0,0,0,0,0,0,0,0,0,0,0,0,0,0,0,0,0,0,0,0,0,0,0,0,0,0,0,0,0,0,0,0,0,0,0,0,0,0,0
-0.016945581,510,0,0,-0.591781216,0.004217646,-1.537833189,0.299360896,0.323148157,0.395615411,0.323209564,1.202325761,0.976960331,1.20433184,0.808667987,-0.186811071,0.814691012,1.088602382,0,0,0,0,0,0,0,0,0,0,0,0,0,0,0,0,0,0,0,0,0,0,0,0,0,0,0,0,0,0,0,0,0,0,0,0,0,0,0,0,0,0,1,0,0,0,0,0,0,0,0
0.738662797,510,0,0,-0.591781216,-0.709823052,0.688367139,-0.691933263,1.957212126,-0.101055392,1.956447461,0.235653277,-0.724174972,0.236980953,0.414442516,1.445311218,0.416459193,1.849393659,0,0,0,0,0,0,0,0,0,0,0,0,0,0,0,0,0,0,0,0,0,0,0,0,0,0,0,0,0,0,0,0,0,0,0,0,0,0,0,0,0,0,0,0,0,0,0,0,0,0,1
0.139387187,415,0,0,-0.591781216,-1.28776207,0.182412519,-1.254834621,-2.465439431,0.047945849,-2.464435961,0.64643799,-1.136571409,0.645720764,-3.671166913,-1.818933359,-3.672054152,0.327811105,0,0,0,0,0,0,0,0,0,0,0,0,0,0,0,0,0,0,0,0,0,0,0,0,1,0,0,0,0,0,0,0,0,0,0,0,0,0,0,0,0,0,0,0,0,0,0,0,0,0,0
1.754825788,415,0,1,1.020638451,-0.074681879,-1.537833189,-0.073646028,0.222404386,0.24661417,0.221280349,-0.542998343,-0.981922745,-0.544166243,-1.054943331,0.221219501,-1.056998539,0.327811105,0,0,0,0,0,0,0,0,0,0,0,0,0,0,0,0,0,0,0,0,0,0,0,0,0,0,0,0,0,0,0,0,0,0,0,0,0,0,0,0,0,1,0,0,0,0,0,0,0,0,0
-1.137330417,408,1,1,1.606972875,1.081196157,1.49789453,1.053287012,-0.11005006,0.792952053,-0.110582214,1.384215509,-0.311778535,1.385993978,0.414442516,-0.186811071,0.416459193,0.327811105,0,0,0,0,0,0,0,0,0,0,1,0,0,0,0,0,0,0,0,0,0,0,0,0,0,0,0,0,0,0,0,0,0,0,0,0,0,0,0,0,0,0,0,0,0,0,0,0,0,0,0
-0.876775804,415,0,0,-0.591781216,0.611743986,0.789558062,0.595505787,0.373520042,-0.697060355,0.372988949,-0.43672568,-0.878823636,-0.43516896,-1.090782011,0.629250074,-1.096821721,-0.432980172,0,0,0,1,0,0,0,0,0,0,0,0,0,0,0,0,0,0,0,0,0,0,0,0,0,0,0,0,0,0,0,0,0,0,0,0,0,0,0,0,0,0,0,0,0,0,0,0,0,0,0
-0.016945581,408,0,0,-0.591781216,0.051557361,1.194321758,0.049559289,-0.619813542,0.494949571,-0.620228292,-0.348846364,0.822311667,-0.348879444,-0.338169747,-0.594841643,-0.340181264,-0.432980172,0,0,0,0,0,0,0,0,0,0,0,0,0,0,0,0,0,0,0,0,0,0,0,0,0,0,0,0,0,0,0,0,0,0,0,0,0,0,0,0,0,0,0,0,0,0,0,0,0,0,0
-0.59016573,510,0,0,-0.591781216,0.20935641,-0.627114873,0.203283355,-0.124154187,-0.548059114,-0.124804895,1.13283979,0.461464785,1.131666985,0.521958554,0.221219501,0.522654345,0.327811105,0,0,0,0,0,0,0,0,0,0,0,0,0,0,0,0,0,0,0,0,0,0,0,0,0,0,0,0,0,0,0,0,0,0,0,0,0,0,0,0,0,0,0,0,0,0,0,0,0,0,0
-0.016945581,415,0,1,2.1933073,-0.051012021,-0.627114873,-0.049909224,-0.744735818,0.395615411,-0.745861976,0.850808494,-1.445868737,0.85009067,-1.019104652,-1.002872215,-1.017175357,-1.19377145,0,0,0,0,0,0,1,0,0,0,0,0,0,0,0,0,0,0,0,0,0,0,0,0,0,0,0,0,0,0,0,0,0,0,0,0,0,0,0,0,0,0,0,0,0,0,0,0,0,0,0
0.321775416,415,0,0,-0.591781216,0.708395903,-0.222351177,0.68932268,-0.146317817,1.339289936,-0.146138917,-1.955198525,0.770762113,-1.956589369,1.167054779,-0.594841643,1.173099649,-0.432980172,0,0,0,0,0,0,0,0,0,0,0,0,0,0,0,0,0,1,0,0,0,0,0,0,0,0,0,0,0,0,0,0,0,0,0,0,0,0,0,0,0,0,0,0,0,0,0,0,0,0,0
-0.59016573,510,0,0,-0.591781216,-0.834089804,0.435389829,-0.812877932,0.74425712,-2.534742324,0.745149108,0.11507468,1.85330276,0.114359009,1.346248175,2.669402934,1.345666771,1.088602382,0,0,0,0,0,0,0,0,0,0,0,0,0,0,0,0,0,0,0,0,0,0,1,0,0,0,0,0,0,0,0,0,0,0,0,0,0,0,0,0,0,0,0,0,0,0,0,0,0,0,0
0.738662797,510,0,1,2.046723694,0.258668613,0.131817057,0.251887287,-0.476757387,-0.846061596,-0.475631033,0.315357774,0.925410777,0.314187362,2.206376476,0.221219501,2.20850238,-0.432980172,0,0,0,0,0,0,0,0,0,0,0,0,0,0,0,0,0,0,0,0,0,0,0,0,0,0,0,0,0,0,0,0,0,0,0,0,0,1,0,0,0,0,0,0,0,0,0,0,0,0,0
-1.137330417,510,0,0,-0.591781216,-0.599363718,-0.019969329,-0.584552482,-0.009306288,0.494949571,-0.008652998,0.62600094,0.049068348,0.62755455,0.593635912,-0.594841643,0.589026314,0.327811105,0,0,0,0,0,0,0,0,0,0,0,0,0,0,0,0,0,0,0,0,0,0,0,0,0,0,0,0,0,0,0,0,0,0,0,0,0,0,0,0,0,0,1,0,0,0,0,0,0,0,0
-0.485943885,408,0,0,-0.591781216,-0.709823052,0.789558062,-0.691933263,-0.603694539,-0.051388311,-0.603635164,1.770475762,-0.26022898,1.772026023,-0.875749935,0.221219501,-0.871157023,-0.432980172,0,0,0,0,0,0,0,0,0,0,0,0,0,0,0,0,0,0,0,0,0,0,0,0,0,0,0,0,0,0,0,0,0,0,0,0,0,0,0,0,0,0,0,0,0,0,0,0,0,1,0
-0.173278349,510,0,0,-0.591781216,1.805099296,0.233007981,1.757478871,0.039050722,0.24661417,0.038755939,0.419586731,-2.528409385,0.418643091,0.450281195,-0.594841643,0.456282375,1.088602382,1,0,0,0,0,0,0,0,0,0,0,0,0,0,0,0,0,0,0,0,0,0,0,0,0,0,0,0,0,0,0,0,0,0,0,0,0,0,0,0,0,0,0,0,0,0,0,0,0,0,1
-0.277500194,415,0,0,-0.591781216,0.542706902,1.042535372,0.527686346,1.850423729,0.19694709,1.849777352,0.515640868,0.152167457,0.514015714,-0.804072577,-1.410902787,-0.804785053,0.327811105,0,0,0,0,0,0,0,0,0,0,0,0,0,0,0,0,0,0,0,0,0,0,0,0,0,0,0,0,0,0,0,0,0,0,0,0,0,0,0,0,0,0,0,0,0,0,0,0,0,0,1
-1.371829569,510,0,0,-0.591781216,2.381065826,-0.323542101,2.319249905,-1.359272823,0.14728001,-1.359807717,-0.074989889,-0.311778535,-0.076386236,-1.090782011,0.221219501,-1.096821721,0.327811105,0,0,0,0,0,0,0,0,0,0,0,0,0,0,0,1,0,0,0,0,0,0,0,0,0,0,0,0,0,0,0,0,0,0,0,0,0,0,0,0,0,0,0,0,0,0,0,0,0,0,0
-0.407777501,408,0,1,2.120015497,0.98454424,1.143726296,0.958339795,-1.377406702,-0.498392034,-1.376400845,0.221347342,-1.239670518,0.223356292,-0.266492389,1.445311218,-0.2605349,0.327811105,0,0,0,0,0,0,0,0,0,0,0,0,0,0,0,0,0,0,0,0,0,0,0,0,0,0,0,0,0,0,0,0,1,0,0,0,0,0,0,0,0,0,0,0,0,0,0,0,0,0,0
-0.19933381,415,1,1,0.874054845,0.154126743,0.485985291,0.150158126,-0.621828417,-0.299723713,-0.622598739,-0.526648702,1.389356769,-0.526000029,0.66531327,-0.186811071,0.668672678,-0.432980172,0,0,0,0,0,0,0,0,0,0,0,0,0,0,0,0,0,0,0,0,0,0,0,0,0,0,0,0,0,0,0,1,0,0,0,0,0,0,0,0,0,0,0,0,0,0,0,0,0,0,0
1.780881249,415,1,0,-0.591781216,-2.417997761,-0.121160253,-2.355770208,-0.019380665,-1.094396997,-0.020505233,1.504794107,0.152167457,1.504074368,-1.341652765,0.629250074,-1.335760812,1.088602382,0,0,0,0,0,0,0,1,0,0,0,0,0,0,0,0,0,0,0,0,0,0,0,0,0,0,0,0,0,0,0,0,0,0,0,0,0,0,0,0,0,0,0,0,0,0,0,0,0,0,0
-0.850720343,415,0,0,-0.591781216,-0.346885239,-0.728305797,-0.338141847,-0.92002998,-0.697060355,-0.918904598,-0.232355177,-0.672625417,-0.230799054,0.271087799,1.85334179,0.270440859,2.610184936,1,0,0,0,0,0,0,0,0,0,0,0,0,0,0,0,0,0,0,0,0,0,0,0,0,0,0,0,0,0,0,0,0,0,0,0,0,0,0,0,0,0,0,0,1,0,0,0,0,0,0
-0.251444733,415,1,0,-0.591781216,-0.684180707,-0.576519411,-0.667066134,-0.500935892,0.097612929,-0.501705948,0.462504537,2.62654608,0.464058626,2.313892514,-0.594841643,2.314697531,0.327811105,1,0,0,0,0,0,0,0,0,0,0,0,0,0,0,0,0,1,0,0,0,0,0,0,0,0,0,0,0,0,0,0,0,0,0,0,0,0,0,0,0,0,0,0,0,0,0,0,0,0,0
-0.850720343,510,0,0,-0.591781216,-0.39816993,1.143726296,-0.387876103,0.808733134,-0.349390793,0.809151174,0.188648061,-1.239670518,0.187023865,0.414442516,-0.594841643,0.416459193,-0.432980172,0,0,0,0,0,0,0,0,0,0,0,0,0,0,0,0,1,0,0,0,0,0,0,0,0,0,0,0,0,0,0,0,0,0,0,0,0,0,0,0,0,0,0,0,0,0,0,0,0,0,0
0.00910988,510,0,0,-0.591781216,0.217246363,-1.436642265,0.211195623,0.159943247,0.14728001,0.15964873,0.055807234,0.564563894,0.055318814,-0.517363143,1.445311218,-0.512748386,-0.432980172,0,0,0,0,0,0,0,0,0,0,0,0,0,0,0,0,0,0,0,0,0,0,1,0,0,0,0,0,0,0,0,0,0,0,0,0,0,0,0,0,0,0,0,0,0,0,0,0,0,0,0
-0.876775804,510,0,1,0.874054845,1.004269121,-3.055697049,0.977555303,-0.23295746,-2.087738602,-0.233845451,-0.794374062,0.770762113,-0.793951683,-0.302331068,-1.002872215,-0.300358082,-0.432980172,0,0,0,0,0,0,0,0,0,0,0,0,0,0,0,0,0,0,0,0,0,0,0,0,0,0,0,0,0,0,0,0,0,0,0,0,0,0,0,0,0,0,0,0,1,0,0,0,0,0,0
0.3999418,415,0,1,0.654179436,0.270503542,0.587176215,0.263190527,0.804703383,1.537958257,0.80441028,0.961168566,-0.105580316,0.959087953,0.414442516,-0.594841643,0.416459193,2.610184936,0,0,0,0,0,0,0,0,0,1,0,0,0,0,0,0,0,0,0,0,0,0,0,0,0,0,0,0,0,0,0,0,0,0,0,0,0,0,0,0,0,0,0,0,0,0,0,0,0,0,0
1.494271175,408,0,0,-0.591781216,0.44013752,1.295512682,0.428217833,-0.748765569,-0.697060355,-0.748232423,-0.115863989,-0.827274081,-0.117260217,0.056055724,0.629250074,0.058050555,-0.432980172,0,0,0,0,0,0,0,0,0,0,0,0,0,0,0,0,0,0,1,0,0,0,0,0,0,0,0,0,0,0,0,0,0,0,0,0,0,0,0,0,0,0,0,0,0,0,0,0,0,0,0
-0.59016573,415,0,0,-0.591781216,0.236971244,1.093130834,0.230411131,0.820822387,-0.597726194,0.821003408,0.049676119,-0.724174972,0.050777261,-0.409847106,0.221219501,-0.406553234,-0.432980172,0,0,0,0,0,0,0,0,0,0,0,0,0,0,0,0,0,0,0,0,0,0,0,0,0,0,1,0,0,0,0,0,0,0,0,0,0,0,0,0,0,0,0,0,0,0,0,0,0,0,0
0.478108184,415,0,1,1.313805663,-0.362665144,-0.171755715,-0.353966383,1.000146299,0.494949571,1.00115737,-1.19902766,-0.414877644,-1.198149941,-1.305814086,1.445311218,-1.309212024,-0.432980172,0,0,0,0,0,0,0,0,0,0,0,0,0,0,0,0,0,0,0,0,0,0,0,0,0,0,0,0,0,0,0,0,0,0,0,0,0,0,0,0,0,0,0,0,0,0,0,1,0,0,0
0.504163645,415,0,0,-0.591781216,-0.573721372,-0.778901259,-0.559685353,-1.645385133,1.388957016,-1.644261342,0.6505254,1.18315855,0.650262318,-1.377491444,-1.002872215,-1.375583994,-0.432980172,0,0,0,0,0,0,0,0,0,0,0,0,0,0,0,0,0,0,0,0,0,0,1,0,0,0,0,0,0,0,0,0,0,0,0,0,0,0,0,0,0,0,0,0,0,0,0,0,0,0,0
1.416104791,510,0,0,-0.591781216,0.096924587,0.081221595,0.093641926,-0.093931056,0.842619133,-0.093989086,0.519728278,1.131608995,0.518557267,-0.875749935,-1.410902787,-0.871157023,-0.432980172,0,0,0,0,0,0,0,0,0,0,0,0,0,0,0,0,0,1,0,0,0,0,0,0,0,0,0,0,0,0,0,0,0,0,0,0,0,0,0,0,0,0,0,0,0,0,0,0,0,0,0
0.139387187,408,0,0,-0.591781216,0.808992797,0.99193991,0.787660869,1.401106509,-0.250056632,1.401762892,-1.624118308,0.667663003,-1.625055966,-0.553201823,0.221219501,-0.552571568,-0.432980172,0,0,0,0,0,0,0,0,0,0,0,0,0,0,0,0,0,0,1,0,0,0,0,0,0,0,0,0,0,0,0,0,0,0,0,0,0,0,0,0,0,0,0,0,0,0,0,0,0,0,0
1.181605639,415,0,1,1.753556482,-0.506656776,-1.031878569,-0.494126561,-0.305492976,-0.448724953,-0.304958858,-1.080492768,0.358365676,-1.080069551,-0.732395219,-0.186811071,-0.738413083,1.088602382,0,1,0,0,0,0,0,0,0,0,0,0,0,0,0,0,0,0,0,0,0,0,0,0,0,0,0,0,0,0,0,0,0,0,0,0,0,0,0,0,0,0,0,0,0,0,0,0,0,0,0
0.00910988,415,0,1,1.533681072,-1.155605366,0.789558062,-1.125977683,-0.287359097,-0.001721231,-0.288365729,0.830371444,-1.291220073,0.831924456,-0.051460314,0.629250074,-0.048144596,-1.19377145,0,0,0,0,0,0,0,0,0,0,0,0,0,0,0,0,0,0,0,0,0,0,0,0,1,0,0,0,0,0,0,0,0,0,0,0,0,0,0,0,0,0,0,0,0,0,0,0,0,0,0
-2.049271563,510,0,1,1.093930254,0.047612385,-0.323542101,0.046168317,-0.726601939,-2.038071522,-0.726898401,-1.476971545,0.100617902,-1.475184702,0.880345346,-0.186811071,0.881062982,1.088602382,0,0,0,0,0,1,0,0,0,0,0,0,0,0,0,0,0,0,0,0,0,0,0,0,0,0,0,0,0,0,0,0,0,0,0,0,0,0,0,0,0,0,0,0,0,0,0,0,0,0,0
-1.554217798,415,0,0,-0.591781216,0.595964081,0.233007981,0.579681251,-1.586953746,0.24661417,-1.587370617,1.075616048,0.203717012,1.077168343,-0.23065371,-0.186811071,-0.233986112,-0.432980172,0,0,0,0,0,0,0,0,0,0,0,0,0,0,0,0,0,0,0,0,0,0,0,0,0,0,0,0,0,0,0,0,0,0,1,0,0,0,0,0,0,0,0,0,0,0,0,0,0,0,0
-0.824664882,415,0,0,-0.591781216,-0.24037088,-1.234260417,-0.234152038,0.834926515,-0.399057873,0.835226089,-2.041034136,0.152167457,-2.042878885,0.414442516,-0.186811071,0.416459193,0.327811105,0,0,0,0,0,0,0,0,0,0,0,0,0,0,0,0,0,0,0,0,0,0,0,0,0,0,0,0,0,0,0,0,0,0,0,0,0,1,0,0,0,0,0,0,0,0,0,0,0,0,0
-1.762661489,415,0,0,-0.591781216,0.674863606,-0.627114873,0.656543284,0.78858438,0.941953294,0.787817152,-1.070274243,-1.497418292,-1.070986444,-0.158976351,3.89349465,-0.154339748,0.327811105,0,0,0,0,0,0,0,0,0,0,0,0,0,0,0,0,0,0,0,0,0,0,0,0,0,0,0,0,0,0,0,0,0,0,0,0,0,0,0,0,0,0,0,0,0,0,0,0,0,0,1
0.295719955,415,0,0,-0.591781216,-1.260147237,0.384794367,-1.227706844,0.85910502,0.544616652,0.858930558,-0.336584134,-1.136571409,-0.335254783,1.023700062,0.221219501,1.027081316,-0.432980172,0,0,0,0,0,0,0,0,0,0,0,0,0,0,0,0,0,0,0,0,0,0,0,0,0,0,0,0,0,0,0,0,0,0,0,0,0,0,0,0,0,0,0,0,1,0,0,0,0,0,0
0.921051026,415,0,1,0.947346648,0.004217646,-0.627114873,-0.005826587,-0.394147494,-0.150722472,-0.395035839,2.444898425,1.028509886,2.444175935,-0.266492389,-0.186811071,-0.2605349,0.327811105,0,0,0,0,0,0,0,0,0,0,0,0,0,0,0,0,0,0,0,0,0,0,0,0,0,0,0,0,0,0,0,0,0,1,0,0,0,0,0,0,0,0,0,0,0,0,0,0,0,0,0
0.712607335,510,0,0,-0.591781216,0.150181767,-0.829496721,0.14563683,1.413195761,-0.250056632,1.413615127,0.108943565,-1.652066956,0.109817456,-0.051460314,0.221219501,-0.048144596,-0.432980172,0,0,0,0,0,0,0,0,0,0,0,0,0,0,0,0,0,0,0,0,0,0,0,0,0,0,0,1,0,0,0,0,0,0,0,0,0,0,0,0,0,0,0,0,0,0,0,0,0,0,0
-0.016945581,408,0,0,-0.591781216,0.424357615,1.396703606,0.412393297,0.534710076,-0.001721231,0.534179336,-1.129541689,-0.466427199,-1.130026639,-0.66071786,-0.594841643,-0.658766719,0.327811105,0,0,0,0,0,0,0,0,0,0,0,0,0,0,0,0,0,0,0,0,0,0,0,0,0,0,0,1,0,0,0,0,0,0,0,0,0,0,0,0,0,0,0,0,0,0,0,0,0,0,0
1.572437559,415,1,0,-0.591781216,0.195548993,-1.133069493,0.189719467,1.344689997,0.842619133,1.344872167,-0.338627839,1.904852315,-0.339796337,-3.205264084,0.629250074,-3.207450363,-0.432980172,0,0,0,0,0,0,0,0,0,0,0,0,0,0,0,0,0,0,0,0,0,0,0,0,0,0,0,0,0,0,0,0,0,0,0,0,0,0,0,0,0,0,0,0,0,0,0,0,0,0,1
0.504163645,415,0,1,1.680264679,-0.516519217,-0.880092183,-0.503169153,0.371505167,-0.200389552,0.370618502,0.742492127,-1.239670518,0.741093387,0.414442516,-0.186811071,0.416459193,-1.19377145,0,0,0,0,0,0,0,0,0,1,0,0,0,0,0,0,0,0,0,0,0,0,0,0,0,0,0,0,0,0,0,0,0,0,0,0,0,0,0,0,0,0,0,0,0,0,0,0,0,0,0
0.321775416,415,0,0,-0.591781216,0.156099231,-0.171755715,0.15128845,0.151883746,0.892286214,0.152537389,-0.861816329,0.049068348,-0.862074985,-0.553201823,0.629250074,-0.552571568,0.327811105,0,0,0,0,1,0,0,0,0,0,0,0,0,0,0,0,0,0,0,0,0,0,0,0,0,0,0,0,0,0,0,0,0,0,0,0,0,0,0,0,0,0,0,0,0,0,0,0,0,0,0
0.556274568,415,1,0,-0.591781216,1.010186585,1.599085454,0.983206923,0.857090144,-0.051388311,0.856560111,-0.381545644,-2.219112057,-0.380670318,0.271087799,-1.002872215,0.270440859,-1.19377145,1,0,0,0,0,0,0,0,0,0,0,0,0,0,0,0,0,0,0,0,0,0,0,0,0,0,0,0,0,0,0,0,0,0,0,0,0,0,1,0,0,0,0,0,0,0,0,0,0,0,0
1.233716562,415,0,1,1.313805663,1.286334922,2.50980377,1.252224038,-1.665533887,1.885627819,-1.665595364,0.713880257,-0.466427199,0.713844066,1.776312326,-0.186811071,1.770447378,0.327811105,0,0,0,0,0,0,0,0,0,0,0,0,0,0,0,0,0,0,0,0,0,0,0,0,0,0,0,0,0,0,0,0,0,0,0,0,0,0,0,0,0,0,0,0,0,0,0,0,0,1,0
-0.694387575,415,0,0,-0.591781216,0.004217646,-0.374137563,0.983206923,0.450085308,-1.094396997,0.451213696,-0.884297084,0.049068348,-0.884782752,-0.194815031,-1.002872215,-0.19416293,1.088602382,0,0,0,0,0,0,0,0,0,0,0,0,0,0,0,0,0,0,0,0,0,0,0,0,0,0,0,0,0,0,0,1,0,0,0,0,0,0,0,0,0,0,0,0,0,0,0,0,0,0,0
0.139387187,415,0,0,-0.591781216,0.14623679,0.182412519,0.142245858,0.998131424,0.842619133,0.998786924,-1.147935034,-0.981922745,-1.148192853,0.271087799,-0.594841643,0.270440859,-0.432980172,0,0,0,0,0,0,0,0,0,0,0,0,0,0,0,0,0,0,0,0,0,0,0,0,0,0,1,0,0,0,0,0,0,0,0,0,0,0,0,0,0,0,0,0,0,0,0,0,0,0,0
2.041435862,415,0,0,-0.591781216,-0.177251261,-2.347360581,-0.173114541,-0.192659952,0.395615411,-0.193547854,0.276527378,0.358365676,0.277854934,1.095377421,-0.186811071,1.093453286,-0.432980172,0,0,0,0,0,0,0,0,0,0,0,0,0,0,0,0,0,0,0,0,0,0,0,1,0,0,0,0,0,0,0,0,0,0,0,0,0,0,0,0,0,0,0,0,0,0,0,0,0,0,0
-0.616221191,510,0,0,-0.591781216,0.193576505,0.587176215,0.188589143,0.127705241,-0.250056632,0.128832921,0.266308853,-0.466427199,0.264230273,-0.374008427,1.037280646,-0.380004446,-1.19377145,0,0,0,0,0,0,0,0,0,0,0,0,0,1,0,0,0,0,0,0,0,0,0,0,0,0,0,0,0,0,0,0,0,0,0,0,0,0,0,0,0,0,0,0,0,0,0,0,0,0,0
0.686551874,408,1,0,-0.591781216,-0.054956998,0.485985291,-0.05443052,-0.66011105,-0.001721231,-0.660525889,-0.385633054,1.95640187,-0.385211871,-0.911588615,-1.002872215,-0.910980205,-0.432980172,1,0,0,0,0,0,0,0,0,0,0,0,0,0,0,0,0,0,0,1,0,0,0,0,0,0,0,0,0,0,0,0,0,0,0,0,0,0,0,0,0,0,0,0,0,0,0,0,0,0,0
-0.016945581,415,0,0,-0.591781216,-0.36661012,-0.070564791,-0.357357355,-0.037514544,-0.945395756,-0.037098361,0.558558674,0.822311667,0.559431248,0.127733082,-0.186811071,0.124422525,-0.432980172,0,0,0,0,0,0,0,0,0,0,0,0,0,0,0,0,0,0,0,0,0,0,0,0,0,0,0,0,0,0,0,0,0,0,0,0,0,1,0,0,0,0,0,0,0,0,0,0,0,0,0
-1.033108572,415,0,1,0.874054845,1.473721293,1.649680916,1.435336528,-0.785033327,-0.200389552,-0.786159573,1.028610833,-0.466427199,1.027211255,0.091894403,-0.186811071,0.097873737,-1.19377145,0,1,0,0,0,0,0,0,0,0,0,0,0,0,0,0,0,0,0,0,0,0,0,0,0,0,0,0,0,0,0,0,0,0,0,0,0,0,0,0,0,0,0,0,0,0,0,0,0,0,0
0.894995565,510,1,1,1.167222057,-1.025421151,-2.347360581,-0.999381394,0.288895275,0.24661417,0.290023308,0.679137271,-0.827274081,0.677511638,-1.59252352,-0.186811071,-1.587974298,0.327811105,0,0,0,0,0,0,0,0,0,0,0,0,0,0,0,0,0,0,0,0,0,0,0,0,0,0,0,0,1,0,0,0,0,0,0,0,0,0,0,0,0,0,0,0,0,0,0,0,0,0,0
0.373886338,415,0,1,1.313805663,-0.181196237,0.334198905,-0.176505513,0.333222534,-1.144064077,0.332691352,0.503378638,-1.497418292,0.504932607,1.202893458,0.221219501,1.199648437,3.370976214,0,0,0,0,0,0,0,0,0,0,0,0,0,0,0,0,0,0,1,0,0,0,0,0,0,0,0,0,0,0,0,0,0,0,0,0,0,0,0,0,0,0,0,0,0,0,0,0,0,0,0
0.165442648,510,1,0,-0.591781216,1.850466523,0.182412519,1.802691832,-0.339745858,-1.591067799,-0.340515561,-0.966045286,-1.70361651,-0.966530715,0.271087799,1.85334179,0.270440859,0.327811105,0,0,0,0,0,0,0,0,0,0,0,0,0,0,0,0,0,0,0,0,0,0,0,0,0,1,0,0,0,0,0,0,0,0,0,0,0,0,0,0,0,0,0,0,0,0,0,0,0,0,0
0.295719955,415,0,0,-0.591781216,-0.350830215,1.902658226,-0.342663143,0.00479784,0.693617893,0.005569683,-1.370698883,1.750203651,-1.370728973,0.163571761,-0.186811071,0.164245707,-0.432980172,0,0,0,0,0,0,0,0,0,0,0,0,0,0,0,0,0,0,0,0,0,0,0,0,0,0,0,0,0,0,0,0,0,0,0,0,0,0,0,0,0,0,0,0,0,0,0,0,0,1,0
0.061220803,408,1,0,-0.591781216,-2.305565938,1.194321758,-2.246128779,-0.609739165,-1.69040196,-0.610746504,1.617197884,-1.136571409,1.617613205,-0.302331068,-0.186811071,-0.300358082,1.088602382,0,0,0,0,0,0,0,0,0,0,0,0,0,0,0,0,1,0,0,0,0,0,0,0,0,0,0,0,0,0,0,0,0,0,0,0,0,0,0,0,0,0,0,0,0,0,0,0,0,0,0
-0.824664882,415,0,0,-0.591781216,0.956929406,-1.537833189,0.931212018,1.270139606,-0.995062836,1.269017867,-1.19494025,-2.064463393,-1.193608388,0.163571761,0.221219501,0.164245707,1.088602382,0,0,0,0,0,0,0,0,0,0,0,0,0,0,0,0,0,0,0,0,0,0,0,0,0,0,0,0,0,0,0,0,0,0,0,0,0,0,1,0,0,0,0,0,0,0,0,0,0,0,0
-0.407777501,408,0,0,-0.591781216,0.593991593,-0.930687645,0.578550927,-0.124154187,-0.299723713,-0.124804895,-0.013678737,-0.775724527,-0.012804488,0.378603837,-0.594841643,0.376636011,-1.19377145,0,0,0,0,0,0,0,0,0,0,0,0,0,0,0,0,0,0,0,0,0,0,0,0,0,0,0,0,0,0,0,0,0,0,0,0,0,0,0,0,0,1,0,0,0,0,0,0,0,0,0
-1.99716064,408,0,0,-0.591781216,1.694639962,-0.728305797,1.65009809,0.163972998,0.097612929,0.164389624,-0.379501939,0.255266566,-0.380670318,0.306926478,0.629250074,0.310264041,0.327811105,1,0,0,0,0,0,0,0,0,0,0,0,0,0,0,0,0,0,0,0,0,0,0,0,0,0,0,0,0,0,0,1,0,0,0,0,0,0,0,0,0,0,0,0,0,0,0,0,0,0,0
-0.277500194,415,0,0,-0.591781216,0.694588487,-0.171755715,0.675758792,-1.669563638,0.842619133,-1.670336258,-1.376829998,-1.136571409,-1.375270526,0.557797233,-1.002872215,0.562477527,0.327811105,0,1,0,0,0,0,0,0,0,0,0,0,0,0,0,0,0,0,0,0,0,0,0,0,0,0,0,0,0,0,0,0,0,0,0,0,0,0,0,0,0,0,0,0,0,0,0,0,0,0,0
0.947106487,510,0,0,-0.591781216,-1.364689107,-1.082474031,-1.329436005,0.454115059,0.544616652,0.453584142,-0.645183594,-1.858265174,-0.644080419,0.091894403,-0.594841643,0.097873737,1.088602382,0,0,0,0,0,0,0,0,0,0,0,0,0,0,0,0,0,0,0,0,0,1,0,0,0,0,0,0,0,0,0,0,0,0,0,0,0,0,0,0,0,0,0,0,0,0,0,0,0,0,0
-0.824664882,510,1,1,1.826848285,1.811016761,-0.121160253,1.764260815,1.062607438,0.097612929,1.062788989,-0.728975501,-0.775724527,-0.730369935,-0.732395219,-1.002872215,-0.738413083,-0.432980172,1,0,0,0,0,0,0,0,0,0,0,0,0,0,0,0,0,0,0,0,0,0,0,0,0,0,0,0,0,0,0,0,0,1,0,0,0,0,0,0,0,0,0,0,0,0,0,0,0,0,0
-1.449995953,408,0,0,-0.591781216,-1.31932188,0.384794367,-1.285353369,0.365460541,0.991620374,0.365877608,0.799715868,0.306816121,0.800133582,-0.445685785,-0.594841643,-0.446376416,0.327811105,0,0,0,0,0,0,0,0,0,0,0,0,0,0,0,0,0,0,0,0,0,0,0,0,0,0,0,0,0,0,0,0,0,0,0,0,0,0,0,0,0,0,0,0,0,0,0,0,1,0,0
-0.720443036,408,0,0,-0.591781216,0.150181767,0.890748986,0.14563683,0.786569504,-0.498392034,0.785446705,-0.686057695,0.40991523,-0.6849544,1.740473646,-1.002872215,1.74389859,-0.432980172,0,0,0,0,0,0,0,0,0,0,0,1,0,0,0,0,0,0,0,0,0,0,0,0,0,0,0,0,0,0,0,0,0,0,0,0,0,0,0,0,0,0,0,0,0,0,0,0,0,0,0
-0.225389272,415,0,0,-0.591781216,0.341513114,-0.829496721,0.332140292,1.38297263,0.24661417,1.382799317,-0.861816329,0.255266566,-0.862074985,0.199410441,-0.186811071,0.204068889,-0.432980172,0,0,0,0,0,0,0,0,1,0,0,0,0,0,0,0,0,0,0,0,0,0,0,0,0,0,0,0,0,0,0,0,0,0,0,0,0,0,0,0,0,0,0,0,0,0,0,0,0,0,0
0.321775416,415,0,1,1.753556482,0.014080087,-0.576519411,0.013388921,-1.435838089,1.190288695,-1.435662017,-0.698319925,1.234708105,-0.69857906,-0.66071786,-1.002872215,-0.658766719,-0.432980172,0,0,0,1,0,0,0,0,0,0,0,0,0,0,0,0,0,0,0,0,0,0,0,0,0,0,0,0,0,0,0,0,0,0,0,0,0,0,0,0,0,0,0,0,0,0,0,0,0,0,0
0.894995565,415,0,1,1.020638451,0.343485602,0.637771677,0.33440094,1.183499963,-0.250056632,1.18368178,-1.356392948,1.801753206,-1.357104312,1.56128025,0.221219501,1.558057075,0.327811105,0,0,0,0,0,0,0,0,0,0,1,0,0,0,0,0,0,0,0,0,0,0,0,0,0,0,0,0,0,0,0,0,0,0,0,0,0,0,0,0,0,0,0,0,0,0,0,0,0,0,0
-0.016945581,415,0,1,1.313805663,-0.512574241,0.7389626,-0.499778181,-1.266588553,2.282964461,-1.267360289,0.254046623,0.203717012,0.255147167,2.02718308,0.221219501,2.022660864,-0.432980172,0,0,0,1,0,0,0,0,0,0,0,0,0,0,0,0,0,0,0,0,0,0,0,0,0,0,0,0,0,0,0,0,0,0,0,0,0,0,0,0,0,0,0,0,0,0,0,0,0,0,0
-0.121167426,415,0,1,1.387097466,1.609822973,-0.222351177,1.567584437,0.407772925,0.047945849,0.408545652,-0.442856796,-0.157129871,-0.444252066,0.378603837,-1.002872215,0.376636011,-0.432980172,0,0,0,0,0,0,0,0,0,0,0,0,0,0,0,0,0,0,0,0,0,0,0,1,0,0,0,0,0,0,0,0,0,0,0,0,0,0,0,0,0,0,0,0,0,0,0,0,0,0,0
0.191498109,510,0,0,-0.591781216,1.311977267,0.081221595,1.277091166,0.035020971,1.686959498,0.034015046,-0.42855086,-0.26022898,-0.430627406,-0.302331068,0.221219501,-0.300358082,-0.432980172,0,0,0,0,0,0,0,0,0,0,0,0,0,0,0,0,0,0,0,0,0,1,0,0,0,0,0,0,0,0,0,0,0,0,0,0,0,0,0,0,0,0,0,0,0,0,0,0,0,0,0
-0.433832962,510,0,0,-0.591781216,0.223163827,-0.627114873,0.216847243,2.380335965,0.941953294,2.380757452,0.944818926,-1.085021854,0.945463293,-1.341652765,-0.186811071,-1.335760812,-1.19377145,0,0,0,0,0,0,0,0,0,1,0,0,0,0,0,0,0,0,0,0,0,0,0,0,0,0,0,0,0,0,0,0,0,0,0,0,0,0,0,0,0,0,0,0,0,0,0,0,0,0,0
0.868940103,408,0,0,-0.591781216,0.564404271,-0.728305797,0.549162502,1.066637188,-0.548059114,1.067529883,1.837918028,-0.724174972,1.840149325,0.844506666,-0.594841643,0.8412398,-0.432980172,0,0,0,0,0,0,0,0,0,0,0,0,0,0,0,0,0,0,0,0,0,0,0,0,0,0,0,0,0,0,0,0,0,0,0,0,0,0,0,0,0,0,0,0,0,0,0,1,0,0,0
-0.746498498,415,0,0,-0.591781216,1.446106459,-1.386046803,1.408208751,0.375534918,-1.094396997,0.375359396,0.198866587,-0.569526308,0.200648525,-0.158976351,-0.186811071,-0.154339748,-1.19377145,0,0,0,0,0,0,0,0,0,0,0,0,0,0,0,0,0,0,0,0,0,0,0,0,0,0,1,0,0,0,0,0,0,0,0,0,0,0,0,0,0,0,0,0,0,0,0,0,0,0,0
-0.459888423,408,0,0,-0.591781216,0.446054984,-0.677710335,0.433869453,0.016887092,0.544616652,0.017421917,-2.030815611,-0.930373191,-2.029254225,-1.234136727,-0.186811071,-1.22956566,-1.19377145,0,1,0,0,0,0,0,0,0,0,0,0,0,0,0,0,0,0,0,0,0,0,0,0,0,0,0,0,0,0,0,0,0,0,0,0,0,0,0,0,0,0,0,0,0,0,0,0,0,0,0
0.947106487,408,0,0,-0.591781216,-0.1042692,0.99193991,-0.101904128,-0.8938366,-0.101055392,-0.892829683,-1.319606257,1.080059441,-1.320771885,-0.015621635,0.221219501,-0.021595808,-1.19377145,0,0,0,0,0,0,0,0,0,0,0,0,0,0,0,0,0,0,0,0,0,0,0,0,0,0,0,0,0,0,0,0,0,0,0,0,0,0,0,0,0,0,0,0,0,0,0,0,0,1,0
-1.163385879,415,0,1,1.606972875,-1.03725608,-0.576519411,-1.010684634,-0.575486283,0.792952053,-0.575189801,-0.13221363,0.564563894,-0.130884878,0.66531327,-0.594841643,0.668672678,-0.432980172,0,0,0,0,0,0,0,0,0,0,1,0,0,0,0,0,0,0,0,0,0,0,0,0,0,0,0,0,0,0,0,0,0,0,0,0,0,0,0,0,0,0,0,0,0,0,0,0,0,0,0
-1.033108572,510,1,1,0.580887633,-0.713768028,-1.234260417,-0.695324235,0.845000892,-2.087738602,0.844707877,-1.090711293,-0.26022898,-1.089152658,0.378603837,-0.594841643,0.376636011,-1.19377145,0,0,0,0,0,0,0,0,0,0,0,0,0,0,0,0,0,0,0,0,0,0,0,0,0,0,0,0,0,0,0,0,0,0,0,1,0,0,0,0,0,0,0,0,0,0,0,0,0,0,0
1.832992172,510,0,1,0.654179436,0.142291814,-0.323542101,0.137724562,0.792614131,1.885627819,0.792558045,-0.003460212,-1.858265174,-0.003721381,-1.59252352,-0.594841643,-1.587974298,-0.432980172,0,0,0,0,0,0,0,0,1,0,0,0,0,0,0,0,0,0,0,0,0,0,0,0,0,0,0,0,0,0,0,0,0,0,0,0,0,0,0,0,0,0,0,0,0,0,0,0,0,0,0
-1.111274956,510,0,0,-0.591781216,1.087113622,-0.576519411,1.058938632,-1.891199935,1.537958257,-1.890787817,-0.461250141,1.131608995,-0.46241828,-0.123137672,0.629250074,-0.12779096,-1.19377145,0,0,0,0,0,0,0,0,0,1,0,0,0,0,0,0,0,0,0,0,0,0,0,0,0,0,0,0,0,0,0,0,0,0,0,0,0,0,0,0,0,0,0,0,0,0,0,0,0,0,0
-0.016945581,510,0,0,-0.591781216,-1.104320675,-0.222351177,-1.076243427,-1.967765201,-0.995062836,-1.966642117,-0.238486292,-0.930373191,-0.239882161,1.023700062,-0.186811071,1.027081316,-0.432980172,0,0,0,0,0,0,0,0,0,0,0,0,0,0,0,0,0,0,0,0,0,0,0,0,0,0,0,0,0,0,0,0,0,0,0,0,0,0,0,0,0,0,0,0,0,0,0,0,0,0,0
1.702714865,510,0,0,-0.591781216,-0.114131641,0.131817057,-0.112077045,1.526028785,-0.846061596,1.52502613,-0.209874421,0.667663003,-0.208091286,1.812151005,0.221219501,1.81027056,-1.19377145,0,0,0,0,0,0,0,0,0,0,0,0,0,0,0,0,0,0,0,0,0,0,0,0,0,0,0,0,0,0,0,0,0,0,0,0,0,0,0,0,0,0,0,0,0,0,0,0,1,0,0
-0.668332114,415,0,0,-0.591781216,2.661159139,0.081221595,2.591657992,-0.621828417,-0.697060355,-0.622598739,1.717339431,-0.002481207,1.717527381,-1.628362199,-0.594841643,-1.62779748,0.327811105,1,0,0,0,0,0,0,0,0,0,0,0,0,0,0,0,0,1,0,0,0,0,0,0,0,0,0,0,0,0,0,0,0,0,0,0,0,0,0,0,0,0,0,0,0,0,0,0,0,0,0
-0.459888423,510,0,0,-0.591781216,0.951011942,-1.133069493,0.925560398,0.137779618,0.743284973,0.138314708,0.217259932,-0.002481207,0.218814739,0.66531327,0.221219501,0.668672678,-0.432980172,0,0,0,0,0,0,0,0,0,0,0,0,0,0,0,0,0,0,0,0,0,0,0,0,0,0,0,0,0,0,0,0,0,0,0,1,0,0,0,0,0,0,0,0,0,0,0,0,0,0,0
3.708985386,510,0,0,-0.591781216,-1.660562324,-0.424733025,-1.617668628,-0.744735818,-1.839403201,-0.745861976,1.290205078,0.925410777,1.290621356,-1.305814086,0.629250074,-1.309212024,0.327811105,0,0,0,0,0,0,0,0,0,0,0,0,0,0,0,0,0,0,0,0,0,0,0,0,0,0,0,0,0,0,0,0,0,0,0,0,0,0,0,0,0,0,0,0,1,0,0,0,0,0,0
1.285827484,415,0,0,-0.591781216,-0.658538361,1.649680916,-0.642199006,0.041065597,-0.250056632,0.041126386,0.687312091,0.152167457,0.686594745,1.023700062,-0.594841643,1.027081316,-0.432980172,0,0,0,0,0,0,0,0,0,0,0,0,0,0,0,0,0,0,0,0,0,0,0,1,0,0,0,0,0,0,0,0,0,0,0,0,0,0,0,0,0,0,0,0,0,0,0,0,0,0,0
-0.225389272,510,0,1,0.580887633,0.085089659,-0.070564791,0.082338686,-2.503722064,1.686959498,-2.504733557,-0.326365608,-0.208679425,-0.326171676,0.880345346,-0.594841643,0.881062982,0.327811105,0,0,0,0,0,0,0,0,0,0,0,0,0,0,0,0,0,0,0,0,0,0,0,0,0,0,0,0,0,0,0,0,0,0,0,0,0,0,0,0,0,0,0,0,0,0,0,0,0,1,0
0.868940103,415,0,0,-0.591781216,-0.033259628,0.485985291,-0.032954364,-0.944208485,-1.789736121,-0.944979514,0.726142487,0.255266566,0.727468727,0.521958554,-0.186811071,0.522654345,-0.432980172,0,1,0,0,0,0,0,0,0,0,0,0,0,0,0,0,0,0,0,0,0,0,0,0,0,0,0,0,0,0,0,0,0,0,0,0,0,0,0,0,0,0,0,0,0,0,0,0,0,0,0
-0.616221191,510,0,1,1.167222057,-0.59739123,-1.335451341,-0.582291833,-1.546656237,-1.392399478,-1.54707302,-0.547085753,-0.827274081,-0.548707796,-0.051460314,0.629250074,-0.048144596,-0.432980172,0,0,0,0,0,0,0,0,0,0,0,0,0,0,0,0,0,0,0,0,0,0,0,0,0,0,0,0,0,0,0,0,0,0,0,0,0,0,1,0,0,0,0,0,0,0,0,0,0,0,0
1.2076611,510,0,0,-0.591781216,0.58610164,0.182412519,0.570638659,-1.373376951,-1.094396997,-1.374030398,-1.055968307,1.18315855,-1.057361784,0.378603837,-0.594841643,0.376636011,0.327811105,0,0,0,0,0,0,0,0,1,0,0,0,0,0,0,0,0,0,0,0,0,0,0,0,0,0,0,0,0,0,0,0,0,0,0,0,0,0,0,0,0,0,0,0,0,0,0,0,0,0,0
-0.694387575,415,0,0,-0.591781216,0.004217646,0.233007981,-0.145986765,0.222404386,-0.051388311,0.221280349,-0.385633054,0.255266566,-0.385211871,0.486119874,0.629250074,0.482831163,-0.432980172,0,0,0,0,0,0,0,0,0,0,0,0,0,0,0,0,0,0,0,0,0,0,0,0,1,0,0,0,0,0,0,0,0,0,0,0,0,0,0,0,0,0,0,0,0,0,0,0,0,0,0
0.973161949,510,1,0,-0.591781216,-0.204866094,-0.930687645,-0.200242317,0.347326662,2.332631541,0.346914033,-0.344758954,-1.188120964,-0.34433789,-0.302331068,1.85334179,-0.300358082,-0.432980172,0,0,0,0,0,0,0,0,0,0,0,0,0,0,1,0,0,0,0,0,0,0,0,0,0,0,0,0,0,0,0,0,0,0,0,0,0,0,0,0,0,0,0,0,0,0,0,0,0,0,0
-0.954942188,415,0,0,-0.591781216,0.286283447,2.358017384,0.27788474,-0.549292902,-0.647393275,-0.549114886,1.382171804,0.719212558,1.381452425,-1.700039557,-1.002872215,-1.69416945,0.327811105,0,0,0,0,0,0,0,0,0,0,0,1,0,0,0,0,0,0,0,0,0,0,0,0,0,0,0,0,0,0,0,0,0,0,0,0,0,0,0,0,0,0,0,0,0,0,0,0,0,0,0
0.504163645,510,0,0,-0.591781216,0.3770179,-2.246169657,0.367180336,0.593141464,-1.342732398,0.593440508,-1.660904999,-0.981922745,-1.661388394,-0.123137672,-0.594841643,-0.12779096,0.327811105,0,0,0,0,0,0,0,0,0,0,0,0,0,0,0,0,0,0,0,0,0,1,0,0,0,0,0,0,0,0,0,0,0,0,0,0,0,0,0,0,0,0,0,0,0,0,0,0,0,0,0
0.530219106,408,1,0,-0.591781216,-0.236425904,-0.323542101,-0.230761066,-2.155148615,1.041287454,-2.156277867,0.822196624,0.770762113,0.822841349,1.1312161,-1.410902787,1.133276468,1.088602382,1,0,0,0,0,1,0,0,0,0,0,0,0,0,0,0,0,0,0,0,0,0,0,0,0,0,0,0,0,0,0,0,0,0,0,0,0,0,0,0,0,0,0,0,0,0,0,0,0,0,0
-0.329611117,415,0,0,-0.591781216,0.444082496,-0.728305797,0.431608805,0.325163032,-0.349390793,0.325580011,0.783366228,-0.054030762,0.781967368,0.557797233,-1.002872215,0.562477527,0.327811105,0,0,0,0,0,0,0,0,0,0,0,0,0,0,0,0,0,0,0,0,0,0,0,0,0,0,0,0,0,0,1,0,0,0,0,0,0,0,0,0,0,0,0,0,0,0,0,0,0,0,0
0.087276264,415,0,0,-0.591781216,-2.037307555,0.789558062,-1.985023932,-1.713890897,-1.293065318,-1.713004301,0.515640868,-0.311778535,0.514015714,-0.302331068,-0.594841643,-0.300358082,1.088602382,0,0,0,0,0,0,0,0,0,1,0,0,0,0,0,0,0,0,0,0,0,0,0,0,0,0,0,0,0,0,0,0,0,0,0,0,0,0,0,0,0,0,0,0,0,0,0,0,0,0,0
-1.918994256,510,0,0,-0.591781216,-2.110289615,-1.284855879,-2.056234345,0.159943247,0.842619133,0.15964873,-2.76450572,-1.497418292,-2.764985885,-0.123137672,-0.594841643,-0.12779096,-0.432980172,0,0,0,0,0,0,0,0,0,0,1,0,0,0,0,0,0,0,0,0,0,0,0,0,0,0,0,0,0,0,0,0,0,0,0,0,0,0,0,0,0,0,0,0,0,0,0,0,0,0,0
-0.511999346,415,0,1,1.680264679,0.605826521,-0.019969329,0.589854167,0.500457194,-0.150722472,0.50099308,-0.661533235,1.028509886,-0.662246633,-0.194815031,-0.186811071,-0.19416293,-1.19377145,0,0,0,0,0,0,0,0,0,0,0,0,0,0,1,0,0,0,0,0,0,0,0,0,0,0,0,0,0,0,0,0,0,0,0,0,0,0,0,0,0,0,0,0,0,0,0,0,0,0,0
-0.954942188,510,1,1,1.826848285,-1.035283591,-0.374137563,-1.00955431,-0.760854822,0.19694709,-0.760084658,0.946862631,0.461464785,0.945463293,-0.768233898,3.485464078,-0.764961871,-1.19377145,0,0,0,0,0,0,0,0,0,0,0,0,0,0,0,0,0,0,0,0,0,0,0,0,0,0,0,1,0,0,0,0,0,0,0,0,0,0,0,0,0,0,0,0,0,0,0,0,0,0,0
0.165442648,510,0,1,1.460389269,0.436192543,-1.082474031,0.424826861,2.100268281,1.388957016,2.10104472,0.501334932,1.698654096,0.500391053,0.593635912,1.445311218,0.589026314,-0.432980172,0,0,0,0,0,0,0,0,0,0,0,0,0,0,0,0,0,0,0,0,0,0,0,0,0,0,0,0,0,0,0,0,0,0,0,0,0,0,0,0,0,0,0,0,0,0,1,0,0,0,0
-0.329611117,415,0,1,0.654179436,0.78532294,-1.133069493,0.765054389,0.43195143,-0.299723713,0.432250121,-0.260967047,-0.414877644,-0.262589928,2.098860439,0.221219501,2.102307228,-0.432980172,0,0,0,0,0,0,0,1,0,0,0,0,0,0,0,0,0,0,0,0,0,0,0,0,0,0,0,0,0,0,0,0,0,0,0,0,0,0,0,0,0,0,0,0,0,0,0,0,0,0,0
0.269664493,408,0,0,-0.591781216,-1.585607776,0.587176215,-1.545327892,1.407151135,1.786293658,1.406503786,0.495203817,-0.311778535,0.4958495,-0.445685785,0.629250074,-0.446376416,1.088602382,0,0,0,0,0,0,0,0,0,0,0,0,0,0,0,0,0,0,0,0,0,0,0,0,0,0,0,0,0,0,0,0,0,0,0,0,0,0,0,0,0,0,0,0,0,0,1,0,0,0,0
-0.616221191,415,0,0,-0.591781216,1.173903099,0.688367139,1.142582609,-1.020773751,0.743284973,-1.020833814,-0.822985933,-0.981922745,-0.821201004,0.020217045,-1.002872215,0.018227373,2.610184936,0,0,0,0,0,0,0,0,0,0,0,0,0,0,0,0,0,0,0,0,0,0,0,0,0,0,0,0,0,0,0,0,0,1,0,0,0,0,0,0,0,0,0,0,0,0,0,0,0,0,0
-0.876775804,415,1,0,-0.591781216,-1.159550343,-2.144978733,-1.130498979,0.691870359,-0.597726194,0.692999277,-2.165700144,1.544005432,-2.165500828,0.414442516,2.669402934,0.416459193,0.327811105,0,0,0,0,0,0,0,0,0,0,0,0,0,0,0,0,0,0,0,0,0,0,0,0,0,0,0,0,0,0,0,0,0,0,0,0,0,1,0,0,0,0,0,0,0,0,0,0,0,0,0
0.035165342,408,0,0,-0.591781216,0.887892322,-0.981283107,0.864522902,-1.435838089,0.594283732,-1.435662017,-0.68401399,0.461464785,-0.6849544,1.991344401,0.629250074,1.996112076,-0.432980172,0,1,0,0,0,0,0,0,0,0,0,0,0,0,0,0,0,0,0,0,0,0,0,0,0,0,0,0,0,0,0,0,0,0,0,0,0,0,0,0,0,0,0,0,0,0,0,0,0,0,0
1.181605639,408,0,1,0.800763042,-0.060874462,-0.627114873,-0.06008214,-0.764884573,-1.69040196,-0.764825551,0.294920724,-0.105580316,0.296021148,1.56128025,0.629250074,1.558057075,-0.432980172,0,0,0,0,0,0,0,0,0,0,0,0,0,0,0,0,0,0,0,0,0,0,0,0,0,0,0,0,1,0,0,0,0,0,0,0,0,0,0,0,0,0,0,0,0,0,0,0,0,0,0
-0.121167426,415,0,0,-0.591781216,0.018025063,-0.424733025,0.016779893,-0.196689703,0.693617893,-0.195918301,1.93192846,1.286257659,1.930980394,0.020217045,-0.186811071,0.018227373,-0.432980172,1,0,0,0,0,0,0,0,0,0,0,0,0,0,0,0,0,0,0,0,0,0,0,0,0,0,0,0,0,1,0,0,0,0,0,0,0,0,0,0,0,0,0,0,0,0,0,0,0,0,0
1.259772023,408,0,0,-0.591781216,1.142343289,-1.082474031,1.11206386,-0.166466571,0.345948331,-0.167472939,0.129380615,0.564563894,0.12798367,-0.409847106,1.85334179,-0.406553234,-1.19377145,0,0,0,0,0,0,0,0,0,0,0,0,0,0,0,0,0,0,0,0,0,1,0,0,0,0,0,0,0,0,0,0,0,0,0,0,0,0,0,0,0,0,0,0,0,0,0,0,0,0,0
0.738662797,415,0,0,-0.591781216,0.369127947,-0.475328487,0.359268068,1.290288361,0.29628125,1.290351889,-1.832576222,0.049068348,-1.833967426,-0.374008427,-1.002872215,-0.380004446,0.327811105,0,0,0,0,0,0,0,0,0,0,0,0,0,0,1,0,0,0,0,0,0,0,0,0,0,0,0,0,0,0,0,0,0,0,0,0,0,0,0,0,0,0,0,0,0,0,0,0,0,0,0
1.259772023,510,0,0,-0.591781216,0.749818154,-0.475328487,0.730014344,1.467597398,-1.293065318,1.468135405,0.527903098,-0.054030762,0.527640374,-0.23065371,-0.594841643,-0.233986112,1.088602382,0,0,0,0,0,0,0,0,0,0,0,0,0,0,0,0,1,0,0,0,0,0,0,0,0,0,0,0,0,0,0,0,0,0,0,0,0,0,0,0,0,0,0,0,0,0,0,0,0,0,0
-0.79860942,415,0,0,-0.591781216,-0.887346983,-0.222351177,-0.864872836,0.710004238,-0.498392034,0.709592405,1.208456876,0.667663003,1.208873393,-0.947427294,0.629250074,-0.950803387,1.088602382,0,0,0,0,0,0,0,0,0,0,0,0,0,0,0,0,0,0,0,0,0,0,0,0,0,0,0,0,0,0,0,0,0,0,0,0,0,0,0,1,0,0,0,0,0,0,0,0,0,0,0
-0.902831266,510,0,0,-0.591781216,1.511198567,1.75087184,1.471506896,-0.412281373,0.29628125,-0.411628967,-0.281404098,1.801753206,-0.280756142,-1.449168803,1.037280646,-1.455230358,0.327811105,0,0,0,0,0,0,0,0,0,0,0,0,1,0,0,0,0,0,0,0,0,0,0,0,0,0,0,0,0,0,0,0,0,0,0,0,0,0,0,0,0,0,0,0,0,0,0,0,0,0,0
1.546382097,415,0,0,-0.591781216,-0.068764414,-0.525923949,-0.067994408,-0.093931056,0.743284973,-0.093989086,1.284073962,-0.26022898,1.286079802,-0.374008427,-0.186811071,-0.380004446,-0.432980172,0,0,0,0,0,0,0,0,0,0,0,0,0,0,0,0,0,0,0,0,0,0,0,0,0,0,0,0,0,0,0,0,0,1,0,0,0,0,0,0,0,0,0,0,0,0,0,0,0,0,0
0.738662797,415,0,1,2.120015497,0.499312163,-0.323542101,0.485864358,-0.710482936,0.14728001,-0.710305273,-0.328409313,-0.981922745,-0.33071323,0.521958554,1.445311218,0.522654345,-0.432980172,0,0,0,0,0,0,0,0,0,0,0,0,0,0,0,0,0,0,0,0,0,0,0,0,0,0,0,0,0,0,0,0,0,0,0,0,0,0,0,0,0,0,0,0,0,0,0,0,1,0,0
-0.19933381,408,0,0,-0.591781216,1.740007188,0.688367139,1.694180726,0.450085308,-1.293065318,0.451213696,1.259549502,-0.517976753,1.258830482,0.378603837,-0.594841643,0.376636011,1.088602382,1,1,0,0,0,0,0,0,0,0,0,0,0,0,0,0,0,0,0,0,0,0,0,0,0,0,0,0,0,0,0,0,0,0,0,0,0,0,0,0,0,0,0,0,0,0,0,0,0,0,0
1.780881249,415,0,0,-0.591781216,-0.009589771,0.536580753,-0.010347883,-0.513025144,1.488291177,-0.513558183,0.562646084,-0.414877644,0.563972802,-0.123137672,0.629250074,-0.12779096,0.327811105,0,0,0,0,0,0,0,0,0,0,0,1,0,0,0,0,0,0,0,0,0,0,0,0,0,0,0,0,0,0,0,0,0,0,0,0,0,0,0,0,0,0,0,0,0,0,0,0,0,0,0
-1.111274956,415,0,0,-0.591781216,-0.59739123,2.25682646,-0.582291833,-0.083856679,0.24661417,-0.084507298,0.172298421,0.40991523,0.173399204,1.668796288,-0.594841643,1.664252227,-0.432980172,0,0,0,0,0,0,0,0,0,0,0,0,0,0,0,0,0,0,0,0,0,0,0,0,1,0,0,0,0,0,0,0,0,0,0,0,0,0,0,0,0,0,0,0,0,0,0,0,0,0,0
-1.449995953,408,0,0,-0.591781216,0.550596854,-1.487237727,0.535598614,-0.966372115,-0.299723713,-0.966313536,0.341925939,1.286257659,0.341436682,0.772829308,3.485464078,0.77486783,-0.432980172,0,0,0,0,0,0,0,0,0,0,0,0,0,0,0,0,0,0,0,0,0,0,0,0,1,0,0,0,0,0,0,0,0,0,0,0,0,0,0,0,0,0,0,0,0,0,0,0,0,0,0
1.416104791,510,0,0,-0.591781216,-0.281793131,0.384794367,-0.274843702,-0.341760733,0.14728001,-0.342886008,-2.470212194,0.40991523,-2.46978491,-0.481524464,-0.186811071,-0.486199598,1.088602382,0,0,0,0,0,0,1,0,0,0,0,0,0,0,0,0,0,0,0,0,0,0,0,0,0,0,0,0,0,0,0,0,0,0,0,0,0,0,0,0,0,0,0,0,0,0,0,0,0,0,0
-1.267607724,415,0,0,-0.591781216,0.593991593,0.688367139,0.578550927,-0.591605286,-0.895728676,-0.591782929,-0.949695645,0.976960331,-0.948364501,-0.123137672,1.85334179,-0.12779096,1.849393659,0,0,0,0,0,0,0,0,0,0,0,0,0,0,0,0,0,0,0,0,1,0,0,0,0,0,0,0,0,0,0,0,0,0,0,0,0,0,0,0,0,0,0,0,0,0,0,0,0,0,0
0.478108184,415,0,1,1.387097466,0.797157869,1.396703606,0.776357629,1.360809,1.637292418,1.361465295,-1.115235753,-1.0334723,-1.116401979,0.306926478,-0.594841643,0.310264041,-1.19377145,0,0,0,0,0,0,0,0,0,0,0,0,0,0,0,0,0,0,0,0,0,0,0,0,0,0,0,0,0,0,0,0,0,0,0,1,0,0,0,0,0,0,0,0,0,0,0,0,0,0,0
-0.381722039,510,0,0,-0.591781216,-0.757162767,-1.436642265,-0.738276547,-0.934134108,-0.250056632,-0.933127279,0.194779177,-0.466427199,0.196106972,-0.732395219,0.221219501,-0.738413083,-0.432980172,0,0,0,0,0,0,0,0,0,0,0,0,0,0,0,0,0,0,0,0,0,0,0,0,0,0,0,0,0,0,0,0,0,1,0,0,0,0,0,0,0,0,0,0,0,0,0,0,0,0,0
-1.528162337,408,0,0,-0.591781216,0.331650673,-0.576519411,0.3230977,0.818807511,1.140621615,0.818632961,-1.18267802,0.255266566,-1.184525281,-2.237619745,1.037280646,-2.238419603,-1.19377145,0,0,0,0,0,0,0,0,0,0,0,0,0,0,0,0,0,0,0,0,1,0,0,0,0,0,0,0,0,0,0,0,0,0,0,0,0,0,0,0,0,0,0,0,0,0,0,0,0,0,0
0.582330029,408,0,0,-0.591781216,-1.473175953,2.50980377,-1.435686462,1.02633968,-0.498392034,1.027232286,1.163495365,-0.363328089,1.163457859,1.668796288,0.221219501,1.664252227,-1.19377145,0,0,0,0,0,0,0,0,0,0,0,0,0,0,0,0,0,0,0,0,0,0,0,0,0,0,0,0,0,0,0,0,0,0,0,1,0,0,0,0,0,0,0,0,0,0,0,0,0,0,0
-0.069056504,510,0,0,-0.591781216,1.809044272,0.941344448,1.762000167,-0.20676408,0.097612929,-0.207770536,1.709164611,0.925410777,1.708444274,0.306926478,0.629250074,0.310264041,1.849393659,1,0,0,0,0,0,0,0,0,0,0,0,0,0,0,0,0,0,0,1,0,0,0,0,0,0,0,0,0,0,0,0,0,0,0,0,0,0,0,0,0,0,0,0,0,0,0,0,0,0,0
1.259772023,510,0,1,2.559766315,0.532844461,-1.082474031,0.518643754,-0.525114397,1.090954535,-0.525410417,0.826284034,-1.0334723,0.827382903,0.23524912,-0.594841643,0.230617677,-0.432980172,0,0,0,0,0,0,0,0,0,0,0,0,0,0,0,0,0,0,0,0,0,0,0,0,0,0,0,0,0,0,0,0,0,0,0,0,1,0,0,0,0,0,0,0,0,0,0,0,0,0,0
1.546382097,408,0,0,-0.591781216,-0.254178297,0.435389829,-0.247715926,0.712019114,0.842619133,0.711962852,2.177173065,-1.188120964,2.176224281,-0.338169747,-1.410902787,-0.340181264,-0.432980172,0,0,0,0,0,0,0,0,0,0,0,0,0,0,0,0,0,0,0,1,0,0,0,0,0,0,0,0,0,0,0,0,0,0,0,0,0,0,0,0,0,0,0,0,0,0,0,0,0,0,0
0.061220803,415,0,0,-0.591781216,0.497339675,0.334198905,0.48360371,-1.318975314,0.097612929,-1.31951012,0.145730256,0.306816121,0.146149883,0.056055724,-0.594841643,0.058050555,2.610184936,0,0,0,0,0,0,0,0,0,0,0,0,0,0,0,0,0,0,0,0,0,0,0,0,0,0,0,0,0,0,0,0,0,0,0,0,0,0,0,0,0,0,0,0,0,0,0,1,0,0,0
0.816829181,415,0,1,0.50759583,-0.494821848,1.396703606,-0.48282332,0.905447154,0.29628125,0.906339495,-1.072317948,-0.517976753,-1.070986444,-0.409847106,-0.186811071,-0.406553234,-0.432980172,0,0,0,0,0,0,0,0,0,0,0,1,0,0,0,0,0,0,0,0,0,0,0,0,0,0,0,0,0,0,0,0,0,0,0,0,0,0,0,0,0,0,0,0,0,0,0,0,0,0,0
0.947106487,415,0,0,-0.591781216,-1.039228568,0.334198905,-1.012945282,2.468990484,-1.243398238,2.468463986,-1.168372084,1.389356769,-1.166359067,-0.983265973,-1.002872215,-0.977352175,-0.432980172,0,0,0,0,0,1,0,0,0,0,0,0,0,0,0,0,0,0,0,0,0,0,0,0,0,0,0,0,0,0,0,0,0,0,0,0,0,0,0,0,0,0,0,0,0,0,0,0,0,0,0
0.738662797,415,1,0,-0.591781216,1.730144748,-1.133069493,1.685138134,0.071288729,-0.746727435,0.071942196,-1.826445107,2.368798307,-1.824884319,-1.55668484,-0.186811071,-1.56142551,-0.432980172,0,0,0,0,0,0,0,0,0,1,0,0,0,0,0,0,0,0,0,0,0,0,0,0,0,0,0,0,0,0,0,0,0,0,0,0,0,0,0,0,0,0,0,0,0,0,0,0,0,0,0
-1.007053111,415,0,0,-0.591781216,1.998403132,-1.740215037,1.946242981,-0.807196956,0.395615411,-0.807493595,-2.51721741,-1.342769628,-2.515200445,-3.671166913,-1.818933359,-3.672054152,-0.432980172,0,0,0,0,0,0,0,0,0,0,0,0,0,0,0,0,0,0,0,0,0,0,0,0,0,0,0,0,0,0,0,0,0,0,0,0,0,0,0,0,0,0,0,0,0,0,0,0,1,0,0
-1.78871695,408,0,0,-0.591781216,-0.16738882,-0.930687645,-0.164071949,-0.3034781,0.097612929,-0.302588411,0.045588709,-1.858265174,0.046235707,-0.015621635,1.037280646,-0.021595808,-0.432980172,0,0,0,0,0,0,0,0,0,0,0,0,0,0,0,0,0,0,0,0,0,0,0,0,0,0,0,0,0,0,0,0,0,0,0,0,0,0,0,0,0,0,0,0,0,0,0,0,0,0,1
-0.381722039,510,0,0,-0.591781216,-1.096430723,-0.930687645,-1.068331159,0.039050722,0.991620374,0.038755939,1.809306157,0.976960331,1.80835845,-1.269975407,1.445311218,-1.269388842,1.088602382,0,0,0,0,0,0,0,0,0,0,1,0,0,0,0,0,0,0,0,0,0,0,0,0,0,0,0,0,0,0,0,0,0,0,0,0,0,0,0,0,0,0,0,0,0,0,0,0,0,0,0
0.764718258,415,0,0,-0.591781216,-0.333077822,0.637771677,-0.324577959,1.806096469,0.544616652,1.807109308,-1.761046546,2.059500979,-1.76130257,-1.090782011,-0.594841643,-1.096821721,-0.432980172,0,0,0,0,0,0,0,0,0,1,0,0,0,0,0,0,0,0,0,0,0,0,0,0,0,0,0,0,0,0,0,0,0,0,0,0,0,0,0,0,0,0,0,0,0,0,0,0,0,0,0
-0.720443036,415,0,0,-0.591781216,1.481611245,-0.778901259,1.443248796,-1.153755529,-0.995062836,-1.153578839,-0.964001581,0.100617902,-0.961989161,1.704634967,1.037280646,1.704075409,0.327811105,0,0,0,0,0,0,0,0,1,0,0,0,0,0,0,0,0,0,0,0,0,0,0,0,0,0,0,0,0,0,0,0,0,0,0,0,0,0,0,0,0,0,0,0,0,0,0,0,0,0,0
-0.902831266,408,0,1,1.313805663,1.483583733,0.384794367,1.44437912,0.857090144,1.736626578,0.856560111,-0.209874421,-0.26022898,-0.208091286,-1.735878236,-0.594841643,-1.733992631,0.327811105,0,0,0,0,0,0,0,0,0,0,0,0,0,0,0,0,0,0,0,0,0,1,0,0,0,0,0,0,0,0,0,0,0,0,0,0,0,0,0,0,0,0,0,0,0,0,0,0,0,0,0
0.061220803,510,0,1,1.680264679,-1.419918774,1.194321758,-1.383691558,-0.236987211,0.19694709,-0.236215898,-0.099514349,-0.105580316,-0.099094003,-0.481524464,-0.594841643,-0.486199598,-1.19377145,0,0,0,0,0,0,0,1,0,0,0,0,0,0,0,0,0,0,0,0,0,0,0,0,0,0,0,0,0,0,0,0,0,0,0,0,0,0,0,0,0,0,0,0,0,0,0,0,0,0,0
0.712607335,408,0,0,-0.591781216,-0.411977347,-1.284855879,-0.401439992,1.292303236,-0.448724953,1.292722336,1.40873997,-1.188120964,1.408701746,-0.947427294,1.037280646,-0.950803387,-0.432980172,0,0,0,0,0,0,0,0,0,0,0,0,1,0,0,0,0,0,0,0,0,0,0,0,0,0,0,0,0,0,0,0,0,0,0,0,0,0,0,0,0,0,0,0,0,0,0,0,0,0,0
0.087276264,415,0,0,-0.591781216,0.063392289,0.637771677,0.060862529,0.784554629,-0.746727435,0.785446705,0.587170544,0.203717012,0.586680569,-1.700039557,-0.186811071,-1.69416945,0.327811105,0,0,0,0,0,1,0,0,0,0,0,0,0,0,0,0,0,0,0,0,0,0,0,0,0,0,0,0,0,0,0,0,0,0,0,0,0,0,0,0,0,0,0,0,0,0,0,0,0,0,0
-0.355666578,510,0,0,-0.591781216,-1.356799154,-0.475328487,-1.322654061,-0.84950934,0.743284973,-0.850161639,0.13142432,1.595554987,0.132525223,-1.449168803,0.221219501,-1.455230358,-0.432980172,0,0,0,1,0,0,0,0,0,0,0,0,0,0,0,0,0,0,0,0,0,0,0,0,0,0,0,0,0,0,0,0,0,0,0,0,0,0,0,0,0,0,0,0,0,0,0,0,0,0,0
0.217553571,415,0,1,1.387097466,-0.252205809,-0.778901259,-0.246585602,0.413817551,-0.399057873,0.413286546,-0.077033594,-0.157129871,-0.076386236,0.736990629,-0.186811071,0.735044648,-0.432980172,1,0,0,0,0,0,0,0,0,0,0,0,0,0,0,0,0,0,1,0,0,0,0,0,0,0,0,0,0,0,0,0,0,0,0,0,0,0,0,0,0,0,0,0,0,0,0,0,0,0,0
-0.095111965,510,0,0,-0.591781216,-1.161522831,-0.222351177,-1.131629303,-0.621828417,0.047945849,-0.622598739,-0.142432155,-1.909814729,-0.144509538,0.593635912,-0.594841643,0.589026314,1.849393659,1,0,0,0,0,0,0,0,0,0,0,0,0,0,0,0,0,0,0,0,0,1,0,0,0,0,0,0,0,0,0,0,0,0,0,0,0,0,0,0,0,0,0,0,0,0,0,0,0,0,0
0.139387187,415,0,0,-0.591781216,-0.283765619,0.890748986,-0.27710435,0.188151503,0.047945849,0.188094092,-0.283447803,-0.363328089,-0.285297695,-0.624879181,-0.594841643,-0.618943537,0.327811105,0,0,0,0,0,0,0,0,0,0,0,0,0,0,0,0,0,0,0,0,1,0,0,0,0,0,0,0,0,0,0,0,0,0,0,0,0,0,0,0,0,0,0,0,0,0,0,0,0,0,0
0.634440952,415,0,0,-0.591781216,-1.045146032,0.637771677,-1.018596902,-0.909955603,1.537958257,-0.909422811,0.104856155,0.616113449,0.105275902,1.489602892,1.037280646,1.491685105,0.327811105,0,0,0,0,0,0,0,0,0,0,0,0,0,0,0,0,0,0,0,0,0,0,0,0,0,0,0,0,0,0,0,0,0,0,0,0,0,0,0,0,0,0,0,0,0,0,1,0,0,0,0
0.191498109,408,0,1,1.973431891,0.714313368,0.283603443,0.6949743,-0.001246787,0.345948331,-0.001541658,-0.115863989,0.358365676,-0.117260217,1.883828363,1.037280646,1.889916924,-1.19377145,0,0,0,0,0,0,0,1,0,0,0,0,0,0,0,0,0,0,0,0,0,0,0,0,0,0,0,0,0,0,0,0,0,0,0,0,0,0,0,0,0,0,0,0,0,0,0,0,0,0,0
0.634440952,415,0,0,-0.591781216,-0.780832624,1.599085454,-0.760883027,0.180092002,1.289622856,0.180982752,1.288161373,-1.188120964,1.286079802,-0.804072577,-1.002872215,-0.804785053,-0.432980172,0,0,0,0,0,0,0,0,0,0,0,0,0,0,0,0,0,0,0,0,0,0,0,0,0,0,0,0,0,0,0,0,0,0,0,0,0,0,0,0,0,0,0,0,0,0,0,0,0,0,1
-0.746498498,510,1,1,1.533681072,-0.786750089,0.688367139,-0.766534647,-1.258529052,-0.448724953,-1.257878501,0.407324501,-0.621075863,0.409559984,-1.700039557,0.629250074,-1.69416945,-1.19377145,0,0,0,0,0,0,0,0,0,0,0,0,0,0,0,0,0,0,0,0,0,0,0,0,0,0,0,0,0,0,0,0,0,0,0,0,0,0,0,0,0,0,0,0,0,1,0,0,0,0,0
1.259772023,510,0,0,-0.591781216,-0.258123274,-1.993192347,-0.252237222,0.365460541,0.345948331,0.365877608,0.147773961,1.595554987,0.146149883,-0.732395219,0.629250074,-0.738413083,4.131767491,0,0,0,0,0,0,0,0,0,0,0,1,0,0,0,0,0,0,0,0,0,0,0,0,0,0,0,0,0,0,0,0,0,0,0,0,0,0,0,0,0,0,0,0,0,0,0,0,0,0,0
-0.720443036,415,0,0,-0.591781216,0.68078107,-0.525923949,0.662194904,-0.077812053,-1.094396997,-0.077395958,-0.882253379,0.616113449,-0.880241199,-1.55668484,1.445311218,-1.56142551,-1.19377145,0,0,0,0,0,0,0,0,0,0,0,0,0,0,0,0,0,0,0,0,0,0,0,0,0,0,0,0,0,0,0,0,0,0,0,0,0,0,0,0,0,0,0,0,0,0,0,0,1,0,0
-1.033108572,415,0,0,-0.591781216,0.004217646,1.143726296,1.542717309,0.19822588,1.339289936,0.19757588,0.687312091,-1.548967846,0.686594745,-0.445685785,-0.594841643,-0.446376416,-0.432980172,1,0,0,0,0,0,0,0,0,0,0,0,0,0,0,0,0,0,0,0,1,0,0,0,0,0,0,0,0,0,0,0,0,0,0,0,0,0,0,0,0,0,0,0,0,0,0,0,0,0,0
1.572437559,415,0,0,-0.591781216,0.24091622,0.637771677,0.233802103,-2.614540212,-0.647393275,-2.613774114,0.076244284,0.358365676,0.078026582,1.1312161,-0.186811071,1.133276468,1.849393659,1,0,0,0,0,0,0,0,0,0,0,0,0,0,0,0,0,0,0,0,0,0,0,0,0,0,0,0,0,0,0,0,0,0,0,0,0,0,0,0,0,0,0,0,0,0,0,0,0,1,0
0.452052722,415,0,1,1.167222057,0.004217646,-0.880092183,-1.183624208,-1.834783423,-1.392399478,-1.833897092,0.908032235,-1.394319182,0.909130865,2.385569872,-1.002872215,2.381069501,-0.432980172,0,0,0,0,0,0,0,0,0,0,0,0,0,0,0,0,0,0,0,0,0,0,0,0,0,0,0,0,0,0,0,0,0,0,0,0,0,0,0,0,0,0,0,0,1,0,0,0,0,0,0
-2.023216102,408,0,0,-0.591781216,0.207383922,-0.576519411,0.201022707,-0.690334182,0.395615411,-0.691341698,0.38280004,-1.394319182,0.382310663,1.704634967,-0.186811071,1.704075409,3.370976214,0,0,0,0,0,1,0,0,0,0,0,0,0,0,0,0,0,0,0,0,0,0,0,0,0,0,0,0,0,0,0,0,0,0,0,0,0,0,0,0,0,0,0,0,0,0,0,0,0,0,0
0.686551874,415,0,1,1.24051386,-1.922903244,-0.272946639,-1.874252179,-0.75279532,0.445282491,-0.752973317,1.304511013,0.203717012,1.304246016,-1.843394274,0.629250074,-1.840187783,-1.19377145,0,0,0,0,0,0,0,0,0,0,0,0,0,0,0,0,0,0,0,0,0,0,0,0,0,0,0,1,0,0,0,0,0,0,0,0,0,0,0,0,0,0,0,0,0,0,0,0,0,0,0
-1.528162337,415,0,1,1.753556482,-0.313352941,-1.031878569,-0.305362451,-0.460638383,1.140621615,-0.461408351,-0.218049241,0.306816121,-0.217174393,-0.768233898,0.221219501,-0.764961871,-1.19377145,0,0,0,0,0,0,0,0,0,0,0,0,0,0,0,0,0,0,0,0,0,0,0,0,0,0,0,0,0,0,0,1,0,0,0,0,0,0,0,0,0,0,0,0,0,0,0,0,0,0,0
0.452052722,415,0,0,-0.591781216,0.004217646,2.25682646,1.693050402,2.331978955,1.041287454,2.330978067,0.153905076,-0.466427199,0.15523299,1.489602892,2.669402934,1.491685105,2.610184936,1,0,1,0,0,0,0,0,0,0,0,0,0,0,0,0,0,0,0,0,0,0,0,0,0,0,0,0,0,0,0,0,0,0,0,0,0,0,0,0,0,0,0,0,0,0,0,0,0,0,0
-1.449995953,510,0,0,-0.591781216,-0.392252465,-0.475328487,-0.382224483,-1.617176877,-0.697060355,-1.618186426,-0.778024422,-0.363328089,-0.775785469,0.127733082,-0.594841643,0.124422525,0.327811105,0,0,0,0,0,0,0,0,0,0,0,0,1,0,0,0,0,0,0,0,0,0,0,0,0,0,0,0,0,0,0,0,0,0,0,0,0,0,0,0,0,0,0,0,0,0,0,0,0,0,0
-1.319718646,408,0,1,1.167222057,0.682753558,1.447299068,0.664455552,1.796022092,-2.236739843,1.795257074,2.277314611,1.544005432,2.276138457,0.127733082,-0.186811071,0.124422525,-0.432980172,0,0,0,0,0,0,0,0,0,0,1,0,0,0,0,0,0,0,0,0,0,0,0,0,0,0,0,0,0,0,0,0,0,0,0,0,0,0,0,0,0,0,0,0,0,0,0,0,0,0,0
2.041435862,510,0,0,-0.591781216,2.122669883,1.143726296,2.06718765,1.759754334,0.693617893,1.75970037,1.326991768,0.616113449,1.326953783,0.091894403,-0.186811071,0.097873737,-1.19377145,1,0,0,0,0,0,0,0,0,0,0,0,0,0,0,0,0,0,0,0,0,0,0,0,1,0,0,0,0,0,0,0,0,0,0,0,0,0,0,0,0,0,0,0,0,0,0,0,0,0,0
1.337938407,408,0,0,-0.591781216,-1.548130502,1.093130834,-1.509157523,-1.190023287,-0.647393275,-1.189135542,-0.052509133,1.234708105,-0.053678469,-0.983265973,-0.594841643,-0.977352175,0.327811105,0,0,0,0,0,0,0,0,0,0,0,0,0,0,0,0,0,0,0,0,0,0,0,0,1,0,0,0,0,0,0,0,0,0,0,0,0,0,0,0,0,0,0,0,0,0,0,0,0,0,0
0.113331725,415,0,0,-0.591781216,-1.516570692,-1.335451341,-1.477508451,1.632817183,1.239955775,1.631696239,0.552427558,0.667663003,0.550348142,1.059538742,0.221219501,1.053630104,0.327811105,0,0,0,0,0,0,0,0,0,0,0,0,0,0,0,0,0,0,0,0,0,0,0,0,0,0,0,0,0,0,0,0,0,0,0,0,0,0,0,0,0,0,0,0,0,0,0,0,0,0,1
-0.746498498,415,0,0,-0.591781216,-1.39230394,-0.171755715,-1.356563782,-1.711876022,-0.200389552,-1.713004301,1.93601587,-0.827274081,1.935521947,-0.696556539,0.629250074,-0.698589901,-1.19377145,0,0,0,0,0,0,0,0,0,0,0,1,0,0,0,0,0,0,0,0,0,0,0,0,0,0,0,0,0,0,0,0,0,0,0,0,0,0,0,0,0,0,0,0,0,0,0,0,0,0,0
0.634440952,415,0,0,-0.591781216,0.467752353,0.485985291,0.455345609,-1.449942217,-0.150722472,-1.449884698,-0.216005536,0.667663003,-0.217174393,0.271087799,-0.186811071,0.270440859,-0.432980172,0,0,0,0,0,0,0,0,0,0,0,0,0,0,0,0,0,0,0,0,0,0,0,0,0,0,0,0,0,0,0,0,0,0,0,0,0,0,0,0,0,0,0,1,0,0,0,0,0,0,0
1.103439255,510,0,0,-0.591781216,-1.372579059,0.637771677,-1.337348273,-0.637947421,-2.038071522,-0.63682142,-0.702407336,-0.311778535,-0.703120614,-0.374008427,-1.002872215,-0.380004446,-0.432980172,0,0,0,0,0,0,0,0,0,0,0,0,0,0,0,0,0,0,0,0,0,0,0,0,0,0,0,0,0,0,0,0,0,0,0,0,0,0,0,0,0,0,0,0,0,1,0,0,0,0,0
-0.928886727,415,0,0,-0.591781216,-1.354826666,-2.499146967,-1.320393413,0.385609295,-0.796394515,0.384841183,0.019020543,-0.569526308,0.018986387,-2.094265028,3.89349465,-2.092401269,-0.432980172,0,0,0,0,0,0,0,0,0,0,0,0,0,0,0,0,0,0,0,0,0,0,0,0,0,0,0,0,0,0,0,0,0,0,0,0,0,0,0,1,0,0,0,0,0,0,0,0,0,0,0
-1.502106876,415,0,0,-0.591781216,-1.883453481,1.700276378,-1.835821163,-2.415067545,0.14728001,-2.414656576,-0.101558054,-1.085021854,-0.103635557,0.199410441,-1.002872215,0.204068889,-0.432980172,0,0,0,0,0,0,0,0,0,0,0,0,0,0,0,0,0,0,0,0,0,0,0,0,0,0,0,1,0,0,0,0,0,0,0,0,0,0,0,0,0,0,0,0,0,0,0,0,0,0,0
1.103439255,415,0,0,-0.591781216,0.580184176,1.346108144,0.564987039,-1.905304063,-0.995062836,-1.905010498,-0.438769386,-0.517976753,-0.439710513,1.346248175,0.629250074,1.345666771,-1.19377145,0,0,0,0,0,0,0,0,0,0,0,0,0,0,0,0,0,0,0,0,0,0,0,0,0,0,0,0,0,0,0,0,0,1,0,0,0,0,0,0,0,0,0,0,0,0,0,0,0,0,0
-0.511999346,415,0,1,1.167222057,-0.978081436,0.840153524,-0.953038109,-0.093931056,-1.938737361,-0.093989086,-1.262382516,1.18315855,-1.26173169,0.414442516,0.221219501,0.416459193,-1.19377145,0,0,0,0,0,0,0,0,0,0,0,0,0,0,0,0,0,0,0,0,0,0,0,0,0,0,0,0,0,0,0,0,0,0,0,0,0,0,0,0,0,0,0,0,1,0,0,0,0,0,0
2.718877856,510,0,1,1.167222057,-0.076654367,1.953253688,-0.074776352,-0.92002998,-0.101055392,-0.918904598,-0.41628863,-1.858265174,-0.417002746,-0.875749935,0.221219501,-0.871157023,0.327811105,0,0,0,0,0,0,0,0,0,0,0,0,0,0,0,0,0,0,0,0,0,1,0,0,0,0,0,0,0,0,0,0,0,0,0,0,0,0,0,0,0,0,0,0,0,0,0,0,0,0,0
-1.99716064,415,0,0,-0.591781216,1.227160278,0.182412519,1.194577513,-1.117487772,0.594283732,-1.118022136,0.274483673,0.255266566,0.27331338,-1.305814086,0.221219501,-1.309212024,-0.432980172,0,0,0,0,0,0,0,0,0,0,0,1,0,0,0,0,0,0,0,0,0,0,0,0,0,0,0,0,0,0,0,0,0,0,0,0,0,0,0,0,0,0,0,0,0,0,0,0,0,0,0
-0.694387575,415,0,0,-0.591781216,-0.84789722,0.283603443,-0.82644182,0.562918332,0.24661417,0.562624699,1.312685833,0.719212558,1.313329123,-0.158976351,-0.186811071,-0.154339748,-1.19377145,0,0,0,0,0,0,0,0,0,0,0,0,0,0,0,0,0,0,0,0,0,0,0,0,0,0,0,0,0,0,0,0,0,0,0,1,0,0,0,0,0,0,0,0,0,0,0,0,0,0,0
-0.694387575,415,0,0,-0.591781216,0.40857771,-0.677710335,0.397699085,2.186907924,0.24661417,2.186380808,-1.000788271,0.925410777,-1.002863142,-0.087298993,-1.002872215,-0.087967778,-0.432980172,0,0,0,0,0,0,0,0,0,0,0,0,0,0,0,0,0,0,0,0,0,0,0,0,0,0,0,0,0,0,0,0,0,0,0,0,1,0,0,0,0,0,0,0,0,0,0,0,0,0,0
-0.694387575,510,1,0,-0.591781216,-1.062898425,0.131817057,-1.035551762,0.141809369,-0.200389552,0.140685155,0.129380615,2.214149643,0.12798367,1.382086854,-0.186811071,1.385489953,-0.432980172,1,0,0,0,0,0,0,0,0,0,0,0,0,0,0,0,0,1,0,0,0,0,0,0,0,0,0,0,0,0,0,0,0,0,0,0,0,0,0,0,0,0,0,0,0,0,0,0,0,0,0
2.58860055,408,0,0,-0.591781216,-1.01555871,-0.677710335,-0.990338802,-1.359272823,0.24661417,-1.359807717,-0.479643486,1.18315855,-0.480584494,0.342765158,-1.002872215,0.336812829,-0.432980172,0,1,0,0,0,0,0,0,0,0,0,0,0,0,0,0,0,0,0,0,0,0,0,0,0,0,0,0,0,0,0,0,0,0,0,0,0,0,0,0,0,0,0,0,0,0,0,0,0,0,0
-0.381722039,408,0,0,-0.591781216,0.004217646,-0.627114873,0.89504165,0.450085308,0.345948331,0.451213696,1.114446444,-0.414877644,1.113500771,0.987861383,-0.594841643,0.987258134,1.849393659,0,0,0,0,0,0,0,0,0,0,0,0,0,0,0,0,0,0,0,0,1,0,0,0,0,0,0,0,0,0,0,0,0,0,0,0,0,0,0,0,0,0,0,0,0,0,0,0,0,0,0
-0.251444733,510,0,1,2.120015497,-0.342940263,0.334198905,-0.334750875,0.66970673,0.743284973,0.669294808,1.559974143,-0.311778535,1.55857301,-0.374008427,-0.186811071,-0.380004446,-1.19377145,0,0,0,0,0,0,0,0,0,0,0,0,0,0,0,0,0,0,0,0,0,0,0,0,0,0,0,0,0,1,0,0,0,0,0,0,0,0,0,0,0,0,0,0,0,0,0,0,0,0,0
0.764718258,415,0,0,-0.591781216,-1.167440295,1.346108144,-1.137280923,-0.220868208,-2.385741084,-0.221993217,1.410783675,0.358365676,1.408701746,1.453764213,-1.002872215,1.451861923,-0.432980172,0,0,0,0,0,0,0,0,0,0,0,0,0,0,0,0,0,0,0,0,0,0,0,0,0,0,0,0,0,0,0,0,0,0,0,0,0,0,0,0,0,0,0,1,0,0,0,0,0,0,0
-1.163385879,408,0,0,-0.591781216,0.004217646,-0.525923949,-1.702442929,-0.430415252,0.743284973,-0.430592542,2.036157417,-0.569526308,2.035436123,0.593635912,1.445311218,0.589026314,0.327811105,0,0,0,0,0,0,0,0,0,0,0,0,0,0,0,0,0,0,0,0,0,0,0,0,0,0,0,0,0,0,0,0,0,0,0,1,0,0,0,0,0,0,0,0,0,0,0,0,0,0,0
0.425997261,415,0,0,-0.591781216,-0.214728535,1.852062764,-0.20928491,0.820822387,0.345948331,0.821003408,0.076244284,0.306816121,0.078026582,1.883828363,-0.186811071,1.889916924,-1.19377145,0,0,0,0,0,0,0,0,1,0,0,0,0,0,0,0,0,0,0,0,0,0,0,0,0,0,0,0,0,0,0,0,0,0,0,0,0,0,0,0,0,0,0,0,0,0,0,0,0,0,0
0.660496413,415,0,0,-0.591781216,0.917479644,-0.627114873,0.892781002,-1.216216668,0.693617893,-1.215210458,0.160036191,0.51301434,0.159774544,-1.377491444,-1.002872215,-1.375583994,-1.19377145,0,0,0,0,0,0,0,0,0,0,0,0,0,0,0,0,0,0,0,0,0,0,0,0,0,0,0,0,0,0,0,0,0,0,0,0,0,0,0,0,0,0,0,0,0,0,1,0,0,0,0
0.816829181,510,0,0,-0.591781216,0.24091622,0.334198905,0.233802103,0.125690365,1.339289936,0.126462474,1.449614071,-0.621075863,1.449575727,0.844506666,-1.002872215,0.8412398,-0.432980172,0,0,0,0,0,0,0,0,0,0,0,0,0,0,0,0,0,0,0,0,0,0,0,0,0,0,0,0,0,0,0,0,0,0,0,0,0,1,0,0,0,0,0,0,0,0,0,0,0,0,0
-0.511999346,415,0,1,1.460389269,-0.232480928,2.358017384,-0.227370094,-0.200719454,0.24661417,-0.200659195,-0.16491291,0.152167457,-0.162675752,-0.374008427,0.629250074,-0.380004446,1.849393659,1,0,0,0,0,0,0,0,0,0,0,0,0,0,0,0,0,0,0,0,0,0,0,0,0,0,0,0,0,0,0,0,0,1,0,0,0,0,0,0,0,0,0,0,0,0,0,0,0,0,0
0.556274568,415,0,0,-0.591781216,0.006190134,-0.627114873,0.005476653,-1.121517523,-1.144064077,-1.120392583,0.666875041,1.028509886,0.668428532,0.450281195,0.629250074,0.456282375,0.327811105,0,0,0,0,0,0,0,0,0,0,0,0,0,0,0,0,0,0,0,0,0,0,0,0,0,0,0,1,0,0,0,0,0,0,0,0,0,0,0,0,0,0,0,0,0,0,0,0,0,0,0
-1.423940492,408,0,0,-0.591781216,1.532895936,-1.689619575,1.492983052,1.217752845,-0.448724953,1.216868036,0.068069464,0.358365676,0.068943475,1.1312161,0.221219501,1.133276468,0.327811105,1,0,0,0,0,0,0,0,0,0,0,0,0,0,0,0,0,0,0,0,0,0,0,0,0,0,0,0,0,0,0,1,0,0,0,0,0,0,0,0,0,0,0,0,0,0,0,0,0,0,0
-0.043001042,408,0,0,-0.591781216,0.004217646,-0.880092183,-0.384485131,-0.911970478,1.041287454,-0.911793258,1.116490149,0.719212558,1.118042324,-0.66071786,-0.594841643,-0.658766719,-0.432980172,0,0,0,0,0,0,0,0,0,0,0,0,0,1,0,0,0,0,0,0,0,0,0,0,0,0,0,0,0,0,0,0,0,0,0,0,0,0,0,0,0,0,0,0,0,0,0,0,0,0,0
-0.355666578,408,0,0,-0.591781216,1.134453337,1.194321758,1.104151592,0.442025807,-0.647393275,0.441731908,-0.567522803,-0.981922745,-0.56687401,0.271087799,-0.594841643,0.270440859,-0.432980172,0,1,0,0,0,0,0,0,0,0,0,0,0,0,0,0,0,0,0,0,0,0,0,0,0,0,0,0,0,0,0,0,0,0,0,0,0,0,0,0,0,0,0,0,0,0,0,0,0,0,0
0.191498109,415,0,0,-0.591781216,-1.512625716,1.447299068,-1.474117479,0.838956265,0.14728001,0.839966983,-0.630877659,-0.569526308,-0.630455758,-0.839911256,-0.594841643,-0.844608235,-0.432980172,0,0,0,0,0,0,0,0,0,0,0,0,0,0,0,0,0,0,0,0,0,0,0,0,0,0,0,0,0,0,0,0,0,0,0,0,0,0,0,0,0,0,0,0,0,0,0,0,0,0,0
-1.241552263,415,0,0,-0.591781216,0.501284651,-0.728305797,0.488125006,-0.809211832,-0.250056632,-0.809864042,-1.053924602,2.162600088,-1.05282023,0.163571761,-1.002872215,0.164245707,1.088602382,0,0,0,0,0,0,0,0,0,0,0,0,0,0,0,0,0,0,0,0,0,0,0,0,0,0,0,0,0,0,0,0,0,0,0,0,0,0,1,0,0,0,0,0,0,0,0,0,0,0,0
1.129494716,415,0,0,-0.591781216,0.004217646,-1.588428651,-0.570988593,1.717441951,-1.342732398,1.717032327,-0.213961831,1.080059441,-0.21263284,-0.302331068,4.301525222,-0.300358082,-1.19377145,0,0,0,0,0,0,0,0,0,0,0,0,0,0,0,0,0,0,0,0,0,0,0,0,0,0,0,0,0,0,0,0,0,1,0,0,0,0,0,0,0,0,0,0,0,0,0,0,0,0,0
-0.251444733,510,0,1,1.093930254,1.039773907,-0.171755715,1.012595347,-0.295418599,-0.597726194,-0.29547707,-0.216005536,1.440906323,-0.217174393,0.736990629,-0.594841643,0.735044648,1.088602382,0,1,0,0,0,0,0,0,0,0,0,0,0,0,0,0,0,0,0,0,0,0,0,0,0,0,0,0,0,0,0,0,0,0,0,0,0,0,0,0,0,0,0,0,0,0,0,0,0,0,0
-1.111274956,408,0,0,-0.591781216,-0.281793131,-0.019969329,-0.274843702,-1.711876022,-0.647393275,-1.713004301,-0.14856327,0.925410777,-0.149051091,0.916184025,0.221219501,0.920886164,0.327811105,0,0,0,0,0,0,0,0,0,0,1,0,0,0,0,0,0,0,0,0,0,0,0,0,0,0,0,0,0,0,0,0,0,0,0,0,0,0,0,0,0,0,0,0,0,0,0,0,0,0,0
-2.492214405,415,0,0,-0.591781216,0.384907852,0.283603443,0.373962281,-0.269225218,-4.372424294,-0.269402154,0.264265148,-0.775724527,0.264230273,1.095377421,-0.594841643,1.093453286,1.088602382,0,0,1,0,0,0,0,0,0,0,0,0,0,0,0,0,0,0,0,0,0,0,0,0,0,0,0,0,0,0,0,0,0,0,0,0,0,0,0,0,0,0,0,0,0,0,0,0,0,0,0
-0.095111965,408,0,0,-0.591781216,0.747845666,-0.981283107,0.727753696,2.414588847,-2.435408164,2.413943708,-1.029400142,0.51301434,-1.030112463,-2.165942387,-0.594841643,-2.172047633,-1.19377145,0,0,0,0,0,0,0,0,0,0,0,0,0,0,0,0,0,0,0,1,0,0,0,0,0,0,0,0,0,0,0,0,0,0,0,0,0,0,0,0,0,0,0,0,0,0,0,0,0,0,0
1.077383794,415,0,1,1.606972875,-0.506656776,-1.284855879,-0.494126561,-0.702423434,-0.150722472,-0.703193933,1.40873997,-0.878823636,1.408701746,0.199410441,0.221219501,0.204068889,-0.432980172,0,0,0,0,0,0,0,0,0,0,0,0,0,0,0,0,0,0,0,0,0,0,0,0,1,0,0,0,0,0,0,0,0,0,0,0,0,0,0,0,0,0,0,0,0,0,0,0,0,0,0
-2.38799256,408,0,1,1.680264679,0.278393494,1.49789453,0.271102795,0.039050722,-0.101055392,0.038755939,-0.201699601,0.100617902,-0.203549733,1.095377421,-1.002872215,1.093453286,-0.432980172,0,0,0,0,0,0,0,0,0,0,0,0,0,0,0,0,0,0,0,0,0,0,0,0,0,0,0,0,0,0,0,0,0,0,1,0,0,0,0,0,0,0,0,0,0,0,0,0,0,0,0
-0.016945581,415,0,0,-0.591781216,-0.084544319,1.49789453,-0.08268862,0.95581904,0.24661417,0.95611888,-1.607768668,-0.775724527,-1.606889753,0.70115195,-0.186811071,0.695221466,-1.19377145,0,0,0,1,0,0,0,0,0,0,0,0,0,0,0,0,0,0,0,0,0,0,0,0,0,0,0,0,0,0,0,0,0,0,0,0,0,0,0,0,0,0,0,0,0,0,0,0,0,0,0
-1.502106876,408,0,0,-0.591781216,0.996379168,2.358017384,0.969643035,-0.281314471,1.041287454,-0.281254389,-1.485146366,-0.002481207,-1.484267809,-0.374008427,-0.594841643,-0.380004446,-1.19377145,0,0,0,0,0,0,0,0,0,0,0,0,0,0,0,0,0,0,0,0,0,0,0,0,0,0,0,0,0,0,0,0,0,0,0,0,0,0,0,0,0,0,0,0,0,0,0,0,0,1,0
0.556274568,408,0,1,1.826848285,-0.09440676,0.131817057,-0.092861536,0.957833915,0.24661417,0.958489327,-0.745325141,0.822311667,-0.743994595,1.167054779,-0.594841643,1.173099649,-0.432980172,1,0,0,0,0,0,0,0,0,0,0,0,0,0,0,0,0,0,0,0,0,0,0,0,0,0,0,0,0,0,0,0,1,0,0,0,0,0,0,0,0,0,0,0,0,0,0,0,0,0,0
-0.19933381,415,0,0,-0.591781216,0.207383922,-1.639024113,0.201022707,1.239916475,-1.789736121,1.240572505,-1.452447085,-0.414877644,-1.452476935,-0.517363143,-0.186811071,-0.512748386,-1.19377145,0,0,0,0,0,0,0,0,0,0,0,0,0,0,0,0,0,0,0,0,0,0,0,0,0,0,0,0,0,0,0,0,0,0,0,0,0,0,0,0,1,0,0,0,0,0,0,0,0,0,0
-0.407777501,415,0,0,-0.591781216,-0.064819438,1.093130834,-0.063473112,0.488367942,1.140621615,0.489140846,0.37871263,-2.579958939,0.37776911,0.450281195,-1.410902787,0.456282375,-0.432980172,0,0,0,0,0,0,0,0,0,0,0,0,0,0,0,0,0,0,0,0,0,0,0,0,0,0,0,0,0,0,0,0,0,0,0,0,0,0,0,0,0,0,0,0,0,0,1,0,0,0,0
-0.355666578,415,0,0,-0.591781216,0.966791847,-0.525923949,0.941384935,-0.758839946,-0.051388311,-0.757714211,-0.95991417,-0.517976753,-0.961989161,0.557797233,-0.594841643,0.562477527,-0.432980172,0,0,0,0,0,0,0,0,0,0,0,0,0,0,0,0,0,0,1,0,0,0,0,0,0,0,0,0,0,0,0,0,0,0,0,0,0,0,0,0,0,0,0,0,0,0,0,0,0,0,0
0.947106487,408,0,0,-0.591781216,-0.703905588,-0.525923949,-0.686281643,-0.384073117,-0.001721231,-0.383183604,-1.491277481,-0.363328089,-1.493350916,0.736990629,-1.002872215,0.735044648,-1.19377145,0,0,0,0,0,0,0,0,0,0,0,0,0,0,0,0,0,0,0,0,0,0,0,0,0,0,0,0,0,0,0,0,0,0,0,1,0,0,0,0,0,0,0,0,0,0,0,0,0,0,0
-2.075327024,510,0,1,1.680264679,-0.863677125,-0.525923949,-0.842266356,1.417225512,-0.796394515,1.41835602,-0.448987911,-0.569526308,-0.44879362,-0.266492389,1.037280646,-0.2605349,3.370976214,0,0,0,0,0,0,0,0,0,0,0,0,0,0,0,0,0,0,0,0,0,0,0,0,0,0,0,0,0,0,0,0,0,0,0,0,0,1,0,0,0,0,0,0,0,0,0,0,0,0,0
0.087276264,415,0,0,-0.591781216,-0.970191484,-1.183664955,-0.945125841,-1.399570331,0.842619133,-1.400105314,1.300423603,-1.909814729,1.299704463,0.987861383,0.629250074,0.987258134,-1.19377145,0,0,0,0,0,0,0,0,0,0,0,0,0,0,0,0,0,1,0,0,0,0,0,0,0,0,0,0,0,0,0,0,0,0,0,0,0,0,0,0,0,0,0,0,0,0,0,0,0,0,0
-0.19933381,408,0,1,0.947346648,-0.897209423,0.233007981,-0.875045753,-0.768914323,1.388957016,-0.769566445,-0.295710033,-0.517976753,-0.294380802,0.557797233,-1.002872215,0.562477527,1.849393659,1,0,0,0,0,0,0,0,0,0,1,0,0,0,0,0,0,0,0,0,0,0,0,0,0,0,0,0,0,0,0,0,0,0,0,0,0,0,0,0,0,0,0,0,0,0,0,0,0,0,0
-0.980997649,415,0,0,-0.591781216,1.939228488,0.081221595,1.888596456,1.324541243,0.693617893,1.323538145,0.470679357,0.925410777,0.468600179,1.023700062,-0.186811071,1.027081316,1.849393659,1,0,0,0,0,0,0,0,0,0,0,0,0,0,0,0,0,0,0,0,0,0,0,0,0,0,0,0,0,0,0,0,0,0,0,0,0,0,0,0,0,0,0,0,0,0,1,0,0,0,0
1.572437559,415,0,0,-0.591781216,-1.465286001,-1.537833189,-1.427774194,0.284865524,1.090954535,0.285282414,0.460460832,1.337807214,0.459517072,-0.875749935,0.221219501,-0.871157023,-1.19377145,0,0,0,0,0,0,0,0,0,0,0,0,0,0,0,0,0,0,0,0,0,0,0,0,0,0,0,0,0,0,0,0,0,0,0,0,0,1,0,0,0,0,0,0,0,0,0,0,0,0,0
0.061220803,408,0,1,1.167222057,-1.339046761,-0.778901259,-1.304568877,0.784554629,0.097612929,0.785446705,1.373996984,-0.981922745,1.372369318,-1.198298048,-0.186811071,-1.203016872,-0.432980172,0,0,0,0,0,0,0,0,0,0,0,0,0,0,0,0,0,0,0,0,0,0,0,0,1,0,0,0,0,0,0,0,0,0,0,0,0,0,0,0,0,0,0,0,0,0,0,0,0,0,0
-0.433832962,415,0,1,1.826848285,-0.406059882,0.283603443,-0.395788372,-1.024803502,0.047945849,-1.025574708,0.252002918,0.40991523,0.250605613,0.987861383,5.525616938,0.987258134,-0.432980172,0,0,0,0,0,0,0,0,0,0,0,0,0,0,0,0,0,0,0,0,0,0,0,0,0,0,0,0,1,0,0,0,0,0,0,0,0,0,0,0,0,0,0,0,0,0,0,0,0,0,0
-0.225389272,510,0,0,-0.591781216,0.645276284,0.233007981,0.628285183,0.482323315,0.892286214,0.482029505,0.413455616,0.255266566,0.414101538,-0.445685785,-0.186811071,-0.446376416,-0.432980172,0,0,0,0,0,0,0,0,0,0,0,0,0,0,0,0,0,0,0,0,0,0,0,1,0,0,0,0,0,0,0,0,0,0,0,0,0,0,0,0,0,0,0,0,0,0,0,0,0,0,0
-0.616221191,415,0,0,-0.591781216,-0.737437886,0.587176215,-0.719061039,2.128476537,0.544616652,2.129490083,-0.093383234,-0.930373191,-0.09455245,-0.123137672,-1.410902787,-0.12779096,-0.432980172,0,0,0,0,0,0,0,0,0,0,0,0,0,0,0,0,0,0,0,0,0,0,0,0,0,0,0,0,0,0,0,0,0,1,0,0,0,0,0,0,0,0,0,0,0,0,0,0,0,0,0
1.520326636,415,0,1,0.50759583,-1.297624511,0.081221595,-1.265007537,-1.115472896,2.282964461,-1.115651689,-0.119951399,1.904852315,-0.121801771,0.557797233,1.85334179,0.562477527,-0.432980172,0,0,0,0,0,0,0,0,0,1,0,0,0,0,0,0,0,0,0,0,0,0,0,0,0,0,0,0,0,0,0,0,0,0,0,0,0,0,0,0,0,0,0,0,0,0,0,0,0,0,0
0.243609032,415,1,1,1.387097466,1.740007188,0.131817057,1.694180726,1.262080105,-1.293065318,1.261906527,-0.469424961,0.306816121,-0.471501387,-0.696556539,-1.002872215,-0.698589901,-0.432980172,1,0,0,0,0,0,0,0,0,0,0,0,0,0,0,0,1,0,0,0,0,0,0,0,0,0,0,0,0,0,0,0,0,0,0,0,0,0,0,0,0,0,0,0,0,0,0,0,0,0,0
0.973161949,510,0,0,-0.591781216,-0.163443844,0.840153524,-0.159550653,-1.721950399,1.388957016,-1.722486089,0.478854177,0.770762113,0.477683286,2.421408551,-0.186811071,2.420892683,1.088602382,0,0,0,0,0,0,0,0,0,0,0,0,0,0,0,0,0,0,0,0,0,0,0,0,0,0,0,0,0,0,0,0,0,1,0,0,0,0,0,0,0,0,0,0,0,0,0,0,0,0,0
2.015380401,408,0,0,-0.591781216,1.887943797,2.50980377,1.8388622,-0.265195467,-1.889070281,-0.264661261,-1.102973523,1.337807214,-1.102777318,1.202893458,-0.594841643,1.199648437,-0.432980172,0,0,0,0,0,0,0,0,0,0,0,0,0,0,0,0,0,0,0,0,0,0,0,0,0,0,0,0,0,0,0,0,0,1,0,0,0,0,0,0,0,0,0,0,0,0,0,0,0,0,0
-1.632384182,415,0,1,1.680264679,0.34545809,0.890748986,0.335531264,0.992086798,-1.491733639,0.991675583,1.999370726,0.203717012,1.999103696,-2.273458424,-1.002872215,-2.278242785,-1.19377145,0,0,0,0,0,0,0,0,0,0,0,0,0,0,0,0,0,0,0,0,0,0,0,0,0,0,0,0,0,0,0,0,0,0,0,0,0,0,0,0,1,0,0,0,0,0,0,0,0,0,0
-1.449995953,510,0,1,1.313805663,-1.735516873,0.182412519,-1.691139689,-1.008684499,0.941953294,-1.008981579,-2.815598346,0.152167457,-2.814942973,-0.911588615,0.221219501,-0.910980205,-0.432980172,0,0,0,0,0,0,0,0,0,0,0,0,0,0,0,0,0,0,0,0,0,0,1,0,0,0,0,0,0,0,0,0,0,0,0,0,0,0,0,0,0,0,0,0,0,0,0,0,0,0,0
-0.79860942,510,0,0,-0.591781216,-1.053035984,-0.070564791,-1.02650917,-1.190023287,0.29628125,-1.189135542,1.120577559,-0.208679425,1.122583878,-0.23065371,-1.002872215,-0.233986112,-1.19377145,0,0,0,0,0,0,0,0,0,0,0,0,0,0,0,0,0,0,0,0,0,0,0,0,0,0,0,0,0,0,0,0,0,0,0,0,0,0,0,0,0,0,1,0,0,0,0,0,0,0,0
1.2076611,510,0,1,1.826848285,1.416519137,0.334198905,1.379950651,0.673736481,0.494949571,0.674035702,0.252002918,-0.672625417,0.250605613,0.056055724,0.629250074,0.058050555,1.088602382,0,0,0,0,0,0,0,0,0,0,0,0,0,0,0,0,0,0,0,0,0,0,0,0,0,0,0,0,0,0,0,0,0,0,1,0,0,0,0,0,0,0,0,0,0,0,0,0,0,0,0
-0.173278349,510,0,0,-0.591781216,0.215273874,0.384794367,0.208934975,-0.974431617,-0.250056632,-0.973424876,-1.152022444,-0.157129871,-1.152734406,-0.983265973,0.221219501,-0.977352175,-0.432980172,0,0,0,0,0,0,0,0,0,0,0,0,0,0,0,0,0,0,0,0,0,0,0,0,0,0,0,0,0,0,0,0,0,1,0,0,0,0,0,0,0,0,0,0,0,0,0,0,0,0,0
2.041435862,510,0,0,-0.591781216,-1.254229772,0.030626133,-1.222055224,0.022931718,-0.051388311,0.022162811,-0.39176417,0.152167457,-0.389753425,0.486119874,0.221219501,0.482831163,-1.19377145,0,0,0,0,0,0,0,0,0,0,0,0,0,0,1,0,0,0,0,0,0,0,0,0,0,0,0,0,0,0,0,0,0,0,0,0,0,0,0,0,0,0,0,0,0,0,0,0,0,0,0
-1.085219495,510,0,0,-0.591781216,-0.005644795,-1.031878569,-0.005826587,0.641498474,-0.051388311,0.640849446,-0.516430177,0.255266566,-0.516916922,1.59711893,-0.594841643,1.597880257,-1.19377145,0,0,0,0,0,0,0,0,0,0,0,0,0,0,0,0,0,0,0,0,0,0,0,0,0,0,0,0,1,0,0,0,0,0,0,0,0,0,0,0,0,0,0,0,0,0,0,0,0,0,0
0.842884642,408,0,0,-0.591781216,1.925421071,1.902658226,1.875032568,0.558888581,0.842619133,0.557883805,-1.711997625,0.152167457,-1.711345482,0.916184025,-0.186811071,0.920886164,0.327811105,1,0,0,0,0,0,0,0,0,0,0,0,0,0,0,0,0,0,0,0,0,0,1,0,0,0,0,0,0,0,0,0,0,0,0,0,0,0,0,0,0,0,0,0,0,0,0,0,0,0,0
-0.016945581,415,0,0,-0.591781216,-1.072760866,-0.829496721,-1.045724678,-0.666155677,1.041287454,-0.665266783,1.216631696,-0.311778535,1.2179565,-0.66071786,-0.186811071,-0.658766719,-0.432980172,0,0,0,0,0,0,0,0,0,0,0,0,0,0,0,0,0,0,0,0,0,0,0,0,0,0,0,0,0,0,0,0,0,0,0,0,0,0,0,0,0,0,1,0,0,0,0,0,0,0,0
-0.19933381,408,0,1,1.753556482,-0.820282387,-0.475328487,-0.799314044,-0.672200303,-1.392399478,-0.672378123,0.773147703,0.770762113,0.772884261,-1.234136727,-0.594841643,-1.22956566,0.327811105,0,0,0,0,0,0,0,0,0,0,0,0,0,0,0,0,0,0,0,0,0,0,0,0,0,0,0,0,0,0,0,0,0,0,0,0,0,0,0,0,0,0,0,0,0,0,1,0,0,0,0
-0.954942188,415,0,1,1.387097466,0.426330103,0.030626133,0.414653945,-1.145696028,-0.548059114,-1.146467498,-1.039618667,1.389356769,-1.03919557,0.736990629,-0.594841643,0.735044648,-0.432980172,0,0,0,0,0,0,0,0,1,0,0,0,0,0,0,0,0,0,0,0,0,0,0,0,0,0,0,0,0,0,0,0,0,0,0,0,0,0,0,0,0,0,0,0,0,0,0,0,0,0,0
-1.371829569,415,0,0,-0.591781216,0.211328898,-0.424733025,0.205544003,2.354142585,-0.746727435,2.354682536,-1.382961114,0.667663003,-1.384353633,-0.696556539,-0.186811071,-0.698589901,0.327811105,0,0,0,0,0,0,0,0,0,0,0,0,0,0,0,0,0,0,0,0,0,0,0,0,0,0,0,0,0,0,0,0,0,0,0,0,0,1,0,0,0,0,0,0,0,0,0,0,0,0,0
2.093546785,408,0,0,-0.591781216,-0.717713005,-0.475328487,-0.699845531,-0.104005433,-2.087738602,-0.103470873,0.454329717,-0.26022898,0.454975519,-1.520846161,1.037280646,-1.521602328,-0.432980172,0,0,0,0,0,0,0,0,0,0,0,0,0,0,0,0,0,0,0,0,0,0,0,0,0,0,0,0,0,0,0,0,0,0,1,0,0,0,0,0,0,0,0,0,0,0,0,0,0,0,0
1.754825788,415,0,1,2.486474512,-1.62308505,-2.195574195,-1.58149826,0.059199476,-0.101055392,0.060089961,-0.555260573,1.234708105,-0.55324935,0.414442516,-1.002872215,0.416459193,0.327811105,0,0,0,0,0,0,0,0,0,0,0,0,0,0,0,0,0,0,0,0,0,0,0,0,1,0,0,0,0,0,0,0,0,0,0,0,0,0,0,0,0,0,0,0,0,0,0,0,0,0,0
1.416104791,415,0,0,-0.591781216,0.033804968,0.536580753,0.032604429,-0.664140801,-0.399057873,-0.665266783,-0.665620645,1.131608995,-0.666788186,0.378603837,-0.594841643,0.376636011,1.088602382,0,0,0,0,0,0,0,0,0,1,0,0,0,0,0,0,0,0,0,0,0,0,0,0,0,0,0,0,0,0,0,0,0,0,0,0,0,0,0,0,0,0,0,0,0,0,0,0,0,0,0
-2.335881637,415,0,0,-0.591781216,-0.715740517,1.49789453,-0.697584883,1.78796259,-2.485075244,1.788145733,-0.14447586,-0.002481207,-0.144509538,-0.194815031,0.629250074,-0.19416293,0.327811105,0,0,0,0,0,0,0,0,0,0,0,0,0,0,0,0,0,0,0,0,0,0,0,0,0,0,0,0,0,0,0,0,0,0,1,0,0,0,0,0,0,0,0,0,0,0,0,0,0,0,0
2.119602246,415,0,0,-0.591781216,-1.475148441,0.536580753,-1.43794711,-0.043559171,0.991620374,-0.044209701,1.167582775,-0.466427199,1.167999412,-0.804072577,0.221219501,-0.804785053,0.327811105,0,0,0,0,0,0,0,0,0,0,0,0,0,0,0,0,0,0,0,0,0,0,0,0,0,0,0,0,1,0,0,0,0,0,0,0,0,0,0,0,0,0,0,0,0,0,0,0,0,0,0
0.035165342,415,0,0,-0.591781216,-1.279872118,1.24491722,-1.246922352,-2.392903916,1.289622856,-2.393322554,2.109730798,0.049068348,2.108100979,0.629474591,-0.186811071,0.628849496,-1.19377145,0,0,0,0,0,0,0,0,0,0,0,0,0,0,0,0,0,0,0,0,0,0,0,0,0,0,0,0,0,0,0,0,0,0,0,1,0,0,0,0,0,0,0,0,0,0,0,0,0,0,0
0.556274568,415,0,0,-0.591781216,0.004217646,-0.222351177,1.014855995,0.097482109,0.991620374,0.098017111,0.258134033,-0.466427199,0.25968872,0.593635912,-1.002872215,0.589026314,-1.19377145,0,1,0,0,0,0,0,0,0,0,0,0,0,0,0,0,0,0,0,0,0,0,0,0,0,0,0,0,0,0,0,0,0,0,0,0,0,0,0,0,0,0,0,0,0,0,0,0,0,0,0
-1.554217798,415,0,0,-0.591781216,-0.71179554,0.840153524,-0.694193911,-0.972416741,0.395615411,-0.973424876,-0.13630104,0.51301434,-0.135426431,-0.589040502,-0.594841643,-0.592394749,-0.432980172,0,0,0,0,0,0,0,0,0,0,0,0,0,0,0,0,0,0,0,0,0,0,0,0,0,0,0,0,0,0,0,0,0,0,0,0,0,0,0,0,1,0,0,0,0,0,0,0,0,0,0
0.816829181,415,0,0,-0.591781216,-0.058901974,1.599085454,-0.057821492,0.875224023,-0.995062836,0.875523686,-0.506211652,1.028509886,-0.507833815,-0.409847106,-0.186811071,-0.406553234,0.327811105,0,0,0,0,0,0,0,0,0,0,1,0,0,0,0,0,0,0,0,0,0,0,0,0,0,0,0,0,0,0,0,0,0,0,0,0,0,0,0,0,0,0,0,0,0,0,0,0,0,0,0
-0.642276652,415,0,0,-0.591781216,1.651245223,2.408612846,1.608276102,0.597171214,-1.541400719,0.598181402,-0.622702839,0.049068348,-0.621372651,0.414442516,0.221219501,0.416459193,-0.432980172,1,0,0,0,0,0,0,0,0,0,0,0,0,0,0,0,0,0,0,0,0,0,0,0,0,0,0,0,0,0,0,0,0,0,0,0,0,0,0,0,0,0,0,0,0,0,0,0,0,0,1
0.373886338,415,0,1,1.826848285,-0.684180707,-1.436642265,-0.667066134,-0.124154187,2.829302344,-0.124804895,0.842633674,1.95640187,0.841007563,1.417925534,-0.594841643,1.412038741,0.327811105,0,0,0,0,0,0,0,0,0,0,0,1,0,0,0,0,0,0,0,0,0,0,0,0,0,0,0,0,0,0,0,0,0,0,0,0,0,0,0,0,0,0,0,0,0,0,0,0,0,0,0
1.390049329,510,0,0,-0.591781216,-0.252205809,-0.070564791,-0.246585602,-0.922044856,-0.150722472,-0.921275045,-0.238486292,-0.569526308,-0.239882161,-1.090782011,0.221219501,-1.096821721,-1.19377145,0,0,0,0,0,0,0,0,0,0,0,0,0,0,0,0,0,0,1,0,0,0,0,0,0,0,0,0,0,0,0,0,0,0,0,0,0,0,0,0,0,0,0,0,0,0,0,0,0,0,0
-0.016945581,510,0,0,-0.591781216,-0.73349291,-0.677710335,-0.714539743,-0.099975682,-0.597726194,-0.101100426,-1.613899783,0.873861222,-1.61597286,-0.875749935,1.445311218,-0.871157023,0.327811105,0,0,1,0,0,0,0,0,0,0,0,0,0,0,0,0,0,0,0,0,0,0,0,0,0,0,0,0,0,0,0,0,0,0,0,0,0,0,0,0,0,0,0,0,0,0,0,0,0,0,0
1.181605639,510,1,0,-0.591781216,-0.920879281,-1.790810499,-0.897652233,1.252005727,-0.349390793,1.252424739,0.270396263,1.440906323,0.268771827,0.342765158,-0.594841643,0.336812829,-0.432980172,0,0,0,0,0,0,0,0,0,0,0,0,0,0,0,0,0,0,0,0,0,0,0,0,0,0,0,0,0,0,0,0,0,0,0,0,0,0,0,0,0,0,0,0,0,0,0,0,0,0,0
-0.876775804,415,0,1,1.460389269,-1.670424765,-0.323542101,-1.627841544,1.824230348,-1.342732398,1.823702436,-0.847510393,0.719212558,-0.848450325,-0.087298993,-1.002872215,-0.087967778,0.327811105,0,1,0,0,0,0,0,0,0,0,0,0,0,0,0,0,0,0,0,0,0,0,0,0,0,0,0,0,0,0,0,0,0,0,0,0,0,0,0,0,0,0,0,0,0,0,0,0,0,0,0
1.572437559,510,1,0,-0.591781216,0.286283447,0.283603443,0.27788474,0.982012421,0.24661417,0.982193795,1.100140509,1.492455878,1.09987611,0.952022704,-1.410902787,0.947434952,-0.432980172,1,0,0,0,0,0,0,0,0,0,0,0,0,0,0,0,0,0,0,0,0,0,0,0,0,0,0,0,0,0,0,0,0,0,0,0,0,0,0,0,0,0,0,0,1,0,0,0,0,0,0
-0.79860942,415,0,0,-0.591781216,0.850415048,0.688367139,0.828352533,0.307029153,0.643950812,0.306616436,0.458417127,1.131608995,0.459517072,-3.671166913,-1.818933359,-3.672054152,-0.432980172,0,0,0,0,0,0,0,0,0,0,0,0,0,0,0,0,1,0,0,0,0,0,0,0,0,0,0,0,0,0,0,0,0,0,0,0,0,0,0,0,0,0,0,0,0,0,0,0,0,0,0
-0.043001042,415,0,1,2.486474512,0.716285856,1.24491722,0.697234948,0.637468723,0.19694709,0.638478999,0.294920724,-0.002481207,0.296021148,-0.338169747,-0.186811071,-0.340181264,0.327811105,1,0,0,0,0,0,0,0,0,0,0,0,0,0,0,0,0,0,0,0,0,0,0,0,0,0,0,0,0,0,0,0,0,0,0,0,0,0,0,0,0,0,0,0,0,1,0,0,0,0,0
-0.355666578,415,0,0,-0.591781216,-0.658538361,0.384794367,-0.642199006,-0.581530909,0.097612929,-0.582301142,-0.686057695,-1.755166065,-0.6849544,-1.771716916,1.85334179,-1.773815813,-0.432980172,0,0,0,0,0,0,0,0,0,0,0,0,0,0,0,0,0,0,0,0,0,0,0,0,0,0,0,0,0,0,0,0,0,0,0,0,0,0,0,0,0,0,0,0,1,0,0,0,0,0,0
-0.355666578,510,0,0,-0.591781216,1.087113622,-0.778901259,1.058938632,-1.204127415,-0.448724953,-1.203358223,0.066025759,-0.363328089,0.064401921,-0.266492389,0.221219501,-0.2605349,-0.432980172,0,0,0,0,0,0,0,0,0,0,0,0,0,0,0,1,0,0,0,0,0,0,0,0,0,0,0,0,0,0,0,0,0,0,0,0,0,0,0,0,0,0,0,0,0,0,0,0,0,0,0
-0.79860942,408,0,0,-0.591781216,0.373072924,0.536580753,0.36265904,0.266731645,0.743284973,0.266318839,-0.610440609,0.255266566,-0.612289545,0.127733082,0.629250074,0.124422525,0.327811105,0,0,0,0,0,0,1,0,0,0,0,0,0,0,0,0,0,0,0,0,0,0,0,0,0,0,0,0,0,0,0,0,0,0,0,0,0,0,0,0,0,0,0,0,0,0,0,0,0,0,0
0.478108184,408,0,1,1.753556482,-0.731520421,-1.183664955,-0.713409419,0.151883746,1.289622856,0.152537389,-0.614528019,0.100617902,-0.616831098,0.629474591,-1.002872215,0.628849496,1.088602382,0,0,0,0,0,0,0,0,0,0,0,0,0,0,0,0,0,0,0,0,0,0,0,0,1,0,0,0,0,0,0,0,0,0,0,0,0,0,0,0,0,0,0,0,0,0,0,0,0,0,0
-0.355666578,510,1,0,-0.591781216,-0.897209423,-1.031878569,-0.875045753,-0.718542438,-1.442066559,-0.717416614,-0.571610213,0.100617902,-0.571415563,0.163571761,0.221219501,0.164245707,-1.19377145,0,0,0,0,0,0,0,0,0,0,0,0,0,0,0,0,0,0,0,0,0,0,0,0,0,0,0,0,0,0,0,0,0,0,0,0,0,0,0,1,0,0,0,0,0,0,0,0,0,0,0
-0.016945581,415,0,0,-0.591781216,-1.337074273,-0.424733025,-1.303438553,-1.746128904,2.13396322,-1.746190558,-1.109104638,-1.085021854,-1.107318872,1.382086854,-0.594841643,1.385489953,2.610184936,1,0,0,0,1,0,0,0,0,0,0,0,0,0,0,0,0,0,0,0,0,0,0,0,0,0,0,0,0,0,0,0,0,0,0,0,0,0,0,0,0,0,0,0,0,0,0,0,0,0,0
-0.668332114,415,0,0,-0.591781216,0.004217646,-0.576519411,-1.093198287,0.214344884,0.19694709,0.214169008,1.232981336,-0.466427199,1.231581161,0.163571761,-1.002872215,0.164245707,0.327811105,0,0,0,0,0,0,0,0,0,0,0,0,0,0,0,0,0,0,0,0,0,0,0,0,0,0,0,0,0,0,0,0,0,0,0,0,0,0,0,1,0,0,0,0,0,0,0,0,0,0,0
1.285827484,510,0,0,-0.591781216,0.189631529,-1.183664955,0.184067847,0.407772925,0.24661417,0.408545652,0.769060293,0.873861222,0.768342708,-0.374008427,0.221219501,-0.380004446,1.849393659,0,0,0,0,0,0,1,0,0,0,0,0,0,0,0,0,0,0,0,0,0,0,0,0,0,0,0,0,0,0,0,0,0,0,0,0,0,0,0,0,0,0,0,0,0,0,0,0,0,0,0
1.572437559,510,0,1,2.1933073,1.197572956,0.587176215,1.166319413,0.022931718,0.097612929,0.022162811,0.10281245,0.616113449,0.100734349,2.098860439,0.629250074,2.102307228,-1.19377145,0,0,0,0,0,0,0,0,0,0,0,0,0,0,0,1,0,0,0,0,0,0,0,0,0,0,0,0,0,0,0,0,0,0,0,0,0,0,0,0,0,0,0,0,0,0,0,0,0,0,0
-0.251444733,510,1,1,1.167222057,-1.700012087,0.587176215,-1.656099645,-0.34780536,1.388957016,-0.347626901,0.809934393,1.698654096,0.809216689,-0.123137672,-0.594841643,-0.12779096,-1.19377145,0,0,0,0,0,0,0,0,0,1,0,0,0,0,0,0,0,0,0,0,0,0,0,0,0,0,0,0,0,0,0,0,0,0,0,0,0,0,0,0,0,0,0,0,0,0,0,0,0,0,0
0.60838549,415,0,0,-0.591781216,-0.415922323,0.182412519,-0.405961288,0.212330008,-1.144064077,0.211798561,-0.444900501,0.203717012,-0.444252066,-0.015621635,1.445311218,-0.021595808,1.088602382,0,0,0,0,0,0,0,0,0,0,0,0,0,0,0,0,1,0,0,0,0,0,0,0,0,0,0,0,0,0,0,0,0,0,0,0,0,0,0,0,0,0,0,0,0,0,0,0,0,0,0
1.494271175,510,0,0,-0.591781216,0.812937774,1.447299068,0.791051841,0.83694139,0.395615411,0.837596536,0.65870022,-1.291220073,0.659345425,-1.377491444,0.221219501,-1.375583994,-1.19377145,0,0,0,0,0,0,0,0,0,0,0,0,0,0,0,0,0,0,0,0,0,0,0,0,0,0,0,0,0,0,0,0,0,0,0,0,0,0,0,1,0,0,0,0,0,0,0,0,0,0,0
0.035165342,415,0,0,-0.591781216,-0.696015635,-0.677710335,-0.678369374,1.326556118,1.388957016,1.325908592,0.337838529,-2.116012947,0.336895129,-1.12662069,1.037280646,-1.123370509,-1.19377145,0,0,0,0,0,0,0,0,0,0,0,0,0,0,0,0,0,0,0,0,0,0,0,0,0,0,0,0,0,0,0,0,0,1,0,0,0,0,0,0,0,0,0,0,0,0,0,0,0,0,0
-0.407777501,510,0,0,-0.591781216,0.643303796,0.334198905,0.626024535,0.558888581,0.14728001,0.557883805,-0.771893307,0.822311667,-0.771243916,-0.911588615,-0.594841643,-0.910980205,-1.19377145,0,0,0,0,0,0,0,0,0,0,0,0,0,0,0,0,0,0,0,0,0,0,0,0,0,0,0,0,0,0,0,0,0,0,0,0,0,0,0,0,0,0,0,0,1,0,0,0,0,0,0
-0.564110269,510,0,0,-0.591781216,-0.644730944,-1.436642265,-0.628635118,-0.70443831,0.097612929,-0.705564379,0.861027019,0.358365676,0.859173777,-0.66071786,1.85334179,-0.658766719,-0.432980172,0,0,0,0,0,0,0,0,0,0,0,0,0,0,0,0,0,0,0,0,0,0,0,0,0,0,0,0,0,0,0,0,0,0,0,0,1,0,0,0,0,0,0,0,0,0,0,0,0,0,0
0.99921741,510,0,1,1.24051386,-1.646754907,0.587176215,-1.605235064,-0.438474754,-1.491733639,-0.437703883,-0.38767676,-0.827274081,-0.389753425,0.952022704,2.261372362,0.947434952,0.327811105,0,0,0,0,0,0,0,0,0,0,0,0,0,0,0,0,0,0,0,0,0,0,0,1,0,0,0,0,0,0,0,0,0,0,0,0,0,0,0,0,0,0,0,0,0,0,0,0,0,0,0
0.061220803,415,0,0,-0.591781216,1.651245223,0.890748986,1.608276102,-0.434445003,-1.541400719,-0.435333436,0.278571083,0.616113449,0.277854934,0.020217045,-1.002872215,0.018227373,-1.19377145,0,0,0,0,0,0,0,0,0,0,0,0,0,0,0,0,0,0,0,0,0,0,0,0,0,0,0,1,0,0,0,0,0,0,0,0,0,0,0,0,0,0,0,0,0,0,0,0,0,0,0
-0.59016573,408,0,0,-0.591781216,-0.342940263,0.789558062,-0.334750875,-0.166466571,-0.697060355,-0.167472939,0.807890688,-0.002481207,0.809216689,-0.051460314,-0.594841643,-0.048144596,0.327811105,0,0,0,0,0,0,0,0,0,0,0,0,0,0,0,0,0,0,0,0,0,0,0,0,0,0,0,0,0,0,1,0,0,0,0,0,0,0,0,0,0,0,0,0,0,0,0,0,0,0,0
-0.381722039,415,0,1,2.1933073,-1.118128092,2.914567466,-1.089807315,-1.345168695,0.941953294,-1.345585036,-1.284863272,0.152167457,-1.284439457,1.095377421,-0.186811071,1.093453286,-0.432980172,0,0,0,0,0,0,0,0,0,0,0,0,0,0,0,0,0,0,0,0,0,0,0,0,0,0,0,0,0,0,0,0,0,0,0,0,0,0,0,0,0,0,0,0,0,0,0,0,0,1,0
-0.225389272,510,0,0,-0.591781216,0.004217646,1.24491722,0.543510882,-0.035499669,-1.193731157,-0.034727914,-2.547872986,-0.157129871,-2.546991319,-0.589040502,0.629250074,-0.592394749,-1.19377145,0,0,0,0,0,0,0,0,0,0,1,0,0,0,0,0,0,0,0,0,0,0,0,0,0,0,0,0,0,0,0,0,0,0,0,0,0,0,0,0,0,0,0,0,0,0,0,0,0,0,0
1.911158556,415,0,0,-0.591781216,1.173903099,-1.436642265,1.142582609,-0.245046713,1.190288695,-0.245697686,-1.951111114,0.822311667,-1.952047816,-0.517363143,-0.594841643,-0.512748386,-0.432980172,0,0,0,0,0,0,0,0,0,0,0,0,0,0,0,0,0,0,0,0,0,0,0,0,0,0,0,0,0,0,0,0,1,0,0,0,0,0,0,0,0,0,0,0,0,0,0,0,0,0,0
0.60838549,510,0,0,-0.591781216,0.262613589,-0.171755715,0.255278259,-2.233728757,-0.051388311,-2.234502614,-0.577741328,0.203717012,-0.575957117,1.812151005,-0.594841643,1.81027056,-0.432980172,0,0,0,0,0,0,0,0,0,0,0,0,0,0,0,0,0,0,0,0,0,0,0,0,0,0,0,0,0,0,0,0,0,0,0,1,0,0,0,0,0,0,0,0,0,0,0,0,0,0,0
-0.016945581,415,0,1,1.313805663,-1.242394844,-1.487237727,-1.210751984,-1.103383644,-0.597726194,-1.103799454,-0.530736112,0.152167457,-0.530541582,-0.123137672,-0.594841643,-0.12779096,-0.432980172,0,0,0,0,0,0,0,0,0,0,0,0,0,0,0,0,0,0,0,0,0,0,0,0,0,0,0,0,0,0,0,0,0,0,0,0,0,0,0,1,0,0,0,0,0,0,0,0,0,0,0
0.00910988,510,0,0,-0.591781216,-1.694094622,1.346108144,-1.650448025,-1.020773751,0.19694709,-1.020833814,0.818109214,0.822311667,0.818299796,0.163571761,-1.002872215,0.164245707,-0.432980172,0,0,0,0,0,0,0,0,0,0,0,1,0,0,0,0,0,0,0,0,0,0,0,0,0,0,0,0,0,0,0,0,0,0,0,0,0,0,0,0,0,0,0,0,0,0,0,0,0,0,0
2.19776863,415,1,1,1.606972875,-0.504684288,0.688367139,-0.491865913,-1.651429759,0.29628125,-1.651372683,1.171670185,0.255266566,1.172540966,0.952022704,-0.594841643,0.947434952,0.327811105,0,0,0,0,0,0,0,0,0,0,0,0,0,0,0,0,0,0,0,0,0,0,0,0,0,0,0,0,0,0,0,0,0,0,0,0,0,0,0,0,0,0,0,0,0,0,0,0,0,0,1
-0.850720343,415,0,1,1.533681072,1.179820563,-0.930687645,1.149364553,0.063229227,0.24661417,0.062460408,-0.67992658,-1.548967846,-0.680412846,-0.123137672,0.629250074,-0.12779096,-1.19377145,0,0,0,0,0,0,0,0,0,0,0,0,0,0,0,0,0,0,0,0,0,0,0,0,0,0,0,0,0,0,0,0,0,0,1,0,0,0,0,0,0,0,0,0,0,0,0,0,0,0,0
0.425997261,510,0,1,1.24051386,0.716285856,2.00384915,0.697234948,0.472248938,-1.541400719,0.472547717,1.365822164,0.616113449,1.367827765,0.557797233,-0.186811071,0.562477527,-1.19377145,0,0,0,0,0,0,0,0,0,0,0,0,0,0,0,0,1,0,0,0,0,0,0,0,0,0,0,0,0,0,0,0,0,0,0,0,0,0,0,0,0,0,0,0,0,0,0,0,0,0,0
0.452052722,408,0,0,-0.591781216,0.152154255,-0.171755715,0.147897478,-0.460638383,-0.548059114,-0.461408351,0.660743926,-0.157129871,0.659345425,0.70115195,0.629250074,0.695221466,-0.432980172,0,0,0,0,0,0,0,0,0,0,0,0,0,0,0,0,0,0,1,0,0,0,0,0,0,0,0,0,0,0,0,0,0,0,0,0,0,0,0,0,0,0,0,0,0,0,0,0,0,0,0
0.60838549,415,0,0,-0.591781216,-0.242343369,0.941344448,-0.236412686,0.655602602,2.13396322,0.655072127,-1.869362913,0.770762113,-1.870299853,0.020217045,0.221219501,0.018227373,-1.19377145,0,0,0,0,0,0,0,0,0,0,0,0,0,0,0,0,0,0,0,0,0,0,0,0,0,0,0,0,0,0,0,0,0,0,0,0,0,0,1,0,0,0,0,0,0,0,0,0,0,0,0
-2.049271563,510,0,0,-0.591781216,-0.380417537,0.384794367,-0.370921243,0.351356413,-0.597726194,0.351654927,-0.166956615,0.770762113,-0.167217305,0.808667987,-0.186811071,0.814691012,-0.432980172,0,0,0,0,0,0,0,0,0,0,0,0,0,0,0,0,0,0,0,0,0,0,0,0,0,0,0,0,0,0,0,0,0,1,0,0,0,0,0,0,0,0,0,0,0,0,0,0,0,0,0
-0.668332114,415,0,0,-0.591781216,-0.719685493,-0.424733025,-0.702106179,0.170017624,2.08429614,0.169130517,-0.573653918,-0.208679425,-0.571415563,0.593635912,1.85334179,0.589026314,-0.432980172,0,0,0,0,0,0,0,0,0,0,0,0,0,0,0,0,0,0,0,0,0,0,0,1,0,0,0,0,0,0,0,0,0,0,0,0,0,0,0,0,0,0,0,0,0,0,0,0,0,0,0
1.989324939,415,0,0,-0.591781216,1.04766386,0.283603443,1.020507615,-0.513025144,-0.150722472,-0.513558183,0.227478457,-1.188120964,0.227897846,0.808667987,1.037280646,0.814691012,0.327811105,0,0,0,0,0,0,0,0,0,0,0,0,0,0,0,0,0,0,0,0,0,1,0,0,0,0,0,0,0,0,0,0,0,0,0,0,0,0,0,0,0,0,0,0,0,0,0,0,0,0,0
0.243609032,408,0,0,-0.591781216,-0.348857727,-0.981283107,-0.340402495,0.943729788,-0.548059114,0.944266645,-0.9313023,-0.054030762,-0.930198287,-0.481524464,1.445311218,-0.486199598,-1.19377145,0,0,0,0,0,0,0,0,0,0,0,0,0,0,0,0,0,0,0,0,0,0,0,0,0,0,0,0,0,0,1,0,0,0,0,0,0,0,0,0,0,0,0,0,0,0,0,0,0,0,0
1.494271175,408,0,0,-0.591781216,0.595964081,0.587176215,0.579681251,0.415832426,-0.895728676,0.415656992,0.182516946,-0.363328089,0.182482311,-0.732395219,-0.594841643,-0.738413083,-0.432980172,0,0,0,0,0,0,0,0,0,0,0,0,0,0,0,0,0,0,0,0,0,0,0,1,0,0,0,0,0,0,0,0,0,0,0,0,0,0,0,0,0,0,0,0,0,0,0,0,0,0,0
0.347830877,415,0,0,-0.591781216,0.233026267,-0.627114873,0.227020159,-0.513025144,-1.094396997,-0.513558183,0.393018565,0.925410777,0.39139377,-3.671166913,-1.818933359,-3.672054152,-1.19377145,0,0,0,0,0,0,0,0,0,0,0,0,0,0,0,0,0,0,0,0,0,0,0,0,0,0,0,0,0,0,0,0,0,0,0,1,0,0,0,0,0,0,0,0,0,0,0,0,0,0,0
-0.954942188,408,0,1,0.800763042,2.197624431,2.50980377,2.140658711,0.524635699,1.140621615,0.524697549,0.368494105,-1.70361651,0.368686003,-0.983265973,-1.002872215,-0.977352175,-0.432980172,0,0,0,0,0,0,0,0,0,0,0,0,0,0,0,0,0,0,0,0,0,0,0,0,0,0,0,1,0,0,0,0,0,0,0,0,0,0,0,0,0,0,0,0,0,0,0,0,0,0,0
0.269664493,415,0,0,-0.591781216,1.503308614,-0.171755715,1.463594628,0.069273853,1.438624096,0.069571749,-0.608396904,-0.827274081,-0.607747991,0.736990629,0.221219501,0.735044648,1.088602382,0,0,0,0,0,0,0,0,0,0,0,0,0,0,0,0,0,1,0,0,0,0,0,0,0,0,0,0,0,0,0,0,0,0,0,0,0,0,0,0,0,0,0,0,0,0,0,0,0,0,0
-0.016945581,408,0,0,-0.591781216,1.440188995,-0.171755715,1.402557131,0.411802675,1.041287454,0.410916099,-1.863231798,-0.002481207,-1.861216746,0.772829308,-0.186811071,0.77486783,0.327811105,0,0,0,0,0,0,0,0,0,0,0,0,0,0,0,0,0,0,0,0,0,0,0,0,0,0,1,0,0,0,0,0,0,0,0,0,0,0,0,0,0,0,0,0,0,0,0,0,0,0,0
0.321775416,408,0,0,-0.591781216,-0.938631674,-1.436642265,-0.914607093,0.943729788,0.345948331,0.944266645,0.922338171,1.18315855,0.922755525,-1.198298048,0.629250074,-1.203016872,1.088602382,0,0,0,0,0,0,0,0,0,0,0,0,0,0,0,0,0,0,0,0,0,0,0,0,0,0,0,0,0,0,0,1,0,0,0,0,0,0,0,0,0,0,0,0,0,0,0,0,0,0,0
0.217553571,408,0,0,-0.591781216,0.736010737,0.7389626,0.716450456,0.127705241,2.08429614,0.128832921,1.367865869,0.306816121,1.367827765,-0.732395219,-0.186811071,-0.738413083,-0.432980172,0,0,0,0,0,0,0,0,0,1,0,0,0,0,0,0,0,0,0,0,0,0,0,0,0,0,0,0,0,0,0,0,0,0,0,0,0,0,0,0,0,0,0,0,0,0,0,0,0,0,0
0.113331725,510,0,1,2.486474512,-1.534323085,-1.082474031,-1.495593635,0.452100184,-0.150722472,0.451213696,0.828327739,-1.188120964,0.827382903,0.952022704,-1.002872215,0.947434952,-1.19377145,0,0,0,0,0,0,0,0,0,0,0,0,0,0,0,1,0,0,0,0,0,0,0,0,0,0,0,0,0,0,0,0,0,0,0,0,0,0,0,0,0,0,0,0,0,0,0,0,0,0,0
-0.407777501,510,0,0,-0.591781216,0.627523891,-0.019969329,0.611330323,-0.323626855,-0.597726194,-0.323922433,-0.751456256,1.595554987,-0.753077702,1.095377421,-0.186811071,1.093453286,0.327811105,0,0,0,0,0,0,0,0,1,0,0,0,0,0,0,0,0,0,0,0,0,0,0,0,0,0,0,0,0,0,0,0,0,0,0,0,0,0,0,0,0,0,0,0,0,0,0,0,0,0,0
0.790773719,510,0,0,-0.591781216,-0.518491705,-0.728305797,-0.505429801,-0.043559171,-0.945395756,-0.044209701,-0.749412551,-0.878823636,-0.748536148,0.056055724,-0.594841643,0.058050555,-1.19377145,0,1,0,0,0,0,0,0,0,0,0,0,0,0,0,0,0,0,0,0,0,0,0,0,0,0,0,0,0,0,0,0,0,0,0,0,0,0,0,0,0,0,0,0,0,0,0,0,0,0,0
-1.085219495,510,0,0,-0.591781216,-0.264040738,-0.272946639,-0.257888842,0.778510003,-0.647393275,0.778335364,-1.591419028,0.40991523,-1.593265092,-0.087298993,-0.594841643,-0.087967778,0.327811105,0,0,0,0,0,0,0,0,0,0,0,0,0,0,0,0,0,0,0,0,0,1,0,0,0,0,0,0,0,0,0,0,0,0,0,0,0,0,0,0,0,0,0,0,0,0,0,0,0,0,0
1.233716562,408,0,0,-0.591781216,0.108759516,-0.677710335,0.104945166,-0.609739165,-0.200389552,-0.610746504,-0.735106616,0.203717012,-0.734911488,-0.266492389,3.485464078,-0.2605349,-0.432980172,0,0,0,0,0,0,0,0,0,0,0,0,0,0,0,0,0,0,0,0,0,0,0,0,0,0,0,0,0,0,0,0,0,0,0,0,0,0,0,0,0,1,0,0,0,0,0,0,0,0,0
2.849155163,408,0,0,-0.591781216,-1.481065906,1.042535372,-1.443598731,-1.030848129,-1.442066559,-1.030315601,1.104227919,-1.70361651,1.104417664,-1.341652765,1.445311218,-1.335760812,0.327811105,0,0,0,0,0,0,0,0,0,0,0,0,0,0,0,0,0,0,0,0,0,0,0,0,0,0,0,0,0,0,0,0,0,0,0,0,0,0,0,0,0,0,0,0,0,1,0,0,0,0,0
0.139387187,510,0,0,-0.591781216,1.868218916,0.99193991,1.819646692,-0.041544295,-0.895728676,-0.041839254,-0.822985933,-1.961364283,-0.821201004,-1.520846161,-0.594841643,-1.521602328,-0.432980172,0,0,0,0,0,0,0,0,0,0,0,0,0,1,0,0,0,0,0,0,0,0,0,0,0,0,0,0,0,0,0,0,0,0,0,0,0,0,0,0,0,0,0,0,0,0,0,0,0,0,0
-1.137330417,415,0,1,1.533681072,1.976705762,1.042535372,1.924766825,0.452100184,0.445282491,0.451213696,1.034741948,-0.311778535,1.036294362,0.987861383,-1.002872215,0.987258134,-0.432980172,0,0,0,0,0,0,0,0,0,0,0,0,0,0,0,0,0,1,0,0,0,0,0,0,0,0,0,0,0,0,0,0,0,0,0,0,0,0,0,0,0,0,0,0,0,0,0,0,0,0,0
-0.069056504,510,0,0,-0.591781216,0.148209278,1.346108144,0.143376182,-0.101990558,-0.597726194,-0.101100426,-0.393807875,1.492455878,-0.394294978,-1.843394274,-0.186811071,-1.840187783,-0.432980172,0,0,0,0,0,0,0,0,0,0,0,0,0,0,0,0,0,0,0,0,0,0,0,0,0,0,0,0,1,0,0,0,0,0,0,0,0,0,0,0,0,0,0,0,0,0,0,0,0,0,0
1.468215713,415,0,0,-0.591781216,1.903723702,-0.272946639,1.853556412,-0.702423434,0.941953294,-0.703193933,-1.011006796,-1.085021854,-1.011946249,-2.882715971,-0.186811071,-2.888864907,1.088602382,0,0,0,0,0,0,0,0,0,0,0,1,0,0,0,0,0,0,0,0,0,0,0,0,0,0,0,0,0,0,0,0,0,0,0,0,0,0,0,0,0,0,0,0,0,0,0,0,0,0,0
0.3999418,415,0,1,1.973431891,0.40857771,0.182412519,0.397699085,1.45349327,-0.548059114,1.453912724,0.274483673,-0.002481207,0.27331338,-0.696556539,-0.186811071,-0.698589901,-0.432980172,0,0,0,0,0,0,0,0,0,0,0,0,0,0,0,0,0,0,0,0,0,0,0,0,0,0,0,0,0,0,0,0,0,0,0,0,0,0,0,0,0,0,0,0,0,0,0,0,1,0,0
-1.840827873,510,0,0,-0.591781216,-0.342940263,-0.222351177,-0.334750875,0.873209148,1.090954535,0.873153239,-0.42855086,-0.569526308,-0.430627406,-0.409847106,-0.186811071,-0.406553234,0.327811105,0,0,0,0,0,0,0,0,0,0,0,0,0,0,0,0,0,0,0,0,0,0,0,0,0,0,0,0,0,0,0,0,0,0,0,0,0,0,0,0,0,0,0,0,0,0,0,0,0,1,0
0.269664493,510,0,0,-0.591781216,-0.054956998,1.396703606,-0.05443052,-1.971794952,-2.187072763,-1.971383011,0.258134033,-0.827274081,0.25968872,0.091894403,-1.002872215,0.097873737,1.849393659,1,0,0,0,0,0,0,0,0,0,0,0,0,0,0,0,0,0,0,0,0,0,0,0,0,0,0,0,0,0,0,1,0,0,0,0,0,0,0,0,0,0,0,0,0,0,0,0,0,0,0
-1.267607724,415,0,0,-0.591781216,-0.279820643,-1.133069493,-0.272583054,0.097482109,-0.548059114,0.098017111,0.256090328,1.234708105,0.255147167,0.70115195,0.629250074,0.695221466,-1.19377145,0,0,0,0,0,0,0,0,0,0,0,0,0,0,0,0,1,0,0,0,0,0,0,0,0,0,0,0,0,0,0,0,0,0,0,0,0,0,0,0,0,0,0,0,0,0,0,0,0,0,0
0.894995565,510,0,1,1.460389269,0.428302591,-0.019969329,0.416914593,0.923581033,0.842619133,0.922932624,-0.945608235,1.595554987,-0.943822947,0.952022704,-0.186811071,0.947434952,0.327811105,1,0,0,0,0,0,0,0,0,0,0,0,0,0,0,0,0,0,0,0,0,0,0,0,0,0,0,0,0,0,0,1,0,0,0,0,0,0,0,0,0,0,0,0,0,0,0,0,0,0,0
-0.016945581,510,0,0,-0.591781216,0.213301386,0.7389626,0.207804651,-0.424370626,1.488291177,-0.423481201,1.17371389,-0.569526308,1.172540966,-0.051460314,0.221219501,-0.048144596,1.088602382,0,0,0,0,0,0,0,0,0,0,0,0,0,0,0,0,0,0,0,0,0,0,0,0,0,0,0,1,0,0,0,0,0,0,0,0,0,0,0,0,0,0,0,0,0,0,0,0,0,0,0
1.311882946,510,0,0,-0.591781216,1.108810991,0.182412519,1.079284464,-2.419097296,-0.448724953,-2.41939747,0.239740687,0.822311667,0.241522506,-1.59252352,-1.002872215,-1.587974298,1.088602382,0,0,0,0,0,0,0,0,0,0,0,0,0,0,0,0,0,0,0,0,0,0,0,0,0,0,0,0,0,0,0,0,0,0,0,0,0,0,0,0,0,0,0,0,0,0,0,0,0,0,1
0.425997261,415,0,0,-0.591781216,-0.692070659,0.7389626,-0.674978402,1.17141071,-1.69040196,1.171829545,1.065397523,0.667663003,1.063543683,-1.019104652,1.85334179,-1.017175357,0.327811105,0,0,0,0,0,0,0,0,0,0,0,0,0,0,0,0,0,0,0,0,0,0,0,0,0,0,0,0,0,0,0,0,0,0,1,0,0,0,0,0,0,0,0,0,0,0,0,0,0,0,0
-0.485943885,408,0,0,-0.591781216,-1.552075478,-0.374137563,-1.512548495,-0.907940728,0.19694709,-0.907052364,2.111774503,-0.363328089,2.112642532,1.095377421,-1.002872215,1.093453286,-1.19377145,0,0,0,0,0,0,0,0,0,0,0,0,0,1,0,0,0,0,0,0,0,0,0,0,0,0,0,0,0,0,0,0,0,0,0,0,0,0,0,0,0,0,0,0,0,0,0,0,0,0,0
0.191498109,408,0,1,0.50759583,-0.287710595,-0.778901259,-0.280495322,1.336630495,-0.349390793,1.337760827,1.014304897,0.719212558,1.013586595,0.23524912,-0.186811071,0.230617677,-0.432980172,0,0,0,0,0,0,0,0,0,0,0,0,0,0,0,0,0,0,0,0,0,0,0,0,0,0,0,0,0,0,0,0,0,0,0,0,0,0,0,0,0,0,1,0,0,0,0,0,0,0,0
-0.069056504,408,0,0,-0.591781216,-0.289683083,1.447299068,-0.28275597,0.039050722,0.643950812,0.038755939,-0.587959853,-0.311778535,-0.589581777,0.808667987,1.037280646,0.814691012,-0.432980172,1,0,0,0,0,0,0,0,0,0,0,0,0,0,0,0,0,0,0,0,0,0,0,0,0,0,0,0,0,0,0,0,0,0,0,1,0,0,0,0,0,0,0,0,0,0,0,0,0,0,0
-1.39788503,415,0,0,-0.591781216,-0.481014431,0.789558062,-0.469259432,-0.251091339,-0.746727435,-0.250438579,0.938687811,-1.394319182,0.940921739,0.736990629,-0.186811071,0.735044648,1.088602382,0,0,0,0,0,0,0,0,0,0,0,0,0,0,0,0,0,0,0,1,0,0,0,0,0,0,0,0,0,0,0,0,0,0,0,0,0,0,0,0,0,0,0,0,0,0,0,0,0,0,0
-0.016945581,415,0,0,-0.591781216,0.564404271,0.283603443,0.549162502,0.726123242,1.140621615,0.726185533,-0.448987911,1.028509886,-0.44879362,0.378603837,0.221219501,0.376636011,1.088602382,0,0,0,0,0,0,0,0,0,0,0,0,0,0,0,0,0,0,0,0,0,0,0,0,0,0,0,0,0,0,0,0,0,0,0,0,1,0,0,0,0,0,0,0,0,0,0,0,0,0,0
1.520326636,415,0,0,-0.591781216,0.185686553,0.233007981,0.180676875,0.915521532,2.332631541,0.915821283,0.836502559,0.306816121,0.83646601,0.056055724,0.221219501,0.058050555,-0.432980172,1,0,0,0,0,0,0,0,0,0,0,0,0,0,0,0,0,0,0,0,0,0,0,0,0,0,0,0,0,1,0,0,0,0,0,0,0,0,0,0,0,0,0,0,0,0,0,0,0,0,0
-2.335881637,408,0,1,1.167222057,-0.950466602,-0.121160253,-0.925910333,0.595156339,0.544616652,0.595810955,1.68872756,-0.672625417,1.69027806,-0.087298993,-0.594841643,-0.087967778,0.327811105,0,0,0,0,0,0,0,0,0,0,0,0,0,0,0,0,0,0,0,0,0,0,0,0,0,0,0,0,0,0,0,0,0,0,0,0,0,0,0,0,0,0,0,0,0,1,0,0,0,0,0
0.269664493,408,0,0,-0.591781216,-0.737437886,-1.284855879,-0.719061039,-1.568819867,0.29628125,-1.568407042,0.581039429,-0.311778535,0.582139016,0.916184025,1.85334179,0.920886164,0.327811105,0,0,0,0,0,0,0,0,0,0,0,0,0,0,0,0,0,0,0,0,0,0,0,0,0,0,1,0,0,0,0,0,0,0,0,0,0,0,0,0,0,0,0,0,0,0,0,0,0,0,0
-0.043001042,408,0,1,0.800763042,-1.814416397,0.131817057,-1.768001722,0.450085308,-0.697060355,0.451213696,-0.383589349,0.616113449,-0.385211871,-1.054943331,-0.186811071,-1.056998539,0.327811105,0,0,0,0,0,0,0,0,0,0,0,0,0,0,0,0,0,0,0,0,0,0,0,0,0,0,0,0,0,0,0,0,0,0,0,0,0,0,0,0,0,0,0,0,0,0,1,0,0,0,0
0.347830877,415,1,1,1.680264679,-0.102296712,0.182412519,-0.09964348,0.474263814,-0.399057873,0.474918164,-1.732434675,-0.466427199,-1.73405325,0.736990629,2.261372362,0.735044648,0.327811105,0,0,0,0,0,0,0,0,0,0,0,0,0,0,0,0,0,0,0,0,0,0,0,0,0,0,0,0,0,0,0,0,0,0,0,0,0,0,0,0,0,0,0,0,0,1,0,0,0,0,0
-0.772553959,415,0,0,-0.591781216,-1.506708251,0.131817057,-1.468465859,-1.252484425,-1.044729917,-1.253137608,-0.741237731,-0.105580316,-0.739453041,-0.445685785,-1.002872215,-0.446376416,0.327811105,0,1,0,0,0,0,0,0,0,0,0,0,0,0,0,0,0,0,0,0,0,0,0,0,0,0,0,0,0,0,0,0,0,0,0,0,0,0,0,0,0,0,0,0,0,0,0,0,0,0,0
-0.016945581,408,0,1,1.24051386,1.31986722,-0.323542101,1.285003434,-1.194053038,0.594283732,-1.193876436,-0.230311472,0.461464785,-0.230799054,0.987861383,0.221219501,0.987258134,-0.432980172,0,1,0,0,0,0,0,0,0,0,0,0,0,0,0,0,0,0,0,0,0,0,0,0,0,0,0,0,0,0,0,0,0,0,0,0,0,0,0,0,0,0,0,0,0,0,0,0,0,0,0
-0.459888423,415,0,1,2.120015497,-1.995885304,0.435389829,-1.944332268,0.19822588,0.047945849,0.19757588,-0.43672568,0.100617902,-0.43516896,0.557797233,-0.186811071,0.562477527,-0.432980172,0,0,0,0,0,0,0,0,0,0,0,0,0,0,0,0,0,0,0,0,0,0,0,0,0,0,0,0,0,0,0,0,0,0,0,0,0,0,0,0,0,0,0,0,0,0,0,0,0,1,0
-0.954942188,408,0,0,-0.591781216,-0.623033575,-1.386046803,-0.607158962,-0.720557313,0.047945849,-0.719787061,0.305139249,1.286257659,0.305104255,0.736990629,-1.002872215,0.735044648,2.610184936,1,0,0,0,0,0,0,0,0,0,0,0,0,0,0,0,0,0,0,0,0,0,0,0,0,0,0,0,0,0,0,0,0,1,0,0,0,0,0,0,0,0,0,0,0,0,0,0,0,0,0
0.113331725,408,0,0,-0.591781216,0.522982021,-0.829496721,0.508470838,1.1230537,1.885627819,1.122050161,-1.716085035,-0.466427199,-1.715887036,-0.445685785,-0.594841643,-0.446376416,-0.432980172,0,0,0,0,0,0,0,0,0,0,0,0,0,0,0,0,0,0,0,0,0,0,0,0,0,0,0,0,0,0,0,0,0,0,0,0,0,0,0,0,0,0,1,0,0,0,0,0,0,0,0
1.129494716,415,0,1,1.826848285,1.418491625,-0.677710335,1.381080975,-0.061693049,0.892286214,-0.060802829,0.166167306,-0.157129871,0.164316097,0.70115195,-0.594841643,0.695221466,0.327811105,0,0,0,0,0,0,0,0,0,0,0,0,0,1,0,0,0,0,0,0,0,0,0,0,0,0,0,0,0,0,0,0,0,0,0,0,0,0,0,0,0,0,0,0,0,0,0,0,0,0,0
0.139387187,415,1,1,1.313805663,1.787346903,0.536580753,1.740524011,0.292925025,-0.498392034,0.292393755,1.081747164,1.698654096,1.081709897,1.489602892,1.037280646,1.491685105,-0.432980172,1,0,0,0,0,0,0,0,0,0,0,0,0,0,0,0,0,0,0,0,0,0,0,0,0,0,0,0,0,0,0,0,0,0,0,0,0,0,0,0,0,0,0,0,0,0,0,0,0,0,1
-2.127437947,510,0,1,1.900140088,-0.455372085,-0.171755715,-0.444392304,0.474263814,-0.150722472,0.474918164,1.222762811,1.801753206,1.222498054,0.378603837,-1.410902787,0.376636011,-0.432980172,0,0,0,0,0,0,0,0,0,0,0,0,0,0,0,0,0,0,0,0,0,0,0,0,0,0,0,0,0,0,0,0,0,0,0,0,0,0,0,0,0,0,0,1,0,0,0,0,0,0,0
-1.423940492,408,0,0,-0.591781216,-0.794640041,-0.981283107,-0.774446916,0.464189436,0.643950812,0.46306593,-0.571610213,-1.188120964,-0.571415563,1.202893458,0.629250074,1.199648437,-0.432980172,0,0,0,0,0,0,0,0,0,0,0,0,0,0,0,0,0,0,0,1,0,0,0,0,0,0,0,0,0,0,0,0,0,0,0,0,0,0,0,0,0,0,0,0,0,0,0,0,0,0,0
0.686551874,510,0,0,-0.591781216,0.799130357,0.384794367,0.777487953,-0.247061588,1.190288695,-0.248068133,-0.579785033,0.667663003,-0.58049867,0.521958554,-0.594841643,0.522654345,0.327811105,0,0,0,0,0,0,0,0,0,0,0,0,0,0,1,0,0,0,0,0,0,0,0,0,0,0,0,0,0,0,0,0,0,0,0,0,0,0,0,0,0,0,0,0,0,0,0,0,0,0,0
-0.016945581,415,0,1,2.266599103,0.678808582,0.384794367,0.66106458,-0.63391767,0.743284973,-0.634450973,-0.232355177,0.873861222,-0.230799054,-0.051460314,-0.594841643,-0.048144596,-0.432980172,0,0,0,0,0,0,0,0,0,0,0,0,0,0,0,0,0,0,1,0,0,0,0,0,0,0,0,0,0,0,0,0,0,0,0,0,0,0,0,0,0,0,0,0,0,0,0,0,0,0,0
1.468215713,415,0,0,-0.591781216,0.321788233,-1.335451341,0.312924784,0.256657268,-0.200389552,0.256837052,-0.087252119,-0.981922745,-0.085469343,-0.839911256,0.629250074,-0.844608235,-0.432980172,0,0,0,0,0,1,0,0,0,0,0,0,0,0,0,0,0,0,0,0,0,0,0,0,0,0,0,0,0,0,0,0,0,0,0,0,0,0,0,0,0,0,0,0,0,0,0,0,0,0,0
0.113331725,415,0,0,-0.591781216,-1.44556112,-1.487237727,-1.408558686,0.794629006,-0.846061596,0.794928492,-1.090711293,0.719212558,-1.089152658,-1.771716916,-0.186811071,-1.773815813,3.370976214,1,0,0,0,0,0,0,0,0,0,0,0,0,0,0,0,0,0,0,0,0,0,0,0,0,0,0,0,0,0,0,0,0,0,0,0,0,0,0,0,0,0,0,0,1,0,0,0,0,0,0
-0.016945581,415,0,0,-0.591781216,-0.047067045,1.447299068,-0.046518252,-0.96435724,0.24661417,-0.963943089,-0.780068127,-0.414877644,-0.780327023,-1.843394274,-1.002872215,-1.840187783,-1.19377145,0,0,0,0,0,0,0,0,0,0,0,0,0,1,0,0,0,0,0,0,0,0,0,0,0,0,0,0,0,0,0,0,0,0,0,0,0,0,0,0,0,0,0,0,0,0,0,0,0,0,0
-0.147222888,408,0,1,1.753556482,1.627575366,1.143726296,1.584539297,-0.714512687,-0.895728676,-0.715046167,-0.138344745,-2.219112057,-0.139967985,0.127733082,0.221219501,0.124422525,-1.19377145,0,0,0,0,0,0,0,0,0,0,0,0,0,0,0,0,0,0,0,0,0,0,0,1,0,0,0,0,0,0,0,0,0,0,0,0,0,0,0,0,0,0,0,0,0,0,0,0,0,0,0
0.816829181,415,0,0,-0.591781216,0.268531054,0.283603443,0.260929879,-1.458001719,-0.299723713,-1.456996039,-0.796417767,0.976960331,-0.798493236,0.486119874,-0.186811071,0.482831163,2.610184936,1,0,0,0,0,0,0,0,0,0,1,0,0,0,0,0,0,0,0,0,0,0,0,0,0,0,0,0,0,0,0,0,0,0,0,0,0,0,0,0,0,0,0,0,0,0,0,0,0,0,0
0.478108184,408,0,1,1.167222057,0.739955713,-0.323542101,0.719841428,-1.248454674,-2.385741084,-1.248396714,-1.262382516,-0.775724527,-1.26173169,0.378603837,-0.186811071,0.376636011,-1.19377145,0,0,0,0,0,0,0,0,0,0,0,1,0,0,0,0,0,0,0,0,0,0,0,0,0,0,0,0,0,0,0,0,0,0,0,0,0,0,0,0,0,0,0,0,0,0,0,0,0,0,0
-2.205604331,408,0,0,-0.591781216,0.588074128,-0.576519411,0.572899307,-0.561382155,-0.746727435,-0.56096712,-2.186137194,0.100617902,-2.188208596,-0.517363143,-0.186811071,-0.512748386,-0.432980172,0,1,0,0,0,0,0,0,0,0,0,0,0,0,0,0,0,0,0,0,0,0,0,0,0,0,0,0,0,0,0,0,0,0,0,0,0,0,0,0,0,0,0,0,0,0,0,0,0,0,0
-0.043001042,408,0,0,-0.591781216,-1.662534812,0.233007981,-1.619929276,0.131734991,0.047945849,0.131203367,-1.329824783,0.873861222,-1.329854991,-1.664200878,0.221219501,-1.667620662,-0.432980172,0,0,0,0,0,0,1,0,0,0,0,0,0,0,0,0,0,0,0,0,0,0,0,0,0,0,0,0,0,0,0,0,0,0,0,0,0,0,0,0,0,0,0,0,0,0,0,0,0,0,0
-0.642276652,408,0,1,1.313805663,0.688671022,0.485985291,0.670107172,0.091437483,-0.647393275,0.090905771,-1.358436653,2.059500979,-1.357104312,-0.768233898,-1.002872215,-0.764961871,-0.432980172,0,0,0,0,0,1,0,0,0,0,0,0,0,0,0,0,0,0,0,0,0,0,0,0,0,0,0,0,0,0,0,0,0,0,0,0,0,0,0,0,0,0,0,0,0,0,0,0,0,0,0
1.728770326,415,0,0,-0.591781216,-0.948494114,0.99193991,-0.924780009,0.214344884,-0.200389552,0.214169008,-0.669708055,-0.157129871,-0.67132974,0.306926478,-0.186811071,0.310264041,1.849393659,1,0,0,0,0,0,0,0,0,0,0,0,0,0,0,0,1,0,0,0,0,0,0,0,0,0,0,0,0,0,0,0,0,0,0,0,0,0,0,0,0,0,0,0,0,0,0,0,0,0,0
0.738662797,415,0,0,-0.591781216,-0.222618487,0.840153524,-0.217197178,0.331207658,1.438624096,0.330320905,-2.441600324,-0.002481207,-2.442535589,0.557797233,1.037280646,0.562477527,-0.432980172,0,0,0,0,0,0,0,0,0,0,0,0,0,0,0,0,0,0,0,0,0,0,0,0,0,0,0,0,0,0,0,1,0,0,0,0,0,0,0,0,0,0,0,0,0,0,0,0,0,0,0
0.3999418,408,0,0,-0.591781216,-0.656565873,1.143726296,-0.639938358,-0.484816888,0.643950812,-0.48511282,0.235653277,0.100617902,0.236980953,-0.875749935,0.221219501,-0.871157023,-0.432980172,0,0,0,0,0,0,0,0,0,1,0,0,0,0,0,0,0,0,0,0,0,0,0,0,0,0,0,0,0,0,0,0,0,0,0,0,0,0,0,0,0,0,0,0,0,0,0,0,0,0,0
-1.059164033,415,1,0,-0.591781216,0.065364778,0.485985291,0.063123177,0.121660614,-0.349390793,0.12172158,0.055807234,0.976960331,0.055318814,0.306926478,0.629250074,0.310264041,-0.432980172,0,0,0,0,1,0,0,0,0,0,0,0,0,0,0,0,0,0,0,0,0,0,0,0,0,0,0,0,0,0,0,0,0,0,0,0,0,0,0,0,0,0,0,0,0,0,0,0,0,0,0
-1.39788503,408,0,1,1.460389269,-1.331156809,-1.537833189,-1.297786933,-0.924059731,0.29628125,-0.923645492,-0.702407336,0.255266566,-0.703120614,0.127733082,-1.002872215,0.124422525,-1.19377145,0,0,0,0,0,0,0,0,0,0,0,0,0,0,0,0,0,0,0,0,0,0,0,0,0,0,0,0,0,0,0,0,0,0,0,0,0,0,0,0,0,0,0,1,0,0,0,0,0,0,0
-1.58027326,510,1,0,-0.591781216,-0.177251261,-2.296765119,-0.173114541,-0.434445003,0.395615411,-0.435333436,1.651940869,-0.569526308,1.653945633,-0.732395219,1.85334179,-0.738413083,1.088602382,0,0,0,0,0,0,0,0,0,0,0,0,0,0,0,0,0,0,0,0,0,0,0,1,0,0,0,0,0,0,0,0,0,0,0,0,0,0,0,0,0,0,0,0,0,0,0,0,0,0,0
1.885103094,510,0,0,-0.591781216,-0.141746475,-1.133069493,-0.138074497,-1.169874533,-0.448724953,-1.170171967,-2.024684496,-1.909814729,-2.024712671,0.23524912,-1.002872215,0.230617677,-1.19377145,0,0,0,0,0,0,0,0,0,0,0,0,0,0,0,0,0,0,0,0,0,0,0,0,0,0,0,0,0,0,0,0,0,0,0,0,0,0,0,0,0,0,0,0,0,0,0,0,0,0,0
1.468215713,510,0,1,1.606972875,0.288255935,0.334198905,0.280145388,0.857090144,0.395615411,0.856560111,2.475554,0.719212558,2.475966809,-1.12662069,0.221219501,-1.123370509,-0.432980172,0,0,0,0,0,0,0,0,0,0,0,0,0,0,0,0,0,0,0,0,0,0,0,0,0,0,0,0,0,0,0,0,0,0,0,0,0,1,0,0,0,0,0,0,0,0,0,0,0,0,0
-0.902831266,408,0,1,1.753556482,0.160044207,0.840153524,0.155809746,-1.427778587,-0.498392034,-1.428550676,-1.405441869,0.667663003,-1.4070614,0.629474591,-0.594841643,0.628849496,0.327811105,0,0,0,0,0,0,0,0,0,0,0,0,0,0,0,0,0,0,0,0,0,0,0,0,0,1,0,0,0,0,0,0,0,0,0,0,0,0,0,0,0,0,0,0,0,0,0,0,0,0,0
-1.319718646,415,1,1,1.313805663,2.51322253,-0.323542101,2.448106842,1.78796259,-1.094396997,1.788145733,-0.534823522,0.461464785,-0.535083136,-0.804072577,-0.594841643,-0.804785053,-1.19377145,0,0,0,0,0,0,0,0,0,0,0,0,0,0,0,0,0,0,0,0,0,0,0,0,0,0,0,0,0,0,0,0,0,0,0,0,0,0,0,0,0,0,0,0,0,0,1,0,0,0,0
-0.746498498,415,0,0,-0.591781216,-1.212807522,0.283603443,-1.182493884,-0.674215178,1.786293658,-0.67474857,0.268352558,0.306816121,0.268771827,0.70115195,-0.594841643,0.695221466,1.088602382,0,0,0,0,0,0,0,0,0,0,0,0,0,0,0,0,0,0,0,0,0,0,0,0,0,0,0,0,0,0,0,0,0,0,0,0,0,0,0,0,0,0,0,0,1,0,0,0,0,0,0
0.764718258,510,0,0,-0.591781216,-0.506656776,-0.272946639,-0.494126561,0.105541611,0.29628125,0.105128452,0.666875041,-1.291220073,0.668428532,0.952022704,-1.410902787,0.947434952,-0.432980172,0,0,0,0,0,0,0,0,0,0,0,0,0,0,0,0,1,0,0,0,0,0,0,0,0,0,0,0,0,0,0,0,0,0,0,0,0,0,0,0,0,0,0,0,0,0,0,0,0,0,0
1.103439255,408,0,0,-0.591781216,-0.477069454,0.030626133,-0.464738136,0.256657268,-0.548059114,0.256837052,0.752710652,-2.012913838,0.754718047,-0.947427294,2.669402934,-0.950803387,-0.432980172,0,0,0,0,0,0,0,0,0,0,0,0,0,0,0,0,0,0,0,0,0,0,0,0,0,0,0,0,0,0,0,0,0,1,0,0,0,0,0,0,0,0,0,0,0,0,0,0,0,0,0
-1.78871695,408,0,0,-0.591781216,-0.42972974,-0.627114873,-0.419525176,-0.400192121,1.587625337,-0.399776733,-1.401354459,0.100617902,-1.402519847,0.916184025,-0.594841643,0.920886164,-0.432980172,0,0,0,0,0,0,0,0,0,0,0,0,0,0,0,0,0,0,0,0,0,0,0,0,0,0,0,0,0,0,0,0,0,0,0,0,0,0,0,0,0,0,0,1,0,0,0,0,0,0,0
1.702714865,415,0,0,-0.591781216,0.467752353,-0.981283107,0.455345609,-0.664140801,0.494949571,-0.665266783,-1.411572984,1.234708105,-1.411602954,-0.374008427,0.221219501,-0.380004446,0.327811105,0,0,0,0,0,0,0,0,0,0,0,0,0,0,0,0,0,0,0,1,0,0,0,0,0,0,0,0,0,0,0,0,0,0,0,0,0,0,0,0,0,0,0,0,0,0,0,0,0,0,0
-0.746498498,408,0,1,2.266599103,-1.713819503,-0.121160253,-1.669663533,1.421255263,0.743284973,1.420726467,-0.694232515,-0.878823636,-0.694037507,-1.59252352,1.037280646,-1.587974298,-0.432980172,0,0,0,0,1,0,0,0,0,0,0,0,0,0,0,0,0,0,0,0,0,0,0,0,0,0,0,0,0,0,0,0,0,0,0,0,0,0,0,0,0,0,0,0,0,0,0,0,0,0,0
0.868940103,415,0,1,1.753556482,0.732065761,-1.133069493,0.713059484,-1.983884204,0.544616652,-1.983235245,-0.553216868,-0.878823636,-0.55324935,-0.589040502,-1.002872215,-0.592394749,-1.19377145,0,0,0,0,0,0,0,0,0,0,0,0,1,0,0,0,0,0,0,0,0,0,0,0,0,0,0,0,0,0,0,0,0,0,0,0,0,0,0,0,0,0,0,0,0,0,0,0,0,0,0
-0.016945581,415,0,0,-0.591781216,0.266558565,-0.576519411,0.258669231,-0.126169063,-0.498392034,-0.127175342,-0.297753738,0.203717012,-0.298922356,-0.194815031,-1.002872215,-0.19416293,1.849393659,0,0,0,0,0,0,0,0,0,0,0,0,0,0,0,0,0,0,0,0,0,0,0,0,0,0,0,0,0,0,1,0,0,0,0,0,0,0,0,0,0,0,0,0,0,0,0,0,0,0,0
-0.277500194,415,0,0,-0.591781216,-1.311431928,0.384794367,-1.278571425,-0.22892771,-1.839403201,-0.229104558,1.445526661,1.234708105,1.445034173,1.382086854,-0.186811071,1.385489953,1.088602382,0,0,0,0,0,0,0,0,0,0,1,0,0,0,0,0,0,0,0,0,0,0,0,0,0,0,0,0,0,0,0,0,0,0,0,0,0,0,0,0,0,0,0,0,0,0,0,0,0,0,0
0.269664493,415,0,1,2.046723694,-0.266013226,-2.347360581,-0.26014949,0.768435626,0.445282491,0.768853577,-1.885712553,-0.414877644,-1.883924514,0.342765158,-1.002872215,0.336812829,1.088602382,0,0,0,0,0,0,0,0,0,0,0,0,0,0,0,0,0,0,0,0,0,0,0,0,0,0,0,0,0,0,0,0,0,0,0,0,0,0,0,0,0,0,0,0,0,0,0,0,1,0,0
0.00910988,408,0,1,1.093930254,1.627575366,0.030626133,1.584539297,-0.879732472,-0.995062836,-0.878607001,-1.47084043,-0.002481207,-1.470643149,-1.054943331,3.89349465,-1.056998539,-0.432980172,0,0,0,0,0,1,0,0,0,0,0,0,0,0,0,0,0,0,0,0,0,0,0,0,0,0,0,0,0,0,0,0,0,0,0,0,0,0,0,0,0,0,0,0,0,0,0,0,0,0,0
-0.746498498,415,0,0,-0.591781216,0.55454183,-0.424733025,0.54011991,-0.099975682,0.494949571,-0.101100426,-0.332496723,1.234708105,-0.33071323,1.023700062,-0.186811071,1.027081316,-1.19377145,0,0,0,0,0,0,0,0,0,0,0,0,0,0,0,0,0,0,0,0,0,0,0,0,0,0,0,0,0,0,0,0,0,0,0,0,0,0,0,0,1,0,0,0,0,0,0,0,0,0,0
-0.876775804,510,0,1,1.973431891,1.296197362,-0.576519411,1.262396954,-1.057041509,0.097612929,-1.056390517,1.490488171,1.85330276,1.490449708,-0.983265973,0.629250074,-0.977352175,-0.432980172,0,0,0,0,0,0,0,0,0,0,0,0,0,0,0,0,0,0,0,0,0,0,1,0,0,0,0,0,0,0,0,0,0,0,0,0,0,0,0,0,0,0,0,0,0,0,0,0,0,0,0
1.859047633,408,0,0,-0.591781216,2.118724907,0.384794367,2.063796678,-0.448549131,1.239955775,-0.449556117,-0.978307516,-0.105580316,-0.980155375,1.489602892,-1.002872215,1.491685105,1.088602382,1,0,0,0,0,0,0,0,0,0,0,0,0,0,0,0,0,0,0,0,1,0,0,0,0,0,0,0,0,0,0,0,0,0,0,0,0,0,0,0,0,0,0,0,0,0,0,0,0,0,0
1.390049329,510,0,1,1.753556482,0.248806172,-0.930687645,0.241714371,-0.712497811,1.686959498,-0.71267572,0.080331694,-1.342769628,0.082568135,-0.445685785,-1.410902787,-0.446376416,0.327811105,0,0,0,0,0,0,0,0,0,0,0,0,0,0,0,1,0,0,0,0,0,0,0,0,0,0,0,0,0,0,0,0,0,0,0,0,0,0,0,0,0,0,0,0,0,0,0,0,0,0,0
-0.824664882,510,0,0,-0.591781216,0.286283447,1.093130834,0.27788474,0.834926515,-0.945395756,0.835226089,0.301051839,-1.0334723,0.300562701,-0.194815031,-0.594841643,-0.19416293,0.327811105,0,0,0,0,0,0,0,0,0,0,0,0,0,0,0,0,0,0,0,0,0,1,0,0,0,0,0,0,0,0,0,0,0,0,0,0,0,0,0,0,0,0,0,0,0,0,0,0,0,0,0
0.582330029,415,0,0,-0.591781216,0.61766145,-0.424733025,0.601157407,0.329192783,0.097612929,0.330320905,0.280614788,0.203717012,0.282396487,-0.158976351,1.037280646,-0.154339748,1.088602382,0,0,0,0,0,0,0,1,0,0,0,0,0,0,0,0,0,0,0,0,0,0,0,0,0,0,0,0,0,0,0,0,0,0,0,0,0,0,0,0,0,0,0,0,0,0,0,0,0,0,0
0.764718258,415,0,1,0.287720421,-0.745327838,-0.424733025,-0.726973307,0.568962959,0.097612929,0.569736039,-0.121995104,0.049068348,-0.121801771,-0.553201823,0.221219501,-0.552571568,-1.19377145,0,0,0,0,0,0,0,0,0,0,0,0,0,0,0,0,0,0,0,0,0,0,0,0,0,0,0,0,0,0,0,0,0,0,0,0,0,0,0,0,0,0,1,0,0,0,0,0,0,0,0
-0.016945581,415,0,1,1.313805663,0.805047821,-0.323542101,0.784269897,0.782539754,1.289622856,0.783076258,1.087878279,0.461464785,1.08625145,-1.55668484,1.85334179,-1.56142551,0.327811105,0,0,0,0,0,0,0,0,0,1,0,0,0,0,0,0,0,0,0,0,0,0,0,0,0,0,0,0,0,0,0,0,0,0,0,0,0,0,0,0,0,0,0,0,0,0,0,0,0,0,0
-0.355666578,408,0,1,1.460389269,-0.713768028,0.283603443,-0.695324235,0.460159686,2.332631541,0.460695483,-0.524604997,-1.600517401,-0.526000029,0.342765158,0.221219501,0.336812829,-1.19377145,0,0,0,0,0,0,0,0,0,0,0,1,0,0,0,0,0,0,0,0,0,0,0,0,0,0,0,0,0,0,0,0,0,0,0,0,0,0,0,0,0,0,0,0,0,0,0,0,0,0,0
1.181605639,408,1,0,-0.591781216,-0.386335001,-1.892001423,-0.376572863,0.155913497,0.594283732,0.154907836,-0.479643486,-0.105580316,-0.480584494,-0.374008427,-0.594841643,-0.380004446,0.327811105,0,0,0,0,0,0,0,0,0,0,0,0,0,0,0,0,0,0,0,0,0,0,0,0,0,0,0,0,0,0,0,0,0,0,0,0,0,0,0,0,0,0,1,0,0,0,0,0,0,0,0
-0.329611117,415,1,0,-0.591781216,1.093031086,-0.121160253,1.064590252,1.030369431,-1.044729917,1.029602733,1.733689071,-1.239670518,1.735693595,-1.090782011,-1.002872215,-1.096821721,1.849393659,1,0,0,0,0,0,0,0,0,0,0,0,0,0,0,0,0,0,0,0,1,0,0,0,0,0,0,0,0,0,0,0,0,0,0,0,0,0,0,0,0,0,0,0,0,0,0,0,0,0,0
-1.371829569,510,0,0,-0.591781216,0.171879136,-1.892001423,0.167112986,-0.700408559,-0.548059114,-0.700823486,0.09463763,-1.497418292,0.096192795,1.059538742,-1.002872215,1.053630104,-0.432980172,0,0,0,0,0,0,0,0,0,0,0,0,0,0,0,0,0,0,0,0,0,0,0,0,0,0,0,0,0,0,0,0,0,0,0,0,0,0,0,0,0,0,0,0,0,0,1,0,0,0,0
0.894995565,415,0,0,-0.591781216,0.298118375,-0.171755715,0.290318304,0.697914986,0.892286214,0.697740171,-0.545042048,1.337807214,-0.544166243,0.271087799,-0.594841643,0.270440859,-0.432980172,0,0,0,0,0,0,0,0,0,0,0,0,0,0,0,0,0,0,0,0,0,0,0,0,0,0,0,0,0,0,0,0,0,0,0,0,0,1,0,0,0,0,0,0,0,0,0,0,0,0,0
-0.016945581,510,0,0,-0.591781216,1.343537077,0.840153524,1.308740238,-1.423748836,-0.250056632,-1.423809783,-1.364567768,1.286257659,-1.366187419,-1.198298048,-1.002872215,-1.203016872,-0.432980172,0,0,0,0,0,0,0,0,0,0,0,0,0,0,0,1,0,0,0,0,0,0,0,0,0,0,0,0,0,0,0,0,0,0,0,0,0,0,0,0,0,0,0,0,0,0,0,0,0,0,0
-0.069056504,415,0,0,-0.591781216,0.818855238,-1.031878569,0.796703461,0.260687019,0.19694709,0.261577946,1.854267668,-0.569526308,1.853773985,0.593635912,-0.594841643,0.589026314,1.849393659,0,0,0,0,0,0,0,0,0,0,0,0,0,0,0,0,0,0,0,0,0,0,0,0,1,0,0,0,0,0,0,0,0,0,0,0,0,0,0,0,0,0,0,0,0,0,0,0,0,0,0
-0.016945581,510,0,1,1.313805663,-1.206890058,-0.728305797,-1.17571194,0.266731645,0.892286214,0.266318839,-1.399310754,-0.054030762,-1.397978293,1.1312161,-0.594841643,1.133276468,0.327811105,0,0,0,0,0,0,0,0,0,1,0,0,0,0,0,0,0,0,0,0,0,0,0,0,0,0,0,0,0,0,0,0,0,0,0,0,0,0,0,0,0,0,0,0,0,0,0,0,0,0,0
2.067491323,415,0,1,1.826848285,1.027938978,-1.133069493,1.001292107,0.649557976,-1.044729917,0.650331233,0.11916209,1.080059441,0.118900563,-0.947427294,-0.186811071,-0.950803387,-0.432980172,0,0,0,0,0,0,0,1,0,0,0,0,0,0,0,0,0,0,0,0,0,0,0,0,0,0,0,0,0,0,0,0,0,0,0,0,0,0,0,0,0,0,0,0,0,0,0,0,0,0,0
-0.016945581,415,0,1,1.24051386,0.714313368,-0.525923949,0.6949743,1.153276832,-0.399057873,1.15286597,-0.426507155,2.935843408,-0.426085853,0.486119874,-0.186811071,0.482831163,-0.432980172,0,0,0,0,0,0,0,0,0,0,0,0,0,0,0,0,0,0,0,0,0,0,0,0,0,0,0,0,0,0,0,0,0,0,0,0,0,0,0,0,0,0,0,0,0,0,1,0,0,0,0
0.478108184,415,0,1,1.973431891,0.737983225,-0.424733025,0.718711104,0.405758049,1.686959498,0.406175205,0.989780437,-0.363328089,0.990878827,-0.804072577,0.221219501,-0.804785053,0.327811105,0,0,0,0,0,0,0,0,0,0,0,0,0,0,0,0,0,0,0,0,0,0,0,0,0,0,0,0,0,0,0,0,0,0,0,1,0,0,0,0,0,0,0,0,0,0,0,0,0,0,0
1.416104791,408,0,1,2.266599103,0.071282242,0.283603443,0.068774797,0.089422608,0.047945849,0.088535324,1.279986552,-0.517976753,1.281538249,-1.843394274,1.037280646,-1.840187783,-0.432980172,0,0,0,0,0,0,0,0,0,0,0,0,0,0,0,0,0,0,1,0,0,0,0,0,0,0,0,0,0,0,0,0,0,0,0,0,0,0,0,0,0,0,0,0,0,0,0,0,0,0,0
-0.59016573,415,1,0,-0.591781216,1.126563384,2.054444612,1.097369648,1.302377613,0.047945849,1.302204124,-0.994657156,-1.188120964,-0.993780035,-0.266492389,-1.002872215,-0.2605349,-0.432980172,1,0,0,0,0,0,0,0,0,0,0,0,0,0,1,0,0,0,0,0,0,0,0,0,0,0,0,0,0,0,0,0,0,0,0,0,0,0,0,0,0,0,0,0,0,0,0,0,0,0,0
1.363993868,415,0,0,-0.591781216,0.278393494,-0.525923949,0.271102795,-0.108035184,1.041287454,-0.108211767,-0.375414529,0.40991523,-0.376128765,-0.624879181,-0.594841643,-0.618943537,-0.432980172,0,0,0,0,0,0,0,0,0,0,0,0,0,0,0,0,0,0,0,0,0,0,0,0,0,0,0,0,0,0,0,1,0,0,0,0,0,0,0,0,0,0,0,0,0,0,0,0,0,0,0
1.390049329,415,0,0,-0.591781216,0.231053779,-0.374137563,0.224759511,0.095467234,0.941953294,0.095646664,0.09463763,1.080059441,0.096192795,-0.015621635,-0.594841643,-0.021595808,1.088602382,0,0,0,0,0,0,0,0,0,0,0,0,0,0,0,0,0,0,0,0,0,0,0,0,0,0,0,0,0,1,0,0,0,0,0,0,0,0,0,0,0,0,0,0,0,0,0,0,0,0,0
-1.371829569,408,0,0,-0.591781216,1.883998821,-1.689619575,1.834340904,-0.412281373,0.395615411,-0.411628967,-0.859772624,0.51301434,-0.862074985,-0.839911256,-1.002872215,-0.844608235,-0.432980172,0,0,0,0,0,0,0,0,0,0,0,0,0,0,0,0,0,0,0,0,0,0,0,0,0,0,0,0,0,0,0,0,0,0,0,0,0,0,0,0,0,0,0,0,0,0,0,0,0,1,0
-0.173278349,408,0,0,-0.591781216,-0.112159153,-0.778901259,-0.109816397,0.81477776,0.693617893,0.813892067,0.137555436,-0.311778535,0.137066777,-0.839911256,-1.410902787,-0.844608235,-0.432980172,0,0,0,0,0,0,0,0,0,0,0,0,0,0,0,0,0,0,0,0,0,0,0,0,0,0,0,0,1,0,0,0,0,0,0,0,0,0,0,0,0,0,0,0,0,0,0,0,0,0,0
0.99921741,415,0,0,-0.591781216,-0.289683083,1.599085454,-0.28275597,0.988057047,-0.697060355,0.986934689,-0.628833954,1.440906323,-0.630455758,0.844506666,1.445311218,0.8412398,-0.432980172,0,0,0,0,0,0,0,0,0,0,0,0,0,0,0,0,0,0,0,0,0,0,0,0,0,0,0,0,0,0,0,0,0,0,0,0,0,0,0,0,0,0,0,0,1,0,0,0,0,0,0
0.660496413,415,0,0,-0.591781216,0.966791847,0.081221595,0.941384935,-0.643992047,-0.051388311,-0.643932761,0.458417127,-0.002481207,0.459517072,0.557797233,-0.186811071,0.562477527,-0.432980172,0,0,0,0,0,0,0,0,0,0,0,0,0,0,0,0,0,0,0,0,0,0,0,0,0,1,0,0,0,0,0,0,0,0,0,0,0,0,0,0,0,0,0,0,0,0,0,0,0,0,0
-0.016945581,415,0,0,-0.591781216,-1.415973798,-0.627114873,-1.380300586,0.707989363,0.445282491,0.707221958,0.562646084,0.976960331,0.563972802,-0.266492389,-0.594841643,-0.2605349,0.327811105,0,0,0,0,0,0,0,0,0,0,0,0,0,0,0,0,0,0,0,0,0,0,0,1,0,0,0,0,0,0,0,0,0,0,0,0,0,0,0,0,0,0,0,0,0,0,0,0,0,0,0
0.790773719,415,0,1,1.460389269,1.379041863,-0.677710335,1.342649959,0.534710076,1.885627819,0.534179336,0.793584753,-0.414877644,0.795592028,-0.947427294,-0.594841643,-0.950803387,1.088602382,0,0,0,0,0,0,0,0,0,0,0,0,0,0,0,0,1,0,0,0,0,0,0,0,0,0,0,0,0,0,0,0,0,0,0,0,0,0,0,0,0,0,0,0,0,0,0,0,0,0,0
-1.684495105,510,0,0,-0.591781216,-0.0214247,-0.880092183,-0.021651124,0.250612641,0.14728001,0.249725711,-0.062727658,0.976960331,-0.062761576,0.23524912,0.221219501,0.230617677,-0.432980172,0,0,0,0,0,0,0,0,0,0,0,0,0,0,0,0,1,0,0,0,0,0,0,0,0,0,0,0,0,0,0,0,0,0,0,0,0,0,0,0,0,0,0,0,0,0,0,0,0,0,0
2.067491323,510,0,0,-0.591781216,0.004217646,-0.222351177,-0.782359184,0.488367942,-1.789736121,0.489140846,-0.618615429,0.925410777,-0.616831098,1.955505722,0.221219501,1.956288894,0.327811105,0,0,0,0,0,0,0,0,0,0,0,0,0,0,0,0,0,0,0,0,0,0,0,0,0,0,0,0,0,0,0,0,0,1,0,0,0,0,0,0,0,0,0,0,0,0,0,0,0,0,0
-1.971105179,415,0,0,-0.591781216,-0.895236935,-0.121160253,-0.872785105,0.033006096,0.445282491,0.034015046,-0.105645464,-0.002481207,-0.103635557,0.844506666,0.221219501,0.8412398,0.327811105,0,0,0,0,0,0,0,0,0,0,0,0,0,0,0,0,0,0,0,0,0,0,0,0,0,0,1,0,0,0,0,0,0,0,0,0,0,0,0,0,0,0,0,0,0,0,0,0,0,0,0
0.504163645,415,0,0,-0.591781216,-0.025369676,-0.171755715,-0.025042096,-0.652051549,0.643950812,-0.651044101,-1.646599064,-0.363328089,-1.647763734,-0.338169747,1.85334179,-0.340181264,-0.432980172,0,0,0,0,0,0,0,0,0,0,0,0,0,0,0,0,0,0,0,0,0,0,0,0,0,0,0,0,0,0,0,0,0,0,0,0,0,0,0,0,0,0,0,0,0,0,0,0,0,0,0
0.217553571,510,0,0,-0.591781216,-0.177251261,0.030626133,-0.173114541,0.796643882,-0.895728676,0.797298939,-1.677254639,0.616113449,-1.675013055,0.414442516,-0.186811071,0.416459193,0.327811105,0,0,1,0,0,0,0,0,0,0,0,0,0,0,0,0,0,0,0,0,0,0,0,0,0,0,0,0,0,0,0,0,0,0,0,0,0,0,0,0,0,0,0,0,0,0,0,0,0,0,0
1.59849302,510,0,1,1.826848285,0.094952099,1.953253688,0.092511602,-0.35183511,-1.094396997,-0.352367795,-1.505583416,0.306816121,-1.506975576,0.736990629,0.629250074,0.735044648,-1.19377145,0,0,0,0,0,0,0,0,0,0,0,0,0,0,0,0,0,0,1,0,0,0,0,0,0,0,0,0,0,0,0,0,0,0,0,0,0,0,0,0,0,0,0,0,0,0,0,0,0,0,0
0.60838549,510,0,1,2.120015497,-0.364637632,0.435389829,-0.356227031,0.071288729,-1.044729917,0.071942196,0.62191353,-0.672625417,0.623012997,-0.481524464,-0.186811071,-0.486199598,-0.432980172,0,0,0,0,0,0,0,0,0,0,0,0,0,0,0,0,1,0,0,0,0,0,0,0,0,0,0,0,0,0,0,0,0,0,0,0,0,0,0,0,0,0,0,0,0,0,0,0,0,0,0
1.989324939,408,0,0,-0.591781216,-1.869646065,-1.183664955,-1.822257275,1.14521733,0.445282491,1.14575463,0.192735472,-1.755166065,0.191565418,-0.983265973,0.221219501,-0.977352175,0.327811105,0,0,0,0,0,0,0,0,0,0,0,0,0,0,0,0,0,0,0,0,0,0,0,0,0,0,0,0,0,0,0,0,0,0,0,0,0,1,0,0,0,0,0,0,0,0,0,0,0,0,0
-0.251444733,510,0,0,-0.591781216,0.75376313,-1.487237727,0.733405316,0.593141464,0.792952053,0.593440508,0.63417576,0.51301434,0.632096104,0.127733082,-1.002872215,0.124422525,-0.432980172,0,0,0,0,0,0,0,0,0,0,0,0,0,0,0,0,0,0,0,0,0,0,0,0,0,0,0,0,0,0,0,0,0,0,0,0,0,0,0,0,0,0,0,0,0,0,0,0,1,0,0
0.113331725,408,0,0,-0.591781216,1.799181832,-0.121160253,1.751827251,0.514561322,0.494949571,0.515215761,-0.455119026,-2.064463393,-0.453335173,-0.517363143,0.221219501,-0.512748386,-1.19377145,1,0,0,0,0,1,0,0,0,0,0,0,0,0,0,0,0,0,0,0,0,0,0,0,0,0,0,0,0,0,0,0,0,0,0,0,0,0,0,0,0,0,0,0,0,0,0,0,0,0,0
-1.99716064,510,0,0,-0.591781216,1.248857647,-0.475328487,1.216053669,-0.337730983,-1.144064077,-0.338145114,-0.342715249,0.461464785,-0.34433789,1.812151005,0.629250074,1.81027056,-1.19377145,1,0,0,0,0,0,0,0,0,0,0,0,0,0,0,0,1,0,0,0,0,0,0,0,0,0,0,0,0,0,0,0,0,0,0,0,0,0,0,0,0,0,0,0,0,0,0,0,0,0,0
-0.381722039,408,0,0,-0.591781216,-1.053035984,0.7389626,-1.02650917,-0.641977172,0.594283732,-0.641562314,-0.949695645,-0.26022898,-0.948364501,-0.158976351,1.037280646,-0.154339748,0.327811105,0,0,0,0,0,0,0,0,0,0,0,0,1,0,0,0,0,0,0,0,0,0,0,0,0,0,0,0,0,0,0,0,0,0,0,0,0,0,0,0,0,0,0,0,0,0,0,0,0,0,0
-0.251444733,510,0,0,-0.591781216,0.004217646,0.435389829,-0.39804902,1.09686032,2.08429614,1.095975245,-2.425250683,-1.394319182,-2.424369376,-0.051460314,-0.186811071,-0.048144596,-1.19377145,0,0,0,0,0,0,0,0,0,0,0,0,0,0,0,0,0,0,0,0,0,0,0,0,0,0,0,0,0,1,0,0,0,0,0,0,0,0,0,0,0,0,0,0,0,0,0,0,0,0,0
0.191498109,510,0,1,1.900140088,-0.346885239,-0.880092183,-0.338141847,-0.581530909,0.842619133,-0.582301142,1.200282056,-1.239670518,1.199790287,-0.23065371,-0.594841643,-0.233986112,1.849393659,1,0,0,0,0,0,0,0,0,0,0,0,0,0,0,0,0,0,0,0,0,0,0,0,0,0,0,0,0,0,0,0,0,0,0,0,0,0,0,0,0,0,1,0,0,0,0,0,0,0,0
-0.016945581,510,0,0,-0.591781216,0.3770179,0.334198905,0.367180336,-0.104005433,-0.448724953,-0.103470873,0.249959213,1.028509886,0.250605613,2.242215155,1.037280646,2.248325562,2.610184936,0,0,0,0,0,0,0,0,0,0,0,0,0,0,0,0,0,0,0,0,0,0,0,0,0,0,0,0,0,0,0,0,0,0,0,0,1,0,0,0,0,0,0,0,0,0,0,0,0,0,0
0.921051026,510,1,0,-0.591781216,1.521061007,-0.525923949,1.481679812,0.593141464,0.19694709,0.593440508,-1.1745032,-0.930373191,-1.175442174,-0.409847106,2.261372362,-0.406553234,1.088602382,0,0,0,0,0,0,0,0,0,0,0,0,0,0,0,0,0,0,0,0,0,0,0,0,0,0,0,0,1,0,0,0,0,0,0,0,0,0,0,0,0,0,0,0,0,0,0,0,0,0,0
-1.449995953,408,0,1,2.1933073,0.337568138,-0.424733025,0.32874932,1.078726441,0.395615411,1.079382117,1.241156157,-0.775724527,1.240664268,-0.911588615,-1.002872215,-0.910980205,-0.432980172,0,0,0,0,0,0,0,0,0,0,0,0,0,0,0,0,0,0,0,0,0,0,0,0,0,0,0,1,0,0,0,0,0,0,0,0,0,0,0,0,0,0,0,0,0,0,0,0,0,0,0
0.556274568,415,0,0,-0.591781216,-0.780832624,0.99193991,-0.760883027,0.619334844,1.388957016,0.619515424,-0.265054457,1.389356769,-0.267131481,0.342765158,0.221219501,0.336812829,0.327811105,0,0,0,0,0,0,0,0,0,0,0,0,0,0,0,0,0,0,0,0,0,0,0,1,0,0,0,0,0,0,0,0,0,0,0,0,0,0,0,0,0,0,0,0,0,0,0,0,0,0,0
0.973161949,415,0,0,-0.591781216,0.288255935,-0.880092183,0.280145388,-0.216838457,-0.150722472,-0.217252323,0.636219465,0.100617902,0.636637657,-0.445685785,-0.594841643,-0.446376416,2.610184936,0,0,0,0,0,0,0,0,0,0,0,0,0,0,0,0,0,0,0,0,0,0,0,1,0,0,0,0,0,0,0,0,0,0,0,0,0,0,0,0,0,0,0,0,0,0,0,0,0,0,0
0.816829181,415,0,0,-0.591781216,-1.224642451,-1.740215037,-1.193797124,0.26874652,0.395615411,0.268689286,0.785409933,-0.311778535,0.786508922,-0.517363143,0.221219501,-0.512748386,-0.432980172,0,0,0,0,0,0,0,0,0,0,0,0,0,0,0,0,0,0,0,1,0,0,0,0,0,0,0,0,0,0,0,0,0,0,0,0,0,0,0,0,0,0,0,0,0,0,0,0,0,0,0
-1.111274956,510,0,0,-0.591781216,1.250830136,0.233007981,1.218314317,0.619334844,0.395615411,0.619515424,-0.41220122,1.028509886,-0.412461192,-0.875749935,-0.186811071,-0.871157023,0.327811105,0,0,0,0,0,0,0,0,0,0,1,0,0,0,0,0,0,0,0,0,0,0,0,0,0,0,0,0,0,0,0,0,0,0,0,0,0,0,0,0,0,0,0,0,0,0,0,0,0,0,0
-0.511999346,415,0,0,-0.591781216,-0.676290754,1.599085454,-0.659153866,-1.437852964,-0.448724953,-1.438032464,-0.299797443,0.461464785,-0.298922356,-1.807555595,-0.186811071,-1.813638995,-0.432980172,0,0,0,0,0,0,0,0,0,0,0,0,0,0,0,0,0,0,0,0,0,0,0,0,0,0,0,0,0,0,0,0,0,1,0,0,0,0,0,0,0,0,0,0,0,0,0,0,0,0,0
-0.355666578,415,0,0,-0.591781216,-0.208811071,0.233007981,-0.20363329,-0.619813542,0.097612929,-0.620228292,0.895770005,0.306816121,0.895506205,-0.123137672,2.261372362,-0.12779096,1.088602382,0,0,0,0,0,0,0,0,0,0,0,0,0,0,0,0,0,0,0,0,0,0,0,0,0,0,0,0,0,0,0,0,0,0,0,0,0,0,0,0,0,0,0,1,0,0,0,0,0,0,0
0.3999418,510,0,0,-0.591781216,0.978626775,-0.374137563,0.952688175,-0.32564173,0.544616652,-0.326292879,-0.67175176,-0.466427199,-0.67132974,-0.517363143,-0.594841643,-0.512748386,0.327811105,0,0,0,0,0,0,0,0,0,0,0,0,0,0,0,0,0,0,0,0,0,1,0,0,0,0,0,0,0,0,0,0,0,0,0,0,0,0,0,0,0,0,0,0,0,0,0,0,0,0,0
-1.007053111,510,0,1,1.826848285,0.132429374,-0.829496721,0.12868197,0.006812715,1.786293658,0.00794013,1.750038711,0.152167457,1.749318255,0.306926478,-0.594841643,0.310264041,0.327811105,1,0,0,0,0,0,0,0,0,0,0,0,0,0,0,0,0,0,0,0,0,0,0,1,0,0,0,0,0,0,0,0,0,0,0,0,0,0,0,0,0,0,0,0,0,0,0,0,0,0,0
-0.069056504,415,0,0,-0.591781216,-0.333077822,-1.790810499,-0.324577959,-0.315567353,0.445282491,-0.314440645,0.376668925,0.203717012,0.37776911,-1.520846161,-0.594841643,-1.521602328,0.327811105,0,0,0,0,0,0,0,0,0,0,0,0,0,0,0,0,0,0,0,0,0,0,0,0,0,0,0,0,0,0,0,0,0,0,0,0,0,0,0,0,0,0,1,0,0,0,0,0,0,0,0
0.165442648,510,1,0,-0.591781216,0.290228423,-0.880092183,0.282406036,0.949774414,-0.796394515,0.949007539,0.90598853,-0.363328089,0.904589312,0.342765158,1.037280646,0.336812829,0.327811105,0,0,0,0,0,0,0,0,0,0,0,0,0,0,0,0,0,0,0,0,0,0,0,0,0,0,0,0,0,0,0,0,0,0,0,0,0,0,0,1,0,0,0,0,0,0,0,0,0,0,0
-1.840827873,510,0,0,-0.591781216,-0.684180707,-1.234260417,-0.667066134,0.806718259,0.594283732,0.806780727,-0.081121004,1.750203651,-0.08092779,-1.12662069,-0.186811071,-1.123370509,1.088602382,0,0,0,0,0,0,0,0,0,0,0,0,0,0,0,0,0,0,0,0,0,0,0,0,0,0,0,1,0,0,0,0,0,0,0,0,0,0,0,0,0,0,0,0,0,0,0,0,0,0,0
-1.58027326,408,0,1,1.680264679,0.004217646,-1.588428651,0.864522902,-1.333079442,-0.945395756,-1.333732801,-1.650686474,0.203717012,-1.652305287,-0.983265973,0.221219501,-0.977352175,-0.432980172,1,0,0,0,0,0,0,0,0,0,0,0,0,0,0,0,0,0,0,1,0,0,0,0,0,0,0,0,0,0,0,0,0,0,0,0,0,0,0,0,0,0,0,0,0,0,0,0,0,0,0
-0.746498498,408,0,0,-0.591781216,-0.644730944,-1.082474031,-0.628635118,-0.772944074,0.14728001,-0.771936892,-0.780068127,-1.0334723,-0.780327023,0.091894403,-0.186811071,0.097873737,-0.432980172,0,0,0,0,0,0,0,0,0,0,0,0,0,0,0,0,0,0,0,0,0,0,0,0,0,0,0,0,0,0,0,0,0,0,0,0,0,0,0,0,0,0,1,0,0,0,0,0,0,0,0
-0.147222888,415,0,1,2.266599103,1.599960532,1.49789453,1.558541845,0.256657268,0.544616652,0.256837052,-0.111776579,-0.157129871,-0.112718664,-0.051460314,0.221219501,-0.048144596,-0.432980172,0,0,0,0,0,0,0,0,0,0,0,0,0,0,0,0,0,0,0,0,0,0,0,0,0,0,0,0,0,0,0,0,0,0,0,0,0,0,0,0,0,0,0,0,0,0,0,0,0,0,1
-1.528162337,415,0,0,-0.591781216,-0.479041943,1.346108144,-0.466998784,-0.736676317,-2.733410646,-0.736380189,-0.886340789,1.440906323,-0.884782752,-0.445685785,-0.594841643,-0.446376416,-1.19377145,0,0,0,0,0,0,0,0,0,0,0,0,1,0,0,0,0,0,0,0,0,0,0,0,0,0,0,0,0,0,0,0,0,0,0,0,0,0,0,0,0,0,0,0,0,0,0,0,0,0,0
-0.381722039,415,0,0,-0.591781216,-0.266013226,0.587176215,-0.26014949,1.100890071,-0.945395756,1.100716139,0.552427558,-0.157129871,0.550348142,-1.735878236,1.037280646,-1.733992631,-0.432980172,0,0,0,0,0,0,0,0,0,0,0,0,0,0,0,1,0,0,0,0,0,0,0,0,0,0,0,0,0,0,0,0,0,0,0,0,0,0,0,0,0,0,0,0,0,0,0,0,0,0,0
-1.18944134,510,0,1,2.706349921,-0.970191484,0.688367139,-0.945125841,0.155913497,-0.299723713,0.154907836,-1.2153773,0.719212558,-1.216316155,0.271087799,0.221219501,0.270440859,1.849393659,1,0,0,0,0,0,0,0,0,1,0,0,0,0,0,0,0,0,0,0,0,0,0,0,0,0,0,0,0,0,0,0,0,0,0,0,0,0,0,0,0,0,0,0,0,0,0,0,0,0,0
-0.694387575,415,0,0,-0.591781216,-0.33505031,0.081221595,-0.326838607,1.840349351,0.24661417,1.840295564,-0.363152299,-1.0334723,-0.362504104,-0.553201823,0.629250074,-0.552571568,-1.19377145,0,0,0,0,0,0,0,0,0,0,0,0,0,0,0,0,0,0,0,0,0,0,0,0,0,0,1,0,0,0,0,0,0,0,0,0,0,0,0,0,0,0,0,0,0,0,0,0,0,0,0
-0.511999346,408,1,1,2.120015497,1.132480849,-1.234260417,1.103021268,1.280213983,1.239955775,1.280870102,1.435308135,1.028509886,1.435951067,-0.839911256,-0.594841643,-0.844608235,-0.432980172,0,0,0,0,0,0,0,0,0,0,0,0,0,0,0,0,0,0,0,0,0,0,0,0,0,0,0,0,1,0,0,0,0,0,0,0,0,0,0,0,0,0,0,0,0,0,0,0,0,0,0
-0.511999346,408,0,0,-0.591781216,-0.266013226,0.081221595,-0.26014949,0.341282036,0.594283732,0.342173139,0.39097486,-1.652066956,0.39139377,1.059538742,-1.002872215,1.053630104,1.849393659,0,0,0,0,0,0,0,0,0,0,0,0,0,0,0,0,0,0,0,0,0,0,1,0,0,0,0,0,0,0,0,0,0,0,0,0,0,0,0,0,0,0,0,0,0,0,0,0,0,0,0
-1.892938795,415,0,0,-0.591781216,0.004217646,-2.650933353,-1.114674443,-1.508373604,0.594283732,-1.50914587,1.237068747,1.131608995,1.236122714,-0.696556539,-1.002872215,-0.698589901,3.370976214,1,0,0,0,0,0,0,0,0,0,0,0,0,0,0,0,0,0,0,0,0,0,0,0,0,0,1,0,0,0,0,0,0,0,0,0,0,0,0,0,0,0,0,0,0,0,0,0,0,0,0
0.269664493,510,0,0,-0.591781216,-0.064819438,-1.942596885,-0.063473112,0.006812715,1.190288695,0.00794013,-1.035531257,1.95640187,-1.034654016,0.342765158,-1.002872215,0.336812829,-1.19377145,0,1,0,0,0,0,0,0,0,0,0,0,0,0,0,0,0,0,0,0,0,0,0,0,0,0,0,0,0,0,0,0,0,0,0,0,0,0,0,0,0,0,0,0,0,0,0,0,0,0,0
-2.544325328,510,0,1,1.387097466,-2.214831485,0.789558062,-2.157963506,0.873209148,-1.094396997,0.873153239,1.635591229,-0.363328089,1.635779419,0.414442516,-1.002872215,0.416459193,0.327811105,0,0,0,0,0,0,0,0,0,0,0,0,0,0,0,0,0,0,0,0,0,0,0,0,0,0,0,0,0,0,0,0,0,1,0,0,0,0,0,0,0,0,0,0,0,0,0,0,0,0,0
-0.850720343,415,0,1,1.167222057,-0.072709391,0.890748986,-0.07138538,1.556251917,0.792952053,1.555841939,-0.538910932,-1.497418292,-0.539624689,1.59711893,1.037280646,1.597880257,-0.432980172,0,0,0,0,0,0,0,0,0,1,0,0,0,0,0,0,0,0,0,0,0,0,0,0,0,0,0,0,0,0,0,0,0,0,0,0,0,0,0,0,0,0,0,0,0,0,0,0,0,0,0
1.624548481,408,0,0,-0.591781216,1.341564589,-1.183664955,1.30647959,1.387002381,0.395615411,1.387540211,-0.690145105,-0.930373191,-0.689495953,-0.23065371,1.037280646,-0.233986112,-1.19377145,1,0,0,0,0,0,0,0,0,0,0,0,0,0,0,0,0,0,0,0,0,0,0,0,0,0,0,0,0,0,0,0,0,0,1,0,0,0,0,0,0,0,0,0,0,0,0,0,0,0,0
-0.355666578,510,0,0,-0.591781216,0.004217646,-0.525923949,-1.235619112,1.247975977,-1.591067799,1.247683845,0.912119645,-1.600517401,0.913672418,1.023700062,0.221219501,1.027081316,0.327811105,0,0,0,0,0,0,0,0,0,0,0,0,0,0,0,0,1,0,0,0,0,0,0,0,0,0,0,0,0,0,0,0,0,0,0,0,0,0,0,0,0,0,0,0,0,0,0,0,0,0,0
-1.111274956,510,0,0,-0.591781216,-1.331156809,-0.272946639,-1.297786933,0.180092002,0.395615411,0.180982752,1.222762811,-1.136571409,1.222498054,1.310409496,-1.410902787,1.305843589,-1.19377145,1,0,0,0,0,0,0,0,0,0,0,0,0,0,0,0,0,0,0,0,0,0,0,0,0,0,0,1,0,0,0,0,0,0,0,0,0,0,0,0,0,0,0,0,0,0,0,0,0,0,0
0.217553571,408,0,0,-0.591781216,-0.337022798,1.902658226,-0.329099255,-0.940178734,0.445282491,-0.94023862,0.176385831,0.925410777,0.177940758,0.450281195,-0.186811071,0.456282375,-1.19377145,0,0,0,0,0,0,0,0,0,0,0,0,0,0,0,0,0,0,0,0,0,0,0,1,0,0,0,0,0,0,0,0,0,0,0,0,0,0,0,0,0,0,0,0,0,0,0,0,0,0,0
0.269664493,415,0,0,-0.591781216,0.004217646,0.334198905,0.954948823,0.270761396,-0.051388311,0.271059733,1.809306157,-0.26022898,1.80835845,0.056055724,0.629250074,0.058050555,1.849393659,0,0,0,0,0,0,0,0,0,0,0,0,0,0,0,0,0,0,0,0,0,0,0,0,0,0,0,0,0,0,0,0,0,0,0,0,0,0,0,1,0,0,0,0,0,0,0,0,0,0,0
1.129494716,415,0,0,-0.591781216,-0.790695065,-0.222351177,-0.771055943,-1.540611611,-0.349390793,-1.539961679,-2.155481618,-1.291220073,-2.156417721,1.704634967,-0.186811071,1.704075409,0.327811105,0,0,0,0,0,0,0,0,0,0,0,0,0,0,0,0,0,0,0,0,0,0,0,0,0,0,0,0,0,0,0,0,0,0,0,0,0,0,0,0,0,0,0,0,1,0,0,0,0,0,0
0.894995565,415,0,0,-0.591781216,1.659135176,-1.740215037,1.61618837,1.020295054,0.792952053,1.020120945,-0.019809853,0.616113449,-0.021887595,-0.66071786,-1.002872215,-0.658766719,2.610184936,1,0,0,0,0,0,0,0,0,0,0,0,0,0,0,0,0,0,0,0,0,0,0,0,0,0,0,0,0,0,0,0,0,0,0,0,0,1,0,0,0,0,0,0,0,0,0,0,0,0,0
0.217553571,415,0,1,2.779641724,0.745873178,1.143726296,0.726623372,0.665676979,-0.796394515,0.664553914,-0.759631077,-0.054030762,-0.757619255,-0.445685785,-0.594841643,-0.446376416,1.849393659,0,0,0,0,0,0,0,0,0,0,0,0,0,0,0,0,0,0,0,0,0,0,0,0,0,0,0,0,0,0,0,0,0,0,0,0,0,0,0,0,1,0,0,0,0,0,0,0,0,0,0
0.165442648,415,0,1,0.434304027,-1.289734558,1.599085454,-1.257095269,-0.01736579,-0.448724953,-0.018134786,-0.130169925,-1.342769628,-0.130884878,-0.983265973,1.445311218,-0.977352175,-0.432980172,0,0,0,0,0,0,0,0,0,0,0,0,0,0,1,0,0,0,0,0,0,0,0,0,0,0,0,0,0,0,0,0,0,0,0,0,0,0,0,0,0,0,0,0,0,0,0,0,0,0,0
1.259772023,408,0,0,-0.591781216,0.327705697,0.384794367,0.318576404,-1.286737307,-0.200389552,-1.286323864,-0.94765194,-0.672625417,-0.948364501,-0.911588615,-0.594841643,-0.910980205,0.327811105,0,0,0,0,0,0,0,0,0,0,0,0,0,0,0,0,0,0,0,0,0,0,0,0,0,0,0,0,0,0,0,0,0,0,0,1,0,0,0,0,0,0,0,0,0,0,0,0,0,0,0
-1.163385879,510,0,0,-0.591781216,1.450051435,-0.272946639,1.411599723,-0.25512109,0.792952053,-0.255179473,-1.20720248,1.698654096,-1.207233048,-2.094265028,-0.186811071,-2.092401269,-0.432980172,0,0,0,0,0,0,0,0,0,0,0,0,0,0,0,0,0,0,0,1,0,0,0,0,0,0,0,0,0,0,0,0,0,0,0,0,0,0,0,0,0,0,0,0,0,0,0,0,0,0,0
0.738662797,408,0,0,-0.591781216,-1.611250121,-0.070564791,-1.57019502,0.806718259,-1.889070281,0.806780727,1.098096804,1.18315855,1.09987611,0.091894403,-0.186811071,0.097873737,-1.19377145,0,0,0,0,0,0,0,0,0,0,0,0,0,0,0,0,0,0,0,0,0,0,0,0,0,0,0,0,0,0,0,0,0,0,0,0,0,1,0,0,0,0,0,0,0,0,0,0,0,0,0
-0.016945581,408,0,0,-0.591781216,1.375096887,0.890748986,1.339258987,0.218374635,-0.250056632,0.218909902,-0.65540212,0.822311667,-0.653163526,-0.409847106,-0.594841643,-0.406553234,-1.19377145,0,0,0,0,1,0,0,0,0,0,0,0,0,0,0,0,0,0,0,0,0,0,0,0,0,0,0,0,0,0,0,0,0,0,0,0,0,0,0,0,0,0,0,0,0,0,0,0,0,0,0
-0.876775804,415,0,1,1.606972875,-0.987943877,0.334198905,-0.963211025,0.651572851,0.19694709,0.65270168,1.96054033,-0.363328089,1.962771268,1.525441571,0.221219501,1.531508287,-0.432980172,0,0,0,0,0,0,0,0,0,0,0,0,0,0,0,0,0,0,0,0,0,0,0,0,0,0,0,0,0,0,0,0,0,0,0,0,0,0,0,0,0,0,0,0,0,0,0,0,0,1,0
0.504163645,415,0,0,-0.591781216,0.820827726,0.283603443,0.798964109,1.348719748,-0.101055392,1.349613061,-1.830532517,-1.0334723,-1.829425872,-0.338169747,1.037280646,-0.340181264,-1.19377145,0,0,0,0,0,0,0,0,0,0,0,0,0,0,0,0,0,0,0,0,0,0,0,0,0,0,0,0,0,0,0,0,0,0,0,0,0,0,0,0,0,0,0,0,0,0,1,0,0,0,0
-0.642276652,408,0,0,-0.591781216,0.47169733,-1.993192347,0.458736581,-0.785033327,1.339289936,-0.786159573,-0.514386472,-0.157129871,-0.512375368,-0.66071786,-0.594841643,-0.658766719,-1.19377145,0,0,0,0,0,0,0,0,0,0,1,0,0,0,0,0,0,0,0,0,0,0,0,0,0,0,0,0,0,0,0,0,0,0,0,0,0,0,0,0,0,0,0,0,0,0,0,0,0,0,0
-0.564110269,415,0,0,-0.591781216,0.668946141,0.485985291,0.650891663,0.689855484,1.041287454,0.69062883,0.583083134,2.935843408,0.582139016,-0.517363143,-0.594841643,-0.512748386,0.327811105,0,0,0,0,0,0,0,0,0,0,0,0,0,0,0,0,0,0,0,0,0,1,0,0,0,0,0,0,0,0,0,0,0,0,0,0,0,0,0,0,0,0,0,0,0,0,0,0,0,0,0
-0.069056504,415,0,1,1.680264679,0.037749944,0.587176215,0.035995401,0.403743174,-0.001721231,0.403804758,0.720011372,1.080059441,0.71838562,0.952022704,-0.186811071,0.947434952,0.327811105,0,0,0,0,0,0,0,0,0,0,0,1,0,0,0,0,0,0,0,0,0,0,0,0,0,0,0,0,0,0,0,0,0,0,0,0,0,0,0,0,0,0,0,0,0,0,0,0,0,0,0
-0.016945581,510,0,1,1.020638451,0.704450927,1.143726296,0.685931708,2.579808632,-0.101055392,2.579874989,-0.829117048,-0.569526308,-0.830284111,-0.875749935,0.629250074,-0.871157023,-0.432980172,0,0,0,1,0,0,0,0,0,0,0,0,0,0,0,0,0,0,0,0,0,0,0,0,0,0,0,0,0,0,0,0,0,0,0,0,0,0,0,0,0,0,0,0,0,0,0,0,0,0,0
-1.423940492,510,0,0,-0.591781216,0.384907852,0.536580753,0.373962281,-0.51504002,-0.846061596,-0.515928629,0.194779177,-0.827274081,0.196106972,-0.015621635,-1.002872215,-0.021595808,1.088602382,0,0,0,0,0,0,0,0,0,0,0,0,1,0,0,0,0,0,0,0,0,0,0,0,0,0,0,0,0,0,0,0,0,0,0,0,0,0,0,0,0,0,0,0,0,0,0,0,0,0,0
0.947106487,415,0,0,-0.591781216,-1.275927142,1.49789453,-1.24353138,-1.266588553,-0.846061596,-1.267360289,0.468635652,-2.012913838,0.468600179,-1.054943331,-0.186811071,-1.056998539,1.088602382,0,0,0,0,0,0,1,0,0,0,0,0,0,0,0,0,0,0,0,0,0,0,0,0,0,0,0,0,0,0,0,0,0,0,0,0,0,0,0,0,0,0,0,0,0,0,0,0,0,0,0
1.832992172,408,0,0,-0.591781216,1.791291879,-1.588428651,1.745045307,0.591126588,0.594283732,0.591070061,-1.329824783,0.564563894,-1.329854991,-0.23065371,0.221219501,-0.233986112,-0.432980172,1,0,0,0,0,0,0,0,0,0,0,0,0,0,0,0,0,0,0,0,0,0,0,0,0,0,0,0,0,0,0,0,0,0,0,0,0,0,0,0,0,0,0,0,0,0,0,1,0,0,0
-2.361937099,415,0,0,-0.591781216,0.004217646,1.346108144,0.815918969,-0.958312613,1.239955775,-0.959202195,0.538121623,-1.0334723,0.536723481,0.952022704,-0.186811071,0.947434952,-0.432980172,0,0,0,0,0,0,0,0,0,0,0,0,0,0,0,0,0,0,0,0,0,0,0,0,0,0,0,0,0,0,0,0,0,0,0,0,0,0,0,0,0,0,0,0,0,1,0,0,0,0,0
-0.329611117,510,0,0,-0.591781216,-2.323318331,-1.133069493,-2.264213963,1.247975977,0.693617893,1.247683845,0.233609572,0.51301434,0.232439399,-0.517363143,-1.002872215,-0.512748386,1.088602382,0,0,0,0,0,1,0,0,0,0,0,0,0,0,0,0,0,0,0,0,0,0,0,0,0,0,0,0,0,0,0,0,0,0,0,0,0,0,0,0,0,0,0,0,0,0,0,0,0,0,0
-0.485943885,415,0,0,-0.591781216,0.187659041,-0.981283107,0.181807199,-0.327656605,0.842619133,-0.328663326,1.118533854,-0.878823636,1.118042324,0.127733082,0.221219501,0.124422525,1.088602382,1,0,0,0,0,0,0,0,0,0,0,0,0,0,0,0,0,0,0,0,0,0,0,0,0,0,0,0,0,0,0,0,0,0,0,0,0,0,0,0,0,0,0,1,0,0,0,0,0,0,0
0.99921741,510,0,0,-0.591781216,0.321788233,1.75087184,0.312924784,-0.295418599,2.282964461,-0.29547707,-0.982394926,-0.414877644,-0.980155375,-0.158976351,-1.410902787,-0.154339748,1.088602382,0,0,0,0,0,0,0,0,0,0,0,0,0,0,0,0,0,0,0,0,0,0,0,0,0,0,0,0,0,0,0,0,0,0,0,0,0,0,0,0,0,1,0,0,0,0,0,0,0,0,0
-0.355666578,415,0,0,-0.591781216,-0.159498868,0.941344448,-0.156159681,0.087407732,0.345948331,0.088535324,-0.622702839,0.719212558,-0.621372651,1.274570817,-0.186811071,1.279294801,-1.19377145,0,0,0,0,0,0,0,0,0,0,0,0,0,0,0,0,0,0,0,0,0,0,0,0,0,0,0,0,0,0,0,0,0,0,0,0,0,0,0,0,0,0,0,0,0,1,0,0,0,0,0
0.947106487,415,1,0,-0.591781216,-0.112159153,1.143726296,-0.109816397,-0.793092828,0.743284973,-0.793270914,1.218675401,-0.105580316,1.2179565,0.414442516,-0.594841643,0.416459193,0.327811105,0,0,0,0,0,0,0,0,0,0,0,0,0,0,0,0,0,0,0,0,0,0,0,0,0,0,0,0,0,0,0,0,0,0,1,0,0,0,0,0,0,0,0,0,0,0,0,0,0,0,0
-1.449995953,510,0,0,-0.591781216,0.004217646,0.283603443,-1.943201944,-0.269225218,0.494949571,-0.269402154,-0.344758954,0.564563894,-0.34433789,-1.019104652,0.221219501,-1.017175357,-0.432980172,1,0,0,0,0,0,0,0,0,0,0,0,0,0,0,0,0,0,0,0,0,0,0,0,0,0,0,0,0,0,0,0,0,0,0,0,0,0,0,0,0,0,0,0,0,0,0,1,0,0,0
-0.016945581,415,0,0,-0.591781216,-0.757162767,1.143726296,-0.738276547,1.066637188,-0.647393275,1.067529883,0.301051839,-0.208679425,0.300562701,-1.377491444,-1.002872215,-1.375583994,-0.432980172,0,0,0,0,0,0,0,0,0,0,0,0,0,0,0,0,0,0,0,0,0,0,0,0,0,0,0,0,0,0,0,0,0,0,0,0,0,0,0,0,0,0,1,0,0,0,0,0,0,0,0
-0.016945581,415,0,0,-0.591781216,1.106838503,1.49789453,1.07815414,-0.496906141,-1.541400719,-0.496965054,-2.809467231,1.131608995,-2.81040142,-1.054943331,-1.410902787,-1.056998539,0.327811105,0,0,0,0,0,0,1,0,0,0,0,0,0,0,0,0,0,0,0,0,0,0,0,0,0,0,0,0,0,0,0,0,0,0,0,0,0,0,0,0,0,0,0,0,0,0,0,0,0,0,0
0.243609032,510,0,0,-0.591781216,0.106787028,-0.019969329,0.103814842,-0.716527562,-0.597726194,-0.717416614,-1.828488812,0.203717012,-1.829425872,-1.413330123,-0.186811071,-1.415407176,1.088602382,0,0,0,0,0,0,0,0,0,0,0,0,0,0,0,0,0,0,0,0,0,0,0,0,0,0,0,0,0,0,0,0,0,0,0,0,0,0,0,0,0,0,0,0,0,0,0,1,0,0,0
0.60838549,415,0,0,-0.591781216,1.471748805,0.637771677,1.43307588,-2.453350178,0.19694709,-2.452583726,-0.978307516,-1.600517401,-0.980155375,0.557797233,-1.002872215,0.562477527,0.327811105,0,0,0,0,0,0,0,0,0,0,0,0,0,0,0,0,0,0,0,0,0,0,0,0,0,0,0,0,0,0,1,0,0,0,0,0,0,0,0,0,0,0,0,0,0,0,0,0,0,0,0
-2.361937099,510,0,0,-0.591781216,0.065364778,0.131817057,0.063123177,0.284865524,-1.144064077,0.285282414,0.108943565,-1.394319182,0.109817456,-0.553201823,0.629250074,-0.552571568,0.327811105,0,0,0,0,0,0,0,0,0,0,0,0,0,0,0,0,0,0,0,0,0,0,0,0,0,0,1,0,0,0,0,0,0,0,0,0,0,0,0,0,0,0,0,0,0,0,0,0,0,0,0
0.530219106,408,0,0,-0.591781216,0.556514319,-0.121160253,0.541250234,0.19822588,-0.200389552,0.19757588,-1.869362913,0.719212558,-1.870299853,-0.911588615,-1.002872215,-0.910980205,0.327811105,0,0,0,0,0,0,0,0,0,0,0,0,0,0,0,0,0,0,0,0,0,0,0,0,0,0,0,0,0,0,0,0,0,0,0,0,0,0,0,0,0,0,0,0,0,0,0,1,0,0,0
0.00910988,415,0,0,-0.591781216,1.359316982,0.081221595,1.323434451,-0.519069771,-0.349390793,-0.518299076,0.125293205,-0.724174972,0.123442116,-1.485007482,-0.594841643,-1.481779146,1.088602382,0,0,0,0,0,0,0,0,0,0,0,0,0,0,0,0,0,0,0,0,0,0,0,0,0,0,0,0,0,0,0,0,0,0,0,0,0,0,0,0,0,0,0,0,0,0,0,0,1,0,0
0.061220803,415,0,1,1.680264679,0.112704492,0.233007981,0.109466462,-0.061693049,1.289622856,-0.060802829,-1.102973523,0.51301434,-1.102777318,1.525441571,-0.186811071,1.531508287,0.327811105,0,0,1,0,0,0,0,0,0,0,0,0,0,0,0,0,0,0,0,0,0,0,0,0,0,0,0,0,0,0,0,0,0,0,0,0,0,0,0,0,0,0,0,0,0,0,0,0,0,0,0
-1.293663185,408,0,0,-0.591781216,0.357293019,-2.043787809,0.347964828,0.4097878,-1.789736121,0.410916099,-0.66357694,1.750203651,-0.662246633,-0.481524464,0.221219501,-0.486199598,-0.432980172,0,0,0,0,0,0,0,0,0,0,0,0,0,0,0,0,0,0,0,0,0,0,0,0,0,0,0,0,0,0,0,0,0,0,0,0,0,0,0,0,0,0,0,0,0,0,0,0,1,0,0
-2.570380789,415,1,0,-0.591781216,-0.938631674,-2.954506125,-0.914607093,-1.244424924,-0.597726194,-1.24365582,-0.17308773,0.976960331,-0.171758859,-0.409847106,-1.410902787,-0.406553234,0.327811105,1,0,0,0,0,0,0,0,1,0,0,0,0,0,0,0,0,0,0,0,0,0,0,0,0,0,0,0,0,0,0,0,0,0,0,0,0,0,0,0,0,0,0,0,0,0,0,0,0,0,0
0.269664493,510,0,0,-0.591781216,0.343485602,0.840153524,0.33440094,0.546799329,1.388957016,0.546031571,0.264265148,0.049068348,0.264230273,-0.338169747,2.669402934,-0.340181264,-1.19377145,0,0,0,0,0,0,0,0,0,0,0,0,0,0,0,0,0,0,0,0,0,0,0,0,0,0,0,0,0,0,1,0,0,0,0,0,0,0,0,0,0,0,0,0,0,0,0,0,0,0,0
0.452052722,415,0,0,-0.591781216,-0.494821848,0.587176215,-0.48282332,-0.331686356,0.24661417,-0.331033773,0.333751119,0.100617902,0.332353575,0.844506666,0.221219501,0.8412398,0.327811105,0,0,0,0,0,0,0,0,0,0,0,0,0,0,0,0,0,0,0,0,0,0,0,0,0,0,0,0,0,0,0,0,0,0,0,0,0,0,0,0,0,0,0,0,0,1,0,0,0,0,0
-2.17954887,510,0,1,1.680264679,-0.524409169,0.7389626,-0.511081421,-0.297433474,-2.038071522,-0.297847517,0.474766767,0.100617902,0.473141733,-0.087298993,-1.410902787,-0.087967778,3.370976214,1,0,0,0,0,0,0,0,0,0,0,0,0,0,0,0,0,0,0,0,0,0,0,0,0,0,0,0,0,0,0,0,0,0,0,0,0,0,0,0,0,0,1,0,0,0,0,0,0,0,0
0.764718258,408,0,0,-0.591781216,0.004217646,0.941344448,0.604548379,0.613290218,0.991620374,0.612404083,0.405280796,-1.0334723,0.405018431,-1.413330123,1.85334179,-1.415407176,0.327811105,0,0,0,0,0,0,0,0,0,0,0,0,0,0,0,0,0,0,0,0,0,0,0,0,0,0,0,0,0,0,0,0,0,0,0,0,0,0,0,0,0,0,0,0,0,1,0,0,0,0,0
0.947106487,415,0,0,-0.591781216,-0.761107743,-0.475328487,-0.741667519,-1.077190263,-0.001721231,-1.077724539,1.096053099,-1.291220073,1.095334557,-0.804072577,1.037280646,-0.804785053,0.327811105,0,0,0,1,0,0,0,0,0,0,0,0,0,0,0,0,0,0,0,0,0,0,0,0,0,0,0,0,0,0,0,0,0,0,0,0,0,0,0,0,0,0,0,0,0,0,0,0,0,0,0
2.19776863,408,0,1,1.533681072,-0.563858932,1.042535372,-0.549512437,0.887313276,-0.597726194,0.88737592,-0.953783055,-0.466427199,-0.952906054,1.274570817,-1.002872215,1.279294801,0.327811105,0,0,0,0,0,0,0,0,0,0,0,0,0,0,0,0,0,0,0,0,0,0,0,0,0,0,1,0,0,0,0,0,0,0,0,0,0,0,0,0,0,0,0,0,0,0,0,0,0,0,0
-0.016945581,408,0,0,-0.591781216,0.590046617,0.334198905,0.574029631,0.566948083,-0.200389552,0.567365592,-0.585916148,-0.775724527,-0.585040224,-0.947427294,-1.002872215,-0.950803387,1.088602382,0,0,0,0,0,0,0,0,0,0,0,0,0,0,0,0,0,0,0,0,0,0,0,0,0,0,0,0,0,0,0,0,0,0,0,0,1,0,0,0,0,0,0,0,0,0,0,0,0,0,0
-0.147222888,415,0,1,1.753556482,1.327757172,0.435389829,1.292915702,-1.512403355,-0.448724953,-1.511516317,0.519728278,-0.517976753,0.518557267,0.091894403,-0.186811071,0.097873737,1.088602382,0,0,0,0,0,0,0,0,0,0,0,0,0,1,0,0,0,0,0,0,0,0,0,0,0,0,0,0,0,0,0,0,0,0,0,0,0,0,0,0,0,0,0,0,0,0,0,0,0,0,0
0.60838549,415,0,0,-0.591781216,1.416519137,-0.778901259,1.379950651,0.272776271,-0.101055392,0.27343018,-0.305928558,-1.497418292,-0.308005463,0.306926478,0.629250074,0.310264041,1.088602382,0,0,0,0,0,0,0,0,0,0,0,0,0,0,0,0,0,0,0,0,0,0,0,0,0,1,0,0,0,0,0,0,0,0,0,0,0,0,0,0,0,0,0,0,0,0,0,0,0,0,0
-0.095111965,510,1,0,-0.591781216,1.128535872,0.334198905,1.098499972,-0.867643219,0.24661417,-0.866754767,0.816065508,1.028509886,0.818299796,-1.054943331,-1.002872215,-1.056998539,-1.19377145,1,0,0,0,0,0,0,0,0,0,0,0,0,0,0,0,0,0,0,0,0,0,0,0,0,0,0,0,0,0,0,0,0,0,0,0,0,0,0,0,0,0,0,0,0,0,0,0,0,0,1
-1.892938795,415,0,0,-0.591781216,-0.394224954,-1.082474031,-0.384485131,0.323148157,1.537958257,0.323209564,0.11507468,0.822311667,0.114359009,-0.338169747,-0.594841643,-0.340181264,0.327811105,0,0,0,0,0,0,0,0,0,0,0,0,0,0,0,0,0,0,0,0,0,0,0,0,0,0,0,0,0,0,0,0,0,0,0,0,0,0,0,0,0,0,0,1,0,0,0,0,0,0,0
-0.277500194,415,1,0,-0.591781216,-0.621061087,-0.222351177,-0.606028638,0.397698547,0.544616652,0.396693417,-1.366611473,-0.157129871,-1.366187419,-0.374008427,-1.410902787,-0.380004446,1.849393659,1,0,0,0,0,0,0,0,0,0,0,0,0,0,0,0,0,0,0,0,0,0,0,0,0,0,0,0,0,0,0,0,0,0,0,0,0,0,0,0,0,0,0,0,0,0,0,1,0,0,0
2.328045936,408,0,0,-0.591781216,-0.567803908,-0.728305797,-0.554033733,1.368868502,1.438624096,1.368576636,-0.43263827,-1.394319182,-0.430627406,1.59711893,-1.410902787,1.597880257,-0.432980172,0,0,0,0,0,0,0,0,0,0,0,1,0,0,0,0,0,0,0,0,0,0,0,0,0,0,0,0,0,0,0,0,0,0,0,0,0,0,0,0,0,0,0,0,0,0,0,0,0,0,0
-1.267607724,415,0,1,1.167222057,-0.173306285,-1.487237727,-0.169723569,0.014872217,-0.995062836,0.015051471,-0.859772624,1.234708105,-0.862074985,-2.201781066,0.221219501,-2.198596421,0.327811105,0,0,0,0,0,0,0,0,0,0,0,0,0,0,0,0,0,0,0,0,0,0,0,0,0,0,0,0,0,0,0,0,0,0,0,0,0,0,0,0,0,0,0,0,0,0,0,0,0,0,0
-0.720443036,510,0,0,-0.591781216,1.479638757,-1.031878569,1.440988148,-2.225669255,-1.044729917,-2.225020826,-0.974220106,-2.064463393,-0.975613821,0.127733082,1.445311218,0.124422525,-1.19377145,0,0,0,0,0,0,0,0,0,0,0,0,0,0,0,0,0,0,0,0,1,0,0,0,0,0,0,0,0,0,0,0,0,0,0,0,0,0,0,0,0,0,0,0,0,0,0,0,0,0,0
0.139387187,408,1,0,-0.591781216,-0.907071864,-2.802719739,-0.884088345,-0.259150841,0.345948331,-0.259920367,-0.39176417,-0.569526308,-0.389753425,0.163571761,-1.002872215,0.164245707,-0.432980172,1,0,0,0,0,0,0,0,0,0,0,0,0,0,0,0,0,0,0,0,0,0,0,0,0,0,0,0,0,0,0,0,0,0,0,0,0,0,1,0,0,0,0,0,0,0,0,0,0,0,0
0.269664493,408,0,0,-0.591781216,0.891837298,0.840153524,0.867913874,-0.176540949,1.339289936,-0.176954726,0.589214249,-0.157129871,0.591222123,0.020217045,-0.594841643,0.018227373,-1.19377145,0,0,0,0,0,0,0,0,0,0,0,0,0,0,0,0,0,0,0,0,0,0,0,0,0,0,0,1,0,0,0,0,0,0,0,0,0,0,0,0,0,0,0,0,0,0,0,0,0,0,0
-1.085219495,408,0,0,-0.591781216,-0.550051515,-0.121160253,-0.535948549,0.186136628,-0.399057873,0.185723646,1.345385114,-0.724174972,1.345119997,0.593635912,0.221219501,0.589026314,-0.432980172,0,0,0,0,0,0,0,0,0,0,0,0,0,0,0,0,0,0,0,0,0,0,0,0,0,0,0,0,0,0,0,0,0,0,0,0,0,0,0,0,0,0,0,0,0,0,1,0,0,0,0
-0.772553959,510,0,1,1.020638451,-0.755190279,0.334198905,-0.736015899,-0.758839946,0.24661417,-0.757714211,0.38688745,-0.054030762,0.386852217,-1.664200878,-0.594841643,-1.667620662,0.327811105,0,0,0,0,0,0,0,0,0,0,0,0,0,0,0,0,0,1,0,0,0,0,0,0,0,0,0,0,0,0,0,0,0,0,0,0,0,0,0,0,0,0,0,0,0,0,0,0,0,0,0
-1.18944134,408,0,0,-0.591781216,2.091110073,1.194321758,2.036668902,0.609260467,0.29628125,0.610033636,0.605563889,2.059500979,0.604846783,1.632957609,1.037280646,1.637703439,-1.19377145,1,0,0,0,0,0,0,0,0,0,0,0,0,0,0,0,0,0,0,0,0,0,0,0,0,0,0,0,0,0,0,0,0,0,0,0,0,0,0,0,0,0,0,0,0,0,0,1,0,0,0
-2.283770715,415,0,0,-0.591781216,-2.392355415,1.042535372,-2.33090308,1.239916475,-1.789736121,1.240572505,-0.859772624,0.770762113,-0.862074985,0.593635912,0.221219501,0.589026314,-0.432980172,0,0,0,0,0,0,0,0,0,0,0,0,0,0,0,0,0,0,1,0,0,0,0,0,0,0,0,0,0,0,0,0,0,0,0,0,0,0,0,0,0,0,0,0,0,0,0,0,0,0,0
0.921051026,415,0,1,0.580887633,-1.761159218,0.233007981,-1.716006817,0.012857341,0.445282491,0.012681024,0.531990508,0.770762113,0.532181928,1.023700062,-0.186811071,1.027081316,-1.19377145,0,0,0,0,0,0,0,0,0,0,0,0,0,0,0,0,0,0,0,0,0,0,0,0,0,0,0,0,0,0,0,0,0,0,0,0,0,0,0,0,0,0,0,0,0,0,0,1,0,0,0
0.582330029,408,0,0,-0.591781216,-1.28776207,-0.475328487,-1.254834621,0.321133281,1.140621615,0.320839117,1.012261192,0.100617902,1.013586595,0.271087799,-0.594841643,0.270440859,-1.19377145,0,0,0,0,0,0,0,0,0,0,0,0,0,0,0,0,0,0,0,0,0,1,0,0,0,0,0,0,0,0,0,0,0,0,0,0,0,0,0,0,0,0,0,0,0,0,0,0,0,0,0
0.113331725,408,0,0,-0.591781216,-0.630923528,0.131817057,-0.61507123,0.444040682,-1.094396997,0.444102355,-0.767805897,0.100617902,-0.766702362,0.916184025,-0.594841643,0.920886164,0.327811105,0,0,0,0,0,0,0,0,0,0,0,0,0,0,0,0,0,0,0,0,0,0,0,0,0,0,0,0,0,0,0,0,0,0,0,0,0,0,0,0,0,0,0,0,0,0,0,0,1,0,0
-1.319718646,408,0,1,1.680264679,2.426433053,-0.374137563,2.363332541,0.802688508,0.941953294,0.802039833,-0.146519565,0.152167457,-0.144509538,1.202893458,3.89349465,1.199648437,1.088602382,0,0,0,0,0,0,0,0,0,0,0,0,0,0,0,0,0,0,0,0,0,0,0,0,0,0,0,0,0,0,0,0,0,0,0,0,0,0,0,0,0,0,0,1,0,0,0,0,0,0,0
0.452052722,415,0,0,-0.591781216,-0.859732149,0.99193991,-0.83774506,0.071288729,0.14728001,0.071942196,0.554471263,-0.517976753,0.554889695,0.378603837,-0.186811071,0.376636011,-0.432980172,0,0,0,0,0,0,0,0,0,0,0,0,1,0,0,0,0,0,0,0,0,0,0,0,0,0,0,0,0,0,0,0,0,0,0,0,0,0,0,0,0,0,0,0,0,0,0,0,0,0,0
-0.720443036,415,0,0,-0.591781216,0.751790642,-0.475328487,0.732274992,0.401728298,-0.150722472,0.401434311,1.557930438,-0.569526308,1.55857301,0.020217045,0.629250074,0.018227373,-0.432980172,1,0,0,0,0,0,0,0,0,0,0,0,0,0,0,0,0,0,0,0,0,0,0,0,0,0,0,0,0,0,0,0,0,0,0,0,0,0,0,0,0,0,0,0,0,0,1,0,0,0,0
-1.710550566,415,0,0,-0.591781216,-1.094458235,0.081221595,-1.067200835,-1.546656237,0.743284973,-1.54707302,-1.335955898,-0.002481207,-1.334396545,1.023700062,1.445311218,1.027081316,0.327811105,0,0,0,0,0,0,0,0,0,0,0,1,0,0,0,0,0,0,0,0,0,0,0,0,0,0,0,0,0,0,0,0,0,0,0,0,0,0,0,0,0,0,0,0,0,0,0,0,0,0,0
-0.954942188,415,0,0,-0.591781216,0.522982021,-1.234260417,0.508470838,0.639483598,-1.193731157,0.638478999,1.032698243,-0.208679425,1.031752808,1.202893458,-1.002872215,1.199648437,-0.432980172,0,0,0,0,0,0,0,0,0,0,0,0,0,0,0,0,0,0,0,0,0,0,0,0,0,0,0,0,0,0,0,0,0,0,0,0,0,0,0,0,0,0,0,0,0,0,0,0,0,0,1
-0.016945581,510,0,0,-0.591781216,-0.922851769,1.093130834,-0.899912881,-2.693120354,-1.889070281,-2.691998861,-0.831160753,1.080059441,-0.830284111,-0.123137672,-1.002872215,-0.12779096,1.088602382,0,0,0,0,0,0,0,0,0,0,0,0,0,0,0,0,0,0,0,0,0,0,0,0,0,0,0,0,0,0,0,0,0,0,0,0,0,0,0,0,0,0,0,0,0,0,0,0,0,1,0
-0.016945581,415,0,1,1.680264679,-1.475148441,0.7389626,-1.43794711,0.74425712,1.239955775,0.745149108,1.273855437,0.203717012,1.272455142,-0.911588615,0.629250074,-0.910980205,1.088602382,0,0,0,0,0,0,0,0,0,0,0,0,0,0,0,0,0,0,0,0,0,0,0,0,0,0,0,0,0,0,0,0,0,0,0,0,1,0,0,0,0,0,0,0,0,0,0,0,0,0,0
0.373886338,415,0,0,-0.591781216,1.28830741,-0.171755715,1.254484686,1.008205801,-1.243398238,1.008268711,1.41282738,1.234708105,1.413243299,1.238732138,1.445311218,1.239471619,-0.432980172,1,0,0,0,0,0,1,0,0,0,0,0,0,0,0,0,0,0,0,0,0,0,0,0,0,0,0,0,0,0,0,0,0,0,0,0,0,0,0,0,0,0,0,0,0,0,0,0,0,0,0
1.59849302,408,0,0,-0.591781216,0.094952099,0.890748986,0.092511602,0.470234063,-0.250056632,0.470177271,-0.42037604,-0.930373191,-0.421544299,0.486119874,-0.594841643,0.482831163,-0.432980172,0,0,0,0,0,0,0,0,0,0,0,0,0,0,0,0,0,0,0,0,0,0,0,0,0,0,0,0,0,0,0,0,0,0,0,0,0,0,0,0,0,0,0,0,1,0,0,0,0,0,0
-0.303555655,415,0,0,-0.591781216,-1.778911611,-1.740215037,-1.732961678,-0.430415252,0.19694709,-0.430592542,0.491116407,0.822311667,0.491307947,0.736990629,-1.410902787,0.735044648,1.088602382,0,0,0,0,0,0,0,0,0,0,0,0,0,0,0,0,0,0,0,0,0,0,0,0,0,0,0,0,0,0,0,0,0,0,1,0,0,0,0,0,0,0,0,0,0,0,0,0,0,0,0
-0.173278349,415,1,0,-0.591781216,1.102893527,1.548489992,1.073632844,-0.118109561,0.345948331,-0.117693554,-0.622702839,-0.363328089,-0.621372651,-0.589040502,-0.186811071,-0.592394749,-0.432980172,0,0,0,0,0,0,0,0,0,0,0,0,0,0,0,0,0,0,0,0,0,0,0,0,0,0,0,0,0,0,0,0,0,0,0,0,0,0,0,0,0,0,0,0,0,1,0,0,0,0,0
0.738662797,408,0,0,-0.591781216,0.004217646,1.346108144,0.120769702,1.24193135,-0.200389552,1.242942952,-2.088039352,-1.909814729,-2.088294419,0.450281195,0.629250074,0.456282375,1.849393659,0,0,0,0,0,0,0,0,0,0,0,0,0,0,0,0,0,0,0,0,0,0,0,0,0,0,0,0,0,0,0,0,0,0,0,0,0,0,0,0,0,0,0,0,0,0,1,0,0,0,0
-0.121167426,510,0,0,-0.591781216,-0.003672307,1.24491722,-0.003565939,-0.772944074,1.935294899,-0.771936892,1.296336193,1.698654096,1.295162909,-1.305814086,-1.002872215,-1.309212024,-0.432980172,0,0,0,0,0,0,0,0,0,0,0,0,0,0,0,0,0,0,0,0,0,0,0,0,0,0,0,0,0,0,0,0,0,0,0,0,0,0,1,0,0,0,0,0,0,0,0,0,0,0,0
0.191498109,415,0,0,-0.591781216,-1.335101785,0.233007981,-1.301177905,-0.140273191,0.494949571,-0.141398023,0.160036191,-0.363328089,0.159774544,-2.201781066,-0.186811071,-2.198596421,1.849393659,1,0,0,0,0,0,0,0,0,0,0,0,0,0,0,0,0,0,0,0,0,0,0,0,0,0,0,0,0,0,0,0,0,0,0,0,0,0,0,0,1,0,0,0,0,0,0,0,0,0,0
-0.095111965,408,0,1,1.753556482,-0.222618487,1.447299068,-0.217197178,0.508516696,-0.150722472,0.508104421,-0.189437371,-0.26022898,-0.189925073,-0.624879181,1.037280646,-0.618943537,-1.19377145,0,0,0,0,0,0,0,0,0,0,0,0,0,0,0,0,0,0,0,0,0,0,1,0,0,0,0,0,0,0,0,0,0,0,0,0,0,0,0,0,0,0,0,0,0,0,0,0,0,0,0
-0.433832962,415,0,1,2.486474512,0.682753558,0.587176215,0.664455552,-0.251091339,0.345948331,-0.250438579,2.70649267,0.873861222,2.707586036,0.378603837,2.261372362,0.376636011,-1.19377145,0,0,0,0,0,0,0,0,0,0,0,0,0,0,0,0,0,0,0,0,0,0,0,0,0,0,0,0,0,0,0,0,0,0,0,0,0,0,0,0,0,0,0,0,0,0,1,0,0,0,0
-0.928886727,415,0,0,-0.591781216,1.302114827,1.953253688,1.268048574,0.830896764,0.643950812,0.830485195,1.721426841,0.873861222,1.722068935,-2.165942387,0.221219501,-2.172047633,1.849393659,1,0,0,0,0,0,0,0,0,0,0,0,0,0,0,0,0,0,0,0,0,0,0,0,0,0,0,0,0,0,0,0,0,0,0,1,0,0,0,0,0,0,0,0,0,0,0,0,0,0,0
0.790773719,415,0,1,1.900140088,-0.455372085,1.700276378,-0.444392304,-2.612525337,-0.250056632,-2.611403667,1.239112452,1.028509886,1.240664268,1.1312161,2.261372362,1.133276468,-0.432980172,0,0,0,0,0,0,0,0,0,0,0,0,0,0,0,0,0,0,0,0,0,0,0,0,0,0,0,0,0,0,0,0,0,0,0,0,0,0,0,0,0,0,0,0,0,0,1,0,0,0,0
-1.111274956,415,1,1,2.559766315,-0.727575445,-0.222351177,-0.708888123,1.443418893,-0.001721231,1.444430936,-0.15673809,0.255266566,-0.158134198,-0.481524464,-0.186811071,-0.486199598,-0.432980172,0,0,0,0,0,0,0,0,0,0,0,0,0,0,1,0,0,0,0,0,0,0,0,0,0,0,0,0,0,0,0,0,0,0,0,0,0,0,0,0,0,0,0,0,0,0,0,0,0,0,0
-1.215496801,415,0,0,-0.591781216,-1.240422356,0.941344448,-1.208491336,-1.562775241,1.140621615,-1.563666148,0.335794824,0.049068348,0.336895129,0.629474591,-1.002872215,0.628849496,-0.432980172,0,0,0,0,0,0,0,0,0,0,0,0,0,0,0,0,0,0,0,0,0,0,0,0,0,0,0,0,0,0,0,0,0,0,0,0,0,0,0,0,0,0,0,0,0,0,0,0,1,0,0
0.634440952,415,0,1,2.266599103,1.112755967,0.334198905,1.08380576,1.78393284,0.494949571,1.783404839,-0.524604997,0.358365676,-0.526000029,-0.409847106,-0.186811071,-0.406553234,0.327811105,0,0,0,0,0,0,0,0,0,0,1,0,0,0,0,0,0,0,0,0,0,0,0,0,0,0,0,0,0,0,0,0,0,0,0,0,0,0,0,0,0,0,0,0,0,0,0,0,0,0,0
-0.746498498,415,0,1,0.947346648,-0.820282387,0.637771677,-0.799314044,1.197604091,-0.846061596,1.197904461,-1.342087013,0.925410777,-1.343479652,-0.732395219,-1.002872215,-0.738413083,0.327811105,0,0,0,0,0,0,0,0,0,0,0,0,0,0,0,0,0,0,0,0,0,0,0,0,0,0,0,0,0,0,0,0,0,0,0,0,0,0,0,0,0,0,0,0,0,0,1,0,0,0,0
1.051328332,408,0,0,-0.591781216,-2.520567143,0.384794367,-2.456369045,-0.7789887,-0.846061596,-0.779048233,0.458417127,0.770762113,0.459517072,-0.051460314,-0.594841643,-0.048144596,1.088602382,0,0,0,0,0,0,1,0,0,0,0,0,0,0,0,0,0,0,0,0,0,0,0,0,0,0,0,0,0,0,0,0,0,0,0,0,0,0,0,0,0,0,0,0,0,0,0,0,0,0,0
0.321775416,510,0,0,-0.591781216,-1.940655637,0.789558062,-1.891207039,0.401728298,1.190288695,0.401434311,0.707749141,0.667663003,0.709302513,-0.481524464,-0.594841643,-0.486199598,-1.19377145,0,0,0,1,0,0,0,0,0,0,0,0,0,0,0,0,0,0,0,0,0,0,0,0,0,0,0,0,0,0,0,0,0,0,0,0,0,0,0,0,0,0,0,0,0,0,0,0,0,0,0
-2.101382486,415,0,1,1.973431891,-0.161471356,-0.121160253,-0.157290005,-0.958312613,1.339289936,-0.959202195,-0.724888091,1.286257659,-0.725828381,-1.12662069,-0.594841643,-1.123370509,-1.19377145,0,0,0,0,0,0,0,0,0,0,0,0,0,0,0,0,0,0,0,0,0,0,0,0,0,0,0,0,0,0,0,0,0,0,0,0,0,0,0,0,0,1,0,0,0,0,0,0,0,0,0
2.901266085,415,0,0,-0.591781216,-1.058953449,-0.222351177,-1.03216079,-1.135621651,-0.995062836,-1.134615264,2.079075223,0.100617902,2.080851658,-0.947427294,-0.594841643,-0.950803387,-0.432980172,0,0,0,0,0,0,1,0,0,0,0,0,0,0,0,0,0,0,0,0,0,0,0,0,0,0,0,0,0,0,0,0,0,0,0,0,0,0,0,0,0,0,0,0,0,0,0,0,0,0,0
-0.043001042,415,1,0,-0.591781216,0.34545809,1.346108144,0.335531264,-0.899881226,-0.399057873,-0.899941023,0.061938349,-0.054030762,0.059860368,-0.123137672,0.629250074,-0.12779096,1.849393659,0,0,0,0,0,0,0,0,0,0,0,0,0,0,0,1,0,0,0,0,0,0,0,0,0,0,0,0,0,0,0,0,0,0,0,0,0,0,0,0,0,0,0,0,0,0,0,0,0,0,0
-0.173278349,510,0,0,-0.591781216,0.284310958,-1.942596885,0.276754416,0.534710076,-2.286406923,0.534179336,-0.218049241,0.770762113,-0.217174393,1.812151005,-0.186811071,1.81027056,-0.432980172,0,0,0,0,0,0,0,0,0,0,0,0,0,0,0,0,0,0,0,0,0,0,0,0,0,0,0,0,0,0,0,0,0,0,0,1,0,0,0,0,0,0,0,0,0,0,0,0,0,0,0
-1.58027326,510,0,0,-0.591781216,-1.262119725,0.233007981,-1.229967492,-1.468076096,0.643950812,-1.468848273,-1.912280719,-0.466427199,-1.911173835,-0.338169747,0.629250074,-0.340181264,-0.432980172,0,0,0,0,0,0,0,0,0,0,0,0,0,0,0,0,0,0,0,0,0,0,0,0,0,0,0,0,0,0,0,0,0,0,1,0,0,0,0,0,0,0,0,0,0,0,0,0,0,0,0
-0.381722039,510,0,1,1.533681072,-0.443537156,0.890748986,-0.433089064,-0.08788643,1.786293658,-0.086877745,0.523815688,0.461464785,0.523098821,-0.66071786,0.221219501,-0.658766719,1.088602382,0,0,0,0,0,0,0,0,0,0,0,0,0,0,0,0,0,0,0,0,0,0,0,0,0,0,0,0,0,1,0,0,0,0,0,0,0,0,0,0,0,0,0,0,0,0,0,0,0,0,0
0.00910988,415,0,0,-0.591781216,1.775511974,-0.778901259,1.729220771,0.139794493,-0.697060355,0.140685155,0.268352558,0.358365676,0.268771827,-2.058426349,4.301525222,-2.052578087,1.088602382,1,0,0,0,0,0,0,0,0,0,0,0,0,0,0,0,0,0,0,0,0,0,0,0,0,0,0,0,0,0,0,0,0,0,0,0,1,0,0,0,0,0,0,0,0,0,0,0,0,0,0
0.113331725,510,0,0,-0.591781216,0.941149501,1.042535372,0.916517806,1.366853627,-0.548059114,1.366206189,-1.180634315,-0.930373191,-1.179983727,0.987861383,-0.186811071,0.987258134,-0.432980172,0,0,0,0,0,0,0,0,0,0,0,1,0,0,0,0,0,0,0,0,0,0,0,0,0,0,0,0,0,0,0,0,0,0,0,0,0,0,0,0,0,0,0,0,0,0,0,0,0,0,0
1.025272871,415,1,1,1.387097466,0.181741576,1.194321758,0.176155578,-0.80115233,0.097612929,-0.800382254,-0.068858773,-0.002481207,-0.067303129,0.450281195,0.221219501,0.456282375,1.849393659,0,0,0,0,0,0,0,0,0,0,0,0,0,0,0,0,0,0,0,0,1,0,0,0,0,0,0,0,0,0,0,0,0,0,0,0,0,0,0,0,0,0,0,0,0,0,0,0,0,0,0
-0.069056504,408,0,1,0.800763042,-1.364689107,-0.677710335,-1.329436005,0.546799329,-0.150722472,0.546031571,0.869201839,-0.827274081,0.868256884,0.271087799,-0.186811071,0.270440859,-0.432980172,0,0,0,0,0,0,0,0,0,0,0,0,0,0,0,0,0,0,0,0,0,0,0,0,0,0,0,0,0,0,0,0,0,0,0,0,0,0,0,0,0,0,0,1,0,0,0,0,0,0,0
0.087276264,408,0,0,-0.591781216,-0.238398392,0.789558062,-0.233021714,0.373520042,0.594283732,0.372988949,0.303095544,-0.311778535,0.305104255,0.521958554,-1.002872215,0.522654345,1.849393659,0,0,0,1,0,0,0,0,0,0,0,0,0,0,0,0,0,0,0,0,0,0,0,0,0,0,0,0,0,0,0,0,0,0,0,0,0,0,0,0,0,0,0,0,0,0,0,0,0,0,0
0.373886338,415,0,0,-0.591781216,-0.940604162,-0.525923949,-0.916867741,-0.063707925,-1.243398238,-0.063173276,-0.516430177,0.719212558,-0.516916922,-3.671166913,-1.818933359,-3.672054152,1.088602382,0,0,0,0,0,0,0,0,0,0,0,0,0,0,0,0,0,0,0,0,0,0,0,0,0,0,0,0,0,0,0,0,0,0,0,0,0,0,0,0,0,0,0,0,0,1,0,0,0,0,0
-0.79860942,415,0,0,-0.591781216,0.665001165,-0.728305797,0.647500691,0.081363106,-1.144064077,0.081423983,1.134883495,0.049068348,1.136208538,-1.628362199,-0.186811071,-1.62779748,-0.432980172,0,0,0,0,0,0,0,0,0,0,0,0,0,0,0,0,0,0,0,0,0,0,0,0,0,0,0,0,0,1,0,0,0,0,0,0,0,0,0,0,0,0,0,0,0,0,0,0,0,0,0
0.660496413,510,0,0,-0.591781216,-0.084544319,0.99193991,-0.08268862,-2.062464346,-1.442066559,-2.061459992,0.016976838,-0.363328089,0.018986387,0.127733082,-1.410902787,0.124422525,-1.19377145,0,0,0,0,0,0,0,0,0,0,0,0,0,0,0,0,0,1,0,0,0,0,0,0,0,0,0,0,0,0,0,0,0,0,0,0,0,0,0,0,0,0,0,0,0,0,0,0,0,0,0
-0.355666578,510,0,1,2.266599103,-1.915013291,0.637771677,-1.866339911,0.478293564,-1.839403201,0.477288611,-0.765762192,-0.621075863,-0.766702362,-0.266492389,-1.410902787,-0.2605349,1.088602382,0,0,0,0,0,0,0,0,0,0,0,0,0,0,0,0,0,0,0,0,0,0,0,0,0,0,0,0,0,0,0,0,0,1,0,0,0,0,0,0,0,0,0,0,0,0,0,0,0,0,0
-0.381722039,415,0,0,-0.591781216,-1.068815889,1.953253688,-1.041203382,1.393047007,-0.349390793,1.392281105,0.709792846,0.51301434,0.709302513,-0.481524464,1.445311218,-0.486199598,-0.432980172,0,0,0,0,0,0,0,0,0,0,0,0,0,0,0,0,0,0,0,0,0,0,0,0,1,0,0,0,0,0,0,0,0,0,0,0,0,0,0,0,0,0,0,0,0,0,0,0,0,0,0
-2.59643625,415,0,1,1.606972875,0.067337266,-0.272946639,0.065383825,0.643513349,0.494949571,0.643219892,0.965255976,0.51301434,0.963629507,-0.66071786,-1.002872215,-0.658766719,-1.19377145,0,0,0,0,0,0,0,0,0,0,0,0,0,0,0,0,0,0,0,0,0,0,0,0,0,0,0,0,0,0,0,1,0,0,0,0,0,0,0,0,0,0,0,0,0,0,0,0,0,0,0
0.842884642,408,0,0,-0.591781216,-0.346885239,-0.475328487,-0.338141847,0.230463887,-0.299723713,0.230762136,1.212544286,-1.136571409,1.213414947,0.70115195,0.221219501,0.695221466,-0.432980172,0,0,0,0,0,0,0,0,0,0,0,0,0,0,0,0,0,0,0,0,0,0,0,0,0,0,0,0,0,0,1,0,0,0,0,0,0,0,0,0,0,0,0,0,0,0,0,0,0,0,0
0.061220803,510,0,0,-0.591781216,-0.258123274,-0.829496721,-0.252237222,-0.166466571,-0.448724953,-0.167472939,-0.677882875,0.770762113,-0.675871293,-0.911588615,0.629250074,-0.910980205,-0.432980172,0,0,0,0,0,0,0,0,0,0,0,0,0,0,0,0,0,0,0,0,0,0,0,0,0,0,0,1,0,0,0,0,0,0,0,0,0,0,0,0,0,0,0,0,0,0,0,0,0,0,0
0.790773719,415,0,1,1.167222057,-0.863677125,-2.043787809,-0.842266356,0.655602602,-1.094396997,0.655072127,0.194779177,1.080059441,0.196106972,-0.302331068,-0.186811071,-0.300358082,-0.432980172,0,0,0,0,0,0,0,0,0,0,0,0,0,0,0,0,0,0,0,0,0,0,0,0,0,0,1,0,0,0,0,0,0,0,0,0,0,0,0,0,0,0,0,0,0,0,0,0,0,0,0
-0.043001042,510,0,0,-0.591781216,-0.737437886,-0.576519411,-0.719061039,0.077333355,-0.250056632,0.076683089,0.041501299,0.719212558,0.041694154,-0.409847106,-1.410902787,-0.406553234,-1.19377145,0,0,0,0,0,0,0,0,0,0,0,0,0,0,0,0,0,0,1,0,0,0,0,0,0,0,0,0,0,0,0,0,0,0,0,0,0,0,0,0,0,0,0,0,0,0,0,0,0,0,0
-1.918994256,510,0,0,-0.591781216,-0.041149581,1.042535372,-0.040866632,1.937063372,-0.399057873,1.937483886,-0.166956615,0.306816121,-0.167217305,-0.947427294,-0.594841643,-0.950803387,1.088602382,0,0,0,0,0,0,0,0,0,0,0,0,0,0,0,0,0,0,0,0,0,0,0,0,0,0,0,0,0,0,0,0,0,1,0,0,0,0,0,0,0,0,0,0,0,0,0,0,0,0,0
1.051328332,408,0,0,-0.591781216,-1.903178363,-1.335451341,-1.855036671,-0.202734329,0.19694709,-0.203029642,-1.033487552,-1.085021854,-1.034654016,0.163571761,1.037280646,0.164245707,-0.432980172,0,0,0,0,0,0,0,0,0,0,0,0,0,0,0,0,0,0,0,0,0,0,0,0,0,0,0,0,0,0,0,0,0,0,0,0,0,0,0,0,0,0,0,0,0,0,0,0,0,0,0
-1.866883334,415,1,1,2.120015497,1.091058598,0.030626133,1.062329604,-0.349820235,-1.044729917,-0.349997348,-1.252163991,0.306816121,-1.252648583,-1.628362199,1.037280646,-1.62779748,0.327811105,0,0,0,0,0,0,0,0,0,0,0,0,0,0,0,0,0,0,0,0,0,0,0,0,0,0,0,0,0,0,0,0,0,0,0,1,0,0,0,0,0,0,0,0,0,0,0,0,0,0,0
-0.928886727,415,0,0,-0.591781216,0.004217646,-0.272946639,-1.422122574,-1.185993536,-0.001721231,-1.186765095,-0.42037604,0.255266566,-0.421544299,-1.305814086,3.077433506,-1.309212024,0.327811105,0,0,0,0,0,0,0,0,0,0,0,0,0,0,0,0,0,0,0,0,0,0,0,0,0,0,0,0,0,0,0,0,1,0,0,0,0,0,0,0,0,0,0,0,0,0,0,0,0,0,0
-0.511999346,415,1,0,-0.591781216,-0.59739123,-1.639024113,-0.582291833,-0.579516033,-0.101055392,-0.579930695,0.274483673,-0.157129871,0.27331338,2.743956664,-0.594841643,2.739478139,1.088602382,1,0,0,0,0,0,0,0,0,0,0,0,0,0,0,0,0,0,0,0,0,0,1,0,0,0,0,0,0,0,0,0,0,0,0,0,0,0,0,0,0,0,0,0,0,0,0,0,0,0,0
-1.658439643,415,0,1,0.874054845,1.676887569,-0.981283107,1.63314323,0.319118406,0.494949571,0.318468671,0.196822882,0.100617902,0.196106972,0.056055724,1.037280646,0.058050555,-1.19377145,0,0,0,0,0,0,0,0,0,0,0,0,0,0,0,0,0,0,0,0,0,0,0,1,0,0,0,0,0,0,0,0,0,0,0,0,0,0,0,0,0,0,0,0,0,0,0,0,0,0,0
0.165442648,510,0,1,1.680264679,-0.382390025,-2.802719739,-0.373181891,0.419862177,-1.491733639,0.420397886,1.237068747,0.461464785,1.236122714,-1.664200878,-1.410902787,-1.667620662,-0.432980172,0,0,0,0,0,0,0,0,0,0,0,0,0,0,0,0,0,0,0,0,0,0,0,0,0,0,0,0,0,0,0,0,0,0,0,0,0,0,0,0,0,0,0,0,0,0,0,0,0,0,1
0.686551874,415,1,1,1.460389269,-1.652672372,0.840153524,-1.610886684,-0.829360586,1.537958257,-0.828827617,-0.986482336,1.647104542,-0.984696928,0.056055724,-0.594841643,0.058050555,-0.432980172,0,0,0,0,0,0,0,0,0,0,0,0,0,0,0,0,0,0,0,0,0,0,0,0,0,0,0,0,0,0,0,0,0,0,0,0,0,0,0,0,0,0,0,0,0,0,0,0,0,0,1
-0.59016573,408,0,0,-0.591781216,-0.768997696,-1.183664955,-0.749579787,-0.11005006,0.693617893,-0.110582214,1.059266408,0.358365676,1.059002129,0.521958554,0.221219501,0.522654345,-1.19377145,0,0,0,0,0,0,0,0,0,0,0,0,0,0,0,0,0,0,0,0,0,0,0,0,0,0,0,0,0,0,0,0,0,0,0,0,0,0,0,0,0,0,0,0,0,0,0,1,0,0,0
1.963269478,415,0,0,-0.591781216,1.404684209,0.384794367,1.367517087,-0.589590411,-0.001721231,-0.589412483,-1.072317948,-0.775724527,-1.070986444,-0.23065371,0.629250074,-0.233986112,0.327811105,0,0,0,0,0,0,0,0,0,0,0,0,0,0,0,0,0,0,0,0,0,0,0,0,0,0,0,0,0,0,0,0,0,0,0,0,0,0,0,1,0,0,0,0,0,0,0,0,0,0,0
-0.121167426,415,1,0,-0.591781216,0.412522686,0.840153524,0.401090057,1.789977466,0.991620374,1.79051618,-2.100301582,-0.26022898,-2.10191908,0.342765158,0.221219501,0.336812829,0.327811105,0,1,0,0,0,0,0,0,0,0,0,0,0,0,0,0,0,0,0,0,0,0,0,0,0,0,0,0,0,0,0,0,0,0,0,0,0,0,0,0,0,0,0,0,0,0,0,0,0,0,0
-2.335881637,510,0,1,2.1933073,0.593991593,1.49789453,0.578550927,-0.081841804,-0.796394515,-0.082136851,0.652569105,-1.085021854,0.654803871,-1.162459369,1.037280646,-1.16319369,-0.432980172,0,0,0,0,0,0,0,0,0,0,0,0,0,0,0,0,0,0,0,0,0,0,0,0,0,0,0,0,0,0,0,0,0,0,0,0,0,0,0,0,0,0,0,0,0,0,0,0,0,1,0
-1.371829569,415,0,1,1.900140088,0.361237995,-1.537833189,0.3513558,1.471627149,1.041287454,1.470505852,0.343969644,-1.497418292,0.345978236,-0.947427294,-0.186811071,-0.950803387,-0.432980172,0,0,0,0,0,0,0,0,0,0,0,0,0,0,0,0,0,0,0,0,0,0,0,0,0,0,0,0,0,0,0,0,0,0,0,0,0,0,0,0,0,0,0,0,0,0,0,0,0,1,0
-1.39788503,408,0,1,2.120015497,-1.31932188,2.50980377,-1.285353369,0.871194272,-0.150722472,0.870782792,-0.457162731,0.616113449,-0.457876727,1.059538742,0.629250074,1.053630104,0.327811105,0,0,0,0,0,0,0,0,0,0,0,0,0,0,0,0,0,0,0,0,0,0,0,0,0,0,0,0,0,0,0,0,0,0,0,0,0,0,0,0,0,0,0,0,1,0,0,0,0,0,0
-0.303555655,415,1,1,0.800763042,-1.323266856,0.688367139,-1.289874665,1.229842098,1.587625337,1.22872027,-1.585287912,0.822311667,-1.584181985,0.306926478,-1.002872215,0.310264041,-1.19377145,1,0,0,0,0,0,0,0,0,0,0,0,0,0,1,0,0,0,0,0,0,0,0,0,0,0,0,0,0,0,0,0,0,0,0,0,0,0,0,0,0,0,0,0,0,0,0,0,0,0,0
-0.459888423,510,0,1,1.313805663,0.004217646,0.840153524,0.897302298,0.685825733,-0.150722472,0.685887936,-1.378873703,-0.930373191,-1.37981208,0.199410441,1.037280646,0.204068889,-0.432980172,0,0,0,0,0,0,0,0,0,0,0,0,0,0,0,0,0,0,0,0,0,0,1,0,0,0,0,0,0,0,0,0,0,0,0,0,0,0,0,0,0,0,0,0,0,0,0,0,0,0,0
0.660496413,415,1,1,1.900140088,1.286334922,0.890748986,1.252224038,0.381579544,0.24661417,0.382470736,0.198866587,1.85330276,0.200648525,-0.194815031,0.629250074,-0.19416293,1.849393659,0,0,0,0,0,0,0,0,0,0,0,0,0,0,0,0,0,0,0,0,0,0,0,0,0,0,0,0,0,0,0,0,0,0,0,0,0,0,0,0,0,0,0,0,0,0,0,0,1,0,0
-1.059164033,510,0,0,-0.591781216,0.463807377,-0.070564791,0.450824313,0.707989363,1.537958257,0.707221958,0.487028997,0.616113449,0.486766393,1.740473646,0.629250074,1.74389859,0.327811105,0,0,0,0,0,0,0,0,0,0,0,0,0,0,0,0,0,0,0,0,0,0,0,0,0,0,0,0,1,0,0,0,0,0,0,0,0,0,0,0,0,0,0,0,0,0,0,0,0,0,0
0.556274568,415,0,0,-0.591781216,-0.84789722,0.7389626,-0.82644182,0.855075269,1.835960739,0.854189664,-0.248704817,0.51301434,-0.248965268,-0.589040502,-0.186811071,-0.592394749,-1.19377145,0,0,0,0,0,0,0,0,0,0,0,0,0,0,0,0,0,0,0,0,0,0,0,0,0,0,0,0,0,0,0,0,0,0,0,0,0,0,0,0,0,0,0,0,0,0,1,0,0,0,0
0.921051026,408,0,0,-0.591781216,-0.53427161,-0.171755715,-0.521254337,0.165987874,-0.746727435,0.166760071,-1.675210934,-0.054030762,-1.675013055,-1.879232953,2.261372362,-1.880010965,-0.432980172,0,0,0,0,0,0,0,0,0,0,0,0,0,0,0,0,0,0,0,0,0,0,0,0,0,0,0,0,0,0,0,0,0,0,0,0,0,0,0,0,0,0,0,0,0,0,0,1,0,0,0
1.859047633,408,0,1,2.852933527,1.878081357,0.081221595,1.828689284,-0.283329346,0.892286214,-0.283624836,0.89781371,1.18315855,0.900047758,-0.517363143,-1.002872215,-0.512748386,-0.432980172,0,0,0,0,0,0,0,0,0,0,0,0,0,0,0,0,0,0,0,0,0,0,0,0,0,0,0,1,0,0,0,0,0,0,0,0,0,0,0,0,0,0,0,0,0,0,0,0,0,0,0
0.035165342,510,0,0,-0.591781216,0.315870768,0.789558062,0.307273164,0.170017624,-0.647393275,0.169130517,0.000627198,-1.394319182,0.000820173,-0.696556539,-0.594841643,-0.698589901,-0.432980172,1,0,0,0,0,0,0,0,0,0,0,0,0,0,0,0,0,0,0,0,0,1,0,0,0,0,0,0,0,0,0,0,0,0,0,0,0,0,0,0,0,0,0,0,0,0,0,0,0,0,0
0.321775416,415,1,0,-0.591781216,0.485504746,-0.930687645,0.47230047,-0.239002087,0.743284973,-0.238586345,-1.260338811,-0.157129871,-1.26173169,-0.374008427,1.037280646,-0.380004446,-0.432980172,0,0,0,0,0,0,0,0,0,0,0,0,0,0,0,0,0,0,0,0,0,0,0,0,0,0,0,0,0,0,0,0,0,0,0,0,0,0,0,0,0,1,0,0,0,0,0,0,0,0,0
-0.564110269,415,0,0,-0.591781216,0.840552607,-0.070564791,0.818179617,-1.097339018,-0.895728676,-1.096688114,1.523187452,-0.930373191,1.522240582,-0.481524464,-0.186811071,-0.486199598,1.088602382,0,0,0,0,0,0,0,0,0,0,0,0,0,0,0,0,0,0,0,0,0,0,0,0,0,0,0,0,0,0,0,0,0,0,0,0,0,0,0,0,0,0,0,0,0,0,0,0,0,1,0
1.546382097,415,0,0,-0.591781216,-0.106241689,0.233007981,-0.104164776,-0.591605286,0.345948331,-0.591782929,0.403237091,1.595554987,0.405018431,-0.696556539,-1.002872215,-0.698589901,-1.19377145,0,0,0,0,0,0,0,0,0,0,1,0,0,0,0,0,0,0,0,0,0,0,0,0,0,0,0,0,0,0,0,0,0,0,0,0,0,0,0,0,0,0,0,0,0,0,0,0,0,0,0
0.243609032,415,0,0,-0.591781216,1.238995207,0.485985291,1.207011077,-0.772944074,1.984961979,-0.771936892,-0.346802659,-0.724174972,-0.348879444,-0.875749935,-0.594841643,-0.871157023,1.849393659,0,0,0,0,0,0,0,0,0,1,0,0,0,0,0,0,0,0,0,0,0,0,0,0,0,0,0,0,0,0,0,0,0,0,0,0,0,0,0,0,0,0,0,0,0,0,0,0,0,0,0
2.380156859,415,0,0,-0.591781216,0.82674519,0.030626133,0.804615729,1.703337823,-2.485075244,1.702809645,-0.6881014,-0.878823636,-0.689495953,0.880345346,0.629250074,0.881062982,1.849393659,0,0,0,0,0,1,0,0,0,0,0,0,0,0,0,0,0,0,0,0,0,0,0,0,0,0,0,0,0,0,0,0,0,0,0,0,0,0,0,0,0,0,0,0,0,0,0,0,0,0,0
-0.19933381,408,0,0,-0.591781216,-1.289734558,-0.019969329,-1.257095269,0.411802675,0.14728001,0.410916099,-1.528064171,-0.621075863,-1.529683344,0.23524912,1.85334179,0.230617677,-1.19377145,0,0,0,0,0,0,0,0,0,0,0,0,0,0,0,0,0,0,0,0,0,0,0,0,0,0,0,0,0,0,0,0,0,1,0,0,0,0,0,0,0,0,0,0,0,0,0,0,0,0,0
0.00910988,415,0,1,1.826848285,0.789267916,1.852062764,0.768445361,-0.279299595,-0.299723713,-0.278883942,-0.338627839,0.667663003,-0.339796337,-0.266492389,-1.002872215,-0.2605349,0.327811105,0,0,0,0,0,0,0,0,0,0,0,0,0,0,0,1,0,0,0,0,0,0,0,0,0,0,0,0,0,0,0,0,0,0,0,0,0,0,0,0,0,0,0,0,0,0,0,0,0,0,0
-0.616221191,510,0,0,-0.591781216,-0.686153195,1.801467302,-0.669326782,-0.994580371,0.743284973,-0.994758898,1.049047883,-1.394319182,1.049919022,0.736990629,-0.594841643,0.735044648,0.327811105,0,0,0,0,0,0,0,0,0,0,0,0,0,0,0,0,0,0,0,0,0,0,0,0,0,0,0,0,0,0,0,0,0,0,0,0,0,0,0,0,0,0,0,0,0,1,0,0,0,0,0
0.113331725,415,0,1,2.339890906,1.12064592,0.536580753,1.091718028,-1.685682642,0.494949571,-1.684558939,0.409368206,0.770762113,0.409559984,-0.768233898,-0.594841643,-0.764961871,0.327811105,0,0,0,0,0,0,0,0,0,0,0,0,0,0,0,0,0,0,0,0,0,0,0,0,0,0,0,0,0,0,0,0,0,0,0,0,0,0,0,0,0,0,0,0,1,0,0,0,0,0,0
0.842884642,408,0,1,2.633058118,-0.112159153,-1.031878569,-0.109816397,0.176062251,0.643950812,0.176241858,0.470679357,-0.672625417,0.468600179,1.382086854,1.037280646,1.385489953,0.327811105,1,0,0,0,0,0,0,0,0,0,0,0,0,0,0,0,0,0,0,0,0,0,0,0,0,0,0,0,0,0,0,0,0,0,0,0,0,0,0,0,0,0,0,0,1,0,0,0,0,0,0
0.790773719,408,0,0,-0.591781216,-1.384413988,-0.272946639,-1.348651514,2.648314397,-2.584409405,2.648617949,1.175757595,0.40991523,1.177082519,-1.305814086,1.037280646,-1.309212024,-0.432980172,0,0,0,0,0,0,0,0,0,0,0,0,0,0,0,0,0,0,0,0,0,0,0,0,1,0,0,0,0,0,0,0,0,0,0,0,0,0,0,0,0,0,0,0,0,0,0,0,0,0,0
0.139387187,510,0,1,1.826848285,-1.934738172,0.99193991,-1.885555419,0.703959612,-0.746727435,0.704851511,-1.025312732,0.667663003,-1.02557091,-0.123137672,-0.186811071,-0.12779096,-0.432980172,0,0,0,0,0,0,1,0,0,0,0,0,0,0,0,0,0,0,0,0,0,0,0,0,0,0,0,0,0,0,0,0,0,0,0,0,0,0,0,0,0,0,0,0,0,0,0,0,0,0,0
0.452052722,415,0,0,-0.591781216,-0.912989328,0.637771677,-0.889739965,-1.605087625,-0.399057873,-1.603963745,1.096053099,1.492455878,1.095334557,-1.55668484,-0.186811071,-1.56142551,-0.432980172,0,0,0,0,0,0,0,0,0,0,0,1,0,0,0,0,0,0,0,0,0,0,0,0,0,0,0,0,0,0,0,0,0,0,0,0,0,0,0,0,0,0,0,0,0,0,0,0,0,0,0
0.634440952,408,0,0,-0.591781216,-0.840007268,-0.323542101,-0.818529552,0.184121752,-0.846061596,0.183353199,0.762929177,0.719212558,0.763801154,-0.589040502,-0.186811071,-0.592394749,-0.432980172,0,0,0,0,0,0,0,0,0,0,0,0,0,0,0,0,0,0,0,0,1,0,0,0,0,0,0,0,0,0,0,0,0,0,0,0,0,0,0,0,0,0,0,0,0,0,0,0,0,0,0
-0.147222888,415,0,0,-0.591781216,0.341513114,-0.627114873,0.332140292,-0.20676408,-1.591067799,-0.207770536,0.221347342,0.203717012,0.223356292,2.098860439,1.445311218,2.102307228,-1.19377145,0,0,0,0,0,0,0,0,0,0,0,0,0,0,0,0,0,0,0,0,0,0,0,0,0,0,0,0,0,0,0,0,0,0,0,0,0,0,0,0,0,0,0,0,0,1,0,0,0,0,0
-0.538054807,415,0,0,-0.591781216,0.363210483,3.01575839,0.353616448,-0.885777098,-0.647393275,-0.885718342,-0.38767676,-1.239670518,-0.389753425,-0.338169747,-0.594841643,-0.340181264,1.088602382,0,0,0,0,0,0,0,0,0,0,0,0,0,0,0,0,0,0,0,0,0,0,0,0,0,0,1,0,0,0,0,0,0,0,0,0,0,0,0,0,0,0,0,0,0,0,0,0,0,0,0
-1.658439643,408,0,0,-0.591781216,0.390825317,0.334198905,0.380744225,0.137779618,0.494949571,0.138314708,-2.394595108,1.18315855,-2.392578501,-0.768233898,-0.186811071,-0.764961871,0.327811105,0,0,0,0,0,1,0,0,0,0,0,0,0,0,0,0,0,0,0,0,0,0,0,0,0,0,0,0,0,0,0,0,0,0,0,0,0,0,0,0,0,0,0,0,0,0,0,0,0,0,0
-0.355666578,415,0,0,-0.591781216,-0.451427109,-0.374137563,-0.439871008,0.305014278,-1.591067799,0.304245989,0.454329717,-1.188120964,0.454975519,-0.947427294,0.629250074,-0.950803387,-0.432980172,0,0,0,0,0,0,0,0,0,0,0,0,0,1,0,0,0,0,0,0,0,0,0,0,0,0,0,0,0,0,0,0,0,0,0,0,0,0,0,0,0,0,0,0,0,0,0,0,0,0,0
-0.824664882,415,0,0,-0.591781216,0.07325473,-0.778901259,0.071035445,0.74425712,-0.001721231,0.745149108,0.550383853,-0.311778535,0.550348142,-0.445685785,0.221219501,-0.446376416,1.088602382,0,1,0,0,0,0,0,0,0,0,0,0,0,0,0,0,0,0,0,0,0,0,0,0,0,0,0,0,0,0,0,0,0,0,0,0,0,0,0,0,0,0,0,0,0,0,0,0,0,0,0
-0.459888423,510,0,0,-0.591781216,-0.932714209,0.99193991,-0.908955473,-1.592998372,0.047945849,-1.592111511,-0.068858773,-0.827274081,-0.067303129,-0.589040502,-1.002872215,-0.592394749,-0.432980172,0,0,0,0,0,1,0,0,0,0,0,0,0,0,0,0,0,0,0,0,0,0,0,0,0,0,0,0,0,0,0,0,0,0,0,0,0,0,0,0,0,0,0,0,0,0,0,0,0,0,0
2.458323243,415,0,0,-0.591781216,-2.297675986,0.384794367,-2.239346835,0.393668797,-0.597726194,0.394322971,-0.348846364,-0.054030762,-0.348879444,-1.843394274,-0.594841643,-1.840187783,-1.19377145,0,0,0,0,0,0,0,0,0,0,0,0,0,0,0,0,0,0,0,0,0,0,0,0,0,0,0,0,0,0,0,0,0,0,0,0,0,0,0,0,0,0,0,0,1,0,0,0,0,0,0
-0.876775804,415,1,1,1.973431891,0.027887503,-2.094383271,0.026952809,0.307029153,0.792952053,0.306616436,0.311270364,0.306816121,0.309645808,2.385569872,-0.186811071,2.381069501,-1.19377145,1,0,0,0,0,0,0,0,1,0,0,0,0,0,0,0,0,0,0,0,0,0,0,0,0,0,0,0,0,0,0,0,0,0,0,0,0,0,0,0,0,0,0,0,0,0,0,0,0,0,0
-0.016945581,510,0,1,1.387097466,-1.226614939,0.081221595,-1.194927448,0.12367549,1.339289936,0.124092027,-0.13630104,0.719212558,-0.135426431,-2.165942387,1.037280646,-2.172047633,1.088602382,0,0,0,0,0,0,0,0,0,0,0,0,0,0,0,0,0,0,0,0,0,0,0,0,0,0,0,0,0,0,0,0,0,0,0,1,0,0,0,0,0,0,0,0,0,0,0,0,0,0,0
0.582330029,415,0,1,1.387097466,0.769543035,-1.082474031,0.749229853,-0.750780445,-1.094396997,-0.75060287,-0.557304278,0.822311667,-0.557790903,1.704634967,-1.410902787,1.704075409,-1.19377145,0,0,0,0,0,0,0,0,0,0,0,0,0,0,0,0,0,0,0,0,0,0,0,0,0,0,0,0,0,0,0,0,0,0,0,0,0,0,0,1,0,0,0,0,0,0,0,0,0,0,0
-1.554217798,415,0,1,2.413182709,0.54467939,-0.272946639,0.529946994,-1.27666293,0.991620374,-1.276842076,-1.744696905,-1.342769628,-1.743136356,-1.55668484,-0.594841643,-1.56142551,-0.432980172,0,0,0,0,0,0,0,0,0,1,0,0,0,0,0,0,0,0,0,0,0,0,0,0,0,0,0,0,0,0,0,0,0,0,0,0,0,0,0,0,0,0,0,0,0,0,0,0,0,0,0
-0.668332114,415,0,0,-0.591781216,-0.573721372,-0.070564791,-0.559685353,2.031762517,-0.846061596,2.032301761,-0.865903739,0.203717012,-0.866616538,-0.768233898,0.221219501,-0.764961871,-1.19377145,0,0,0,0,0,0,0,0,0,0,0,0,0,0,0,0,0,0,0,0,0,0,0,0,0,0,0,0,0,0,0,0,0,0,0,1,0,0,0,0,0,0,0,0,0,0,0,0,0,0,0
-0.642276652,415,1,0,-0.591781216,1.846521547,-1.740215037,1.798170536,1.268124731,1.041287454,1.269017867,-0.733062911,-0.827274081,-0.734911488,0.629474591,1.037280646,0.628849496,-0.432980172,1,0,0,0,0,0,0,0,0,0,0,0,0,0,0,0,0,0,0,0,1,0,0,0,0,0,0,0,0,0,0,0,0,0,0,0,0,0,0,0,0,0,0,0,0,0,0,0,0,0,0
-0.381722039,415,1,0,-0.591781216,1.704502402,0.99193991,1.660271006,-0.376013616,-0.399057873,-0.376072264,0.11098727,0.152167457,0.109817456,0.020217045,-0.186811071,0.018227373,-0.432980172,0,0,0,0,0,0,0,0,0,0,0,0,0,0,1,0,0,0,0,0,0,0,0,0,0,0,0,0,0,0,0,0,0,0,0,0,0,0,0,0,0,0,0,0,0,0,0,0,0,0,0
1.025272871,408,0,0,-0.591781216,-1.31932188,-0.576519411,-1.285353369,-0.885777098,-1.74006904,-0.885718342,0.991824142,-0.775724527,0.990878827,2.170537797,0.629250074,2.168679198,-1.19377145,0,0,0,0,0,0,0,0,0,0,0,0,0,0,0,0,0,0,0,0,0,0,0,0,0,0,0,0,0,0,0,0,0,0,0,0,0,0,1,0,0,0,0,0,0,0,0,0,0,0,0
-0.79860942,415,0,0,-0.591781216,-1.479093418,0.587176215,-1.441338083,-2.386859289,0.19694709,-2.386211214,-0.647227299,0.51301434,-0.648621972,1.991344401,1.037280646,1.996112076,1.088602382,0,0,0,1,0,0,0,0,0,0,0,0,0,0,0,0,0,0,0,0,0,0,0,0,0,0,0,0,0,0,0,0,0,0,0,0,0,0,0,0,0,0,0,0,0,0,0,0,0,0,0
0.452052722,415,0,0,-0.591781216,1.450051435,1.093130834,1.411599723,0.006812715,-1.094396997,0.00794013,-0.117907694,0.40991523,-0.117260217,-0.194815031,1.037280646,-0.19416293,0.327811105,0,0,0,0,0,0,0,0,0,0,0,1,0,0,0,0,0,0,0,0,0,0,0,0,0,0,0,0,0,0,0,0,0,0,0,0,0,0,0,0,0,0,0,0,0,0,0,0,0,0,0
-0.016945581,415,0,1,0.580887633,-0.098351736,-0.424733025,-0.096252508,0.633438972,0.24661417,0.633738105,2.132211554,-0.105580316,2.130808746,-0.481524464,-1.002872215,-0.486199598,-0.432980172,0,0,0,0,0,0,0,0,0,0,0,0,0,0,0,0,0,0,0,0,0,0,0,0,0,0,0,0,0,0,0,1,0,0,0,0,0,0,0,0,0,0,0,0,0,0,0,0,0,0,0
-0.59016573,408,0,0,-0.591781216,-1.828223814,0.081221595,-1.78156561,-0.142288066,-1.789736121,-0.141398023,0.096681335,1.028509886,0.096192795,0.271087799,0.221219501,0.270440859,-1.19377145,0,0,0,0,0,0,0,0,0,0,0,0,0,0,0,0,0,0,0,0,0,0,0,0,0,0,0,0,0,0,0,0,0,0,0,0,0,0,0,0,0,0,0,0,0,0,0,0,1,0,0
0.738662797,415,0,1,1.900140088,0.489449723,-1.082474031,0.476821766,-1.367332324,0.643950812,-1.366919058,-0.224180356,0.873861222,-0.2262575,1.632957609,1.85334179,1.637703439,0.327811105,0,0,0,0,0,0,0,0,0,0,0,0,0,0,0,0,0,0,0,0,1,0,0,0,0,0,0,0,0,0,0,0,0,0,0,0,0,0,0,0,0,0,0,0,0,0,0,0,0,0,0
-2.466158944,408,0,0,-0.591781216,0.923397108,-0.374137563,0.899562946,-0.978461368,1.090954535,-0.97816577,-0.749412551,-0.105580316,-0.748536148,-0.302331068,-0.186811071,-0.300358082,1.088602382,0,0,0,0,0,0,0,0,0,0,0,0,0,0,0,0,0,0,0,0,0,0,0,0,0,0,0,0,0,0,0,0,0,0,0,0,0,1,0,0,0,0,0,0,0,0,0,0,0,0,0
0.165442648,510,1,0,-0.591781216,1.073306205,-0.475328487,1.045374744,-0.756825071,0.24661417,-0.757714211,1.6642031,-0.002481207,1.66302874,-0.087298993,-0.594841643,-0.087967778,-0.432980172,0,0,0,0,0,0,0,0,0,0,0,0,0,0,0,0,0,0,0,0,0,0,0,0,0,0,0,0,0,0,0,0,0,1,0,0,0,0,0,0,0,0,0,0,0,0,0,0,0,0,0
0.165442648,415,1,0,-0.591781216,-0.914961816,0.283603443,-0.892000613,-0.357879737,-0.548059114,-0.357108689,0.818109214,1.18315855,0.818299796,0.952022704,-1.002872215,0.947434952,1.088602382,1,0,1,0,0,0,0,0,0,0,0,0,0,0,0,0,0,0,0,0,0,0,0,0,0,0,0,0,0,0,0,0,0,0,0,0,0,0,0,0,0,0,0,0,0,0,0,0,0,0,0
0.973161949,415,0,0,-0.591781216,-0.903126888,-0.677710335,-0.880697373,-0.690334182,0.494949571,-0.691341698,-0.154694385,2.007951424,-0.153592645,1.847989684,-0.594841643,1.850093742,-0.432980172,0,0,0,0,0,0,0,0,0,0,0,0,0,0,0,0,0,0,0,0,0,0,0,0,0,0,1,0,0,0,0,0,0,0,0,0,0,0,0,0,0,0,0,0,0,0,0,0,0,0,0
0.061220803,510,0,0,-0.591781216,0.004217646,0.182412519,-0.375442539,-1.244424924,-1.491733639,-1.24365582,2.277314611,-0.157129871,2.276138457,-0.194815031,-1.002872215,-0.19416293,-1.19377145,0,0,0,0,0,0,1,0,0,0,0,0,0,0,0,0,0,0,0,0,0,0,0,0,0,0,0,0,0,0,0,0,0,0,0,0,0,0,0,0,0,0,0,0,0,0,0,0,0,0,0
0.3999418,415,0,1,2.633058118,1.004269121,-0.323542101,0.977555303,0.472248938,0.14728001,0.472547717,0.87737666,-1.239670518,0.877339991,0.306926478,-1.002872215,0.310264041,-1.19377145,0,0,0,0,0,0,0,0,0,0,0,0,0,0,0,0,0,0,0,0,0,0,0,0,0,0,0,0,0,0,0,0,0,0,0,0,0,0,0,0,0,0,0,0,1,0,0,0,0,0,0
2.301990475,408,0,0,-0.591781216,0.941149501,-0.829496721,0.916517806,-0.496906141,-0.945395756,-0.496965054,0.10281245,1.028509886,0.100734349,-1.413330123,-0.186811071,-1.415407176,0.327811105,0,0,0,0,0,0,0,0,0,0,1,0,0,0,0,0,0,0,0,0,0,0,0,0,0,0,0,0,0,0,0,0,0,0,0,0,0,0,0,0,0,0,0,0,0,0,0,0,0,0,0
1.572437559,415,0,0,-0.591781216,-2.108317127,0.99193991,-2.053973697,1.338645371,0.991620374,1.337760827,0.437980076,-0.466427199,0.436809305,0.557797233,-1.002872215,0.562477527,0.327811105,0,0,0,0,0,0,0,0,0,0,0,0,0,0,0,0,0,0,0,0,0,0,0,0,0,0,0,0,0,0,0,0,0,1,0,0,0,0,0,0,0,0,0,0,0,0,0,0,0,0,0
-2.59643625,415,0,0,-0.591781216,0.323760721,0.334198905,0.315185432,1.931018746,-0.895728676,1.930372545,0.213172522,-0.466427199,0.214273185,-1.162459369,-1.002872215,-1.16319369,-0.432980172,0,0,0,0,0,0,0,0,0,0,0,0,0,0,0,0,0,0,0,0,0,0,0,0,0,0,0,0,0,0,0,0,0,0,0,0,0,0,0,0,0,0,1,0,0,0,0,0,0,0,0
-0.303555655,408,0,0,-0.591781216,0.343485602,0.485985291,0.33440094,-0.700408559,0.743284973,-0.700823486,0.536077918,0.306816121,0.536723481,0.916184025,-0.594841643,0.920886164,-0.432980172,0,0,0,0,0,0,0,0,1,0,0,0,0,0,0,0,0,0,0,0,0,0,0,0,0,0,0,0,0,0,0,0,0,0,0,0,0,0,0,0,0,0,0,0,0,0,0,0,0,0,0
-0.954942188,408,0,0,-0.591781216,0.787295428,1.295512682,0.766184713,2.068030274,-0.001721231,2.067858464,-0.95173935,-1.806715619,-0.952906054,-0.194815031,0.221219501,-0.19416293,-0.432980172,0,0,0,0,0,0,0,0,0,0,0,0,0,0,0,0,0,0,0,0,0,0,0,0,0,0,0,0,0,0,0,0,0,0,1,0,0,0,0,0,0,0,0,0,0,0,0,0,0,0,0
0.660496413,415,0,1,1.606972875,-0.518491705,-0.525923949,-0.505429801,-0.992565495,-0.150722472,-0.992388451,-0.966045286,-0.157129871,-0.966530715,0.916184025,-0.186811071,0.920886164,1.849393659,1,0,0,0,0,0,0,0,0,0,0,0,0,0,0,0,0,0,0,0,0,0,0,0,0,0,1,0,0,0,0,0,0,0,0,0,0,0,0,0,0,0,0,0,0,0,0,0,0,0,0
0.738662797,415,0,0,-0.591781216,0.716285856,-0.778901259,0.697234948,-0.27728472,0.693617893,-0.276513495,0.196822882,0.461464785,0.196106972,-1.915071632,2.261372362,-1.919834147,0.327811105,0,0,0,0,0,0,0,0,0,0,0,0,1,0,0,0,0,0,0,0,0,0,0,0,0,0,0,0,0,0,0,0,0,0,0,0,0,0,0,0,0,0,0,0,0,0,0,0,0,0,0
0.712607335,510,0,1,1.753556482,0.852387536,1.801467302,0.829482857,1.235886724,-0.995062836,1.235831611,-0.197612191,0.049068348,-0.19900818,0.199410441,-0.186811071,0.204068889,-1.19377145,0,0,0,0,0,0,0,0,0,0,0,0,0,0,0,0,0,0,0,0,0,0,0,0,0,0,0,0,0,0,0,0,0,0,0,0,0,0,0,0,0,0,0,0,0,0,1,0,0,0,0
0.347830877,510,0,0,-0.591781216,0.199493969,0.030626133,0.194240763,-1.067115886,-0.995062836,-1.068242751,-0.579785033,1.080059441,-0.58049867,0.127733082,0.221219501,0.124422525,-0.432980172,0,0,0,0,0,0,0,0,0,0,0,0,0,0,0,0,0,0,0,0,0,0,0,0,0,0,1,0,0,0,0,0,0,0,0,0,0,0,0,0,0,0,0,0,0,0,0,0,0,0,0
-1.319718646,408,0,0,-0.591781216,-0.492849359,0.081221595,-0.480562672,1.961241877,0.395615411,1.961188355,0.186604356,-0.26022898,0.187023865,0.306926478,-0.594841643,0.310264041,-1.19377145,0,0,0,0,0,0,0,0,0,0,0,0,0,0,0,0,0,0,0,0,0,0,0,0,0,0,0,0,0,0,1,0,0,0,0,0,0,0,0,0,0,0,0,0,0,0,0,0,0,0,0
-0.381722039,415,0,0,-0.591781216,-0.853814685,0.182412519,-0.83209344,0.037035846,0.494949571,0.036385492,0.605563889,-0.724174972,0.604846783,0.450281195,-1.410902787,0.456282375,1.088602382,0,0,0,0,0,0,0,0,0,0,0,0,0,0,0,0,0,0,0,0,0,0,0,0,0,0,0,0,0,0,0,0,0,0,0,0,0,0,0,0,0,0,0,0,0,0,0,0,0,1,0
-0.121167426,408,0,0,-0.591781216,-0.181196237,-0.728305797,-0.176505513,1.548192415,-0.597726194,1.548730599,-0.788242947,0.873861222,-0.78941013,0.70115195,0.629250074,0.695221466,-0.432980172,0,0,0,0,0,0,0,0,0,0,0,0,0,1,0,0,0,0,0,0,0,0,0,0,0,0,0,0,0,0,0,0,0,0,0,0,0,0,0,0,0,0,0,0,0,0,0,0,0,0,0
-1.137330417,415,1,1,0.654179436,1.12064592,-0.323542101,1.091718028,-0.756825071,-0.299723713,-0.757714211,0.728186192,0.873861222,0.727468727,0.70115195,-0.594841643,0.695221466,0.327811105,0,0,0,0,0,0,0,0,0,0,0,0,0,0,0,0,0,0,0,0,0,0,0,0,0,0,0,0,0,0,0,0,0,0,0,0,0,0,0,0,0,0,0,0,0,0,0,0,0,1,0
-0.928886727,510,0,0,-0.591781216,-0.508629264,0.840153524,-0.496387209,0.391653921,1.090954535,0.391952524,1.623328999,2.420347861,1.622154758,-0.624879181,-0.594841643,-0.618943537,0.327811105,0,0,0,0,0,0,0,0,0,0,0,0,0,0,0,0,0,0,0,0,0,0,0,0,0,0,0,0,0,0,0,0,0,0,0,1,0,0,0,0,0,0,0,0,0,0,0,0,0,0,0
0.921051026,415,0,0,-0.591781216,1.43427153,-1.335451341,1.396905511,-0.66011105,-0.945395756,-0.660525889,0.965255976,0.51301434,0.963629507,0.163571761,-0.594841643,0.164245707,0.327811105,0,0,0,0,0,0,0,0,0,0,0,0,0,0,0,0,0,0,0,0,1,0,0,0,0,0,0,0,0,0,0,0,0,0,0,0,0,0,0,0,0,0,0,0,0,0,0,0,0,0,0
0.3999418,408,0,0,-0.591781216,0.359265507,-0.829496721,0.349095152,-0.6560813,0.643950812,-0.655784995,0.791541048,2.317248752,0.791050475,0.629474591,0.629250074,0.628849496,-0.432980172,0,0,0,0,0,0,0,0,0,0,0,0,0,0,0,0,0,0,0,0,0,0,0,1,0,0,0,0,0,0,0,0,0,0,0,0,0,0,0,0,0,0,0,0,0,0,0,0,0,0,0
-0.19933381,408,0,0,-0.591781216,-0.538216586,-1.335451341,-0.524645309,1.489761028,-0.597726194,1.489469427,1.044960473,1.028509886,1.045377469,-1.305814086,0.221219501,-1.309212024,1.088602382,0,0,0,0,0,0,0,0,0,0,0,0,0,0,0,0,0,0,0,0,0,0,0,0,0,0,0,0,0,1,0,0,0,0,0,0,0,0,0,0,0,0,0,0,0,0,0,0,0,0,0
-0.016945581,510,0,1,2.339890906,1.138398313,0.233007981,1.108672888,-0.498921016,-0.349390793,-0.499335501,0.188648061,0.51301434,0.187023865,-0.374008427,-0.594841643,-0.380004446,1.088602382,0,0,0,0,0,0,0,0,0,0,0,0,0,0,0,0,0,0,0,0,0,0,0,1,0,0,0,0,0,0,0,0,0,0,0,0,0,0,0,0,0,0,0,0,0,0,0,0,0,0,0
-0.225389272,408,0,0,-0.591781216,1.694639962,-0.930687645,1.65009809,-0.402206996,-1.243398238,-0.402147179,0.204997702,0.667663003,0.205190078,-0.589040502,-1.002872215,-0.592394749,-0.432980172,0,0,0,0,0,0,0,0,0,0,0,0,0,0,0,0,0,0,0,0,0,0,0,0,0,0,0,0,0,0,0,0,0,0,1,0,0,0,0,0,0,0,0,0,0,0,0,0,0,0,0
-0.79860942,415,0,0,-0.591781216,0.347430578,-0.475328487,0.337791912,2.11840216,-0.945395756,2.117637849,-0.614528019,0.255266566,-0.616831098,-1.269975407,0.629250074,-1.269388842,-0.432980172,0,0,0,0,0,0,0,0,0,0,0,1,0,0,0,0,0,0,0,0,0,0,0,0,0,0,0,0,0,0,0,0,0,0,0,0,0,0,0,0,0,0,0,0,0,0,0,0,0,0,0
-2.049271563,408,0,1,0.434304027,0.382935364,-0.019969329,0.372831957,0.425906803,0.14728001,0.42513878,-2.766549425,-0.466427199,-2.764985885,-2.165942387,-1.410902787,-2.172047633,-0.432980172,0,0,0,0,0,0,0,0,0,0,0,0,0,0,0,0,0,0,0,0,0,0,0,0,1,0,0,0,0,0,0,0,0,0,0,0,0,0,0,0,0,0,0,0,0,0,0,0,0,0,0
-1.658439643,415,0,0,-0.591781216,1.065416253,0.688367139,1.037462476,0.145839119,0.445282491,0.145426049,0.237696982,0.049068348,0.236980953,0.629474591,-1.002872215,0.628849496,0.327811105,0,0,0,0,0,0,0,0,0,0,0,0,0,0,0,0,0,0,0,0,0,0,0,0,0,0,0,0,0,0,0,0,0,1,0,0,0,0,0,0,0,0,0,0,0,0,0,0,0,0,0
-1.293663185,415,0,0,-0.591781216,0.067337266,-0.070564791,0.065383825,-0.817271334,0.345948331,-0.816975383,2.263008676,1.080059441,2.262513796,-1.162459369,-0.594841643,-1.16319369,-0.432980172,0,0,0,0,0,0,0,0,0,0,0,0,0,0,0,0,0,0,0,1,0,0,0,0,0,0,0,0,0,0,0,0,0,0,0,0,0,0,0,0,0,0,0,0,0,0,0,0,0,0,0
1.911158556,408,0,0,-0.591781216,-0.794640041,-0.222351177,-0.774446916,-1.153755529,0.395615411,-1.153578839,0.493160112,0.358365676,0.491307947,-0.087298993,0.221219501,-0.087967778,0.327811105,0,0,0,0,0,0,0,0,0,0,0,0,0,0,0,0,0,0,0,0,0,0,0,0,0,0,0,0,0,0,1,0,0,0,0,0,0,0,0,0,0,0,0,0,0,0,0,0,0,0,0
-0.016945581,415,0,0,-0.591781216,0.674863606,0.587176215,0.656543284,1.205663593,-0.001721231,1.205015802,0.668918746,-0.157129871,0.668428532,-0.66071786,-0.594841643,-0.658766719,-0.432980172,1,0,0,0,0,0,0,0,0,0,0,0,0,0,0,0,0,0,0,0,0,0,0,0,0,0,0,0,0,0,0,0,0,0,0,0,0,0,0,0,0,0,0,0,1,0,0,0,0,0,0
-0.016945581,415,0,0,-0.591781216,0.540734414,-1.537833189,0.526556022,-0.011321164,0.743284973,-0.011023445,-0.14038845,-0.002481207,-0.139967985,0.772829308,-1.002872215,0.77486783,-0.432980172,0,0,0,0,0,0,0,0,0,1,0,0,0,0,0,0,0,0,0,0,0,0,0,0,0,0,0,0,0,0,0,0,0,0,0,0,0,0,0,0,0,0,0,0,0,0,0,0,0,0,0
0.868940103,408,0,0,-0.591781216,-0.049039533,-0.475328487,-0.0487789,0.564933208,0.24661417,0.564995146,-0.138344745,0.667663003,-0.139967985,-0.481524464,-0.594841643,-0.486199598,0.327811105,0,0,0,0,0,0,1,0,0,0,0,0,0,0,0,0,0,0,0,0,0,0,0,0,0,0,0,0,0,0,0,0,0,0,0,0,0,0,0,0,0,0,0,0,0,0,0,0,0,0,0
0.191498109,415,0,1,1.973431891,-0.195003654,1.801467302,-0.190069401,-0.543248276,0.047945849,-0.544373992,0.276527378,0.255266566,0.277854934,-0.266492389,1.037280646,-0.2605349,0.327811105,0,0,0,0,0,0,0,0,0,0,0,0,0,0,0,0,0,1,0,0,0,0,0,0,0,0,0,0,0,0,0,0,0,0,0,0,0,0,0,0,0,0,0,0,0,0,0,0,0,0,0
0.061220803,415,0,0,-0.591781216,-0.122021594,-0.880092183,-0.118858989,0.879253774,-1.74006904,0.88026458,0.419586731,-1.755166065,0.418643091,-0.194815031,-1.002872215,-0.19416293,1.088602382,0,0,0,0,0,0,0,0,0,0,0,0,0,0,0,0,0,0,0,0,0,0,0,0,0,0,0,0,0,0,0,0,1,0,0,0,0,0,0,0,0,0,0,0,0,0,0,0,0,0,0
-1.007053111,510,0,0,-0.591781216,-0.390279977,-0.019969329,-0.381094159,-0.573471407,-0.051388311,-0.572819354,1.269768027,0.461464785,1.267913588,-1.664200878,-0.186811071,-1.667620662,-0.432980172,0,0,0,0,0,0,0,0,0,0,0,0,0,0,0,0,0,0,0,0,0,0,0,0,0,0,0,0,1,0,0,0,0,0,0,0,0,0,0,0,0,0,0,0,0,0,0,0,0,0,0
1.59849302,415,0,0,-0.591781216,-1.273954653,-0.576519411,-1.241270732,-0.077812053,0.544616652,-0.077395958,0.231565867,-0.105580316,0.232439399,0.414442516,-0.594841643,0.416459193,0.327811105,0,0,0,0,0,0,0,0,0,0,0,0,0,0,0,0,0,0,0,0,0,0,0,0,0,0,0,0,0,0,0,0,0,1,0,0,0,0,0,0,0,0,0,0,0,0,0,0,0,0,0
-1.528162337,415,0,0,-0.591781216,0.004217646,0.384794367,-1.682097097,0.212330008,0.991620374,0.211798561,-1.47084043,-1.394319182,-1.470643149,1.023700062,0.629250074,1.027081316,-0.432980172,0,0,0,0,0,0,0,0,0,0,0,0,0,1,0,0,0,0,0,0,0,0,0,0,0,0,0,0,0,0,0,0,0,0,0,0,0,0,0,0,0,0,0,0,0,0,0,0,0,0,0
1.416104791,415,0,1,1.093930254,1.26661004,0.587176215,1.23300853,-1.363302574,0.29628125,-1.362178164,0.258134033,1.18315855,0.25968872,1.1312161,2.669402934,1.133276468,0.327811105,0,0,0,0,0,0,0,0,0,0,0,0,0,0,0,0,0,0,0,0,0,0,0,0,0,0,0,0,0,0,0,0,0,0,0,0,1,0,0,0,0,0,0,0,0,0,0,0,0,0,0
-1.684495105,510,0,0,-0.591781216,-1.234504891,-0.323542101,-1.202839716,0.699929861,0.842619133,0.700110617,0.413455616,0.40991523,0.414101538,-0.445685785,-1.002872215,-0.446376416,-1.19377145,0,0,0,0,0,0,0,0,0,0,0,0,1,0,0,0,0,0,0,0,0,0,0,0,0,0,0,0,0,0,0,0,0,0,0,0,0,0,0,0,0,0,0,0,0,0,0,0,0,0,0
1.103439255,415,0,0,-0.591781216,0.860277488,-0.070564791,0.837395125,-0.676230054,1.388957016,-0.677119017,0.039457594,-0.827274081,0.041694154,-2.058426349,-0.186811071,-2.052578087,-1.19377145,1,0,0,0,0,0,0,0,0,0,0,0,0,0,0,0,0,0,0,0,0,0,0,0,0,0,0,0,0,0,0,0,0,0,0,1,0,0,0,0,0,0,0,0,0,0,0,0,0,0,0
-0.511999346,510,0,0,-0.591781216,1.611795461,2.054444612,1.569845085,0.302999403,0.097612929,0.301875542,1.445526661,-0.208679425,1.445034173,-0.804072577,0.629250074,-0.804785053,-0.432980172,1,0,0,0,0,0,0,0,0,0,0,0,1,0,0,0,0,0,0,0,0,0,0,0,0,0,0,0,0,0,0,0,0,0,0,0,0,0,0,0,0,0,0,0,0,0,0,0,0,0,0
0.973161949,510,1,0,-0.591781216,-2.627081501,0.182412519,-2.55922853,-0.295418599,0.693617893,-0.29547707,-0.686057695,-0.26022898,-0.6849544,-0.23065371,-0.186811071,-0.233986112,1.849393659,1,0,0,0,0,0,0,0,1,0,0,0,0,0,0,0,0,0,0,0,0,0,0,0,0,0,0,0,0,0,0,0,0,0,0,0,0,0,0,0,0,0,0,0,0,0,0,0,0,0,0
0.061220803,415,0,1,0.727471239,-0.587528789,-0.829496721,-0.573249241,-0.599664788,-0.796394515,-0.59889427,-0.604309494,0.616113449,-0.603206438,0.450281195,1.037280646,0.456282375,-1.19377145,1,0,0,0,1,0,0,0,0,0,0,0,0,0,0,0,0,0,0,0,0,0,0,0,0,0,0,0,0,0,0,0,0,0,0,0,0,0,0,0,0,0,0,0,0,0,0,0,0,0,0
0.686551874,510,1,0,-0.591781216,1.233077742,0.081221595,1.200229133,0.512546447,-0.995062836,0.512845314,1.040873063,-0.208679425,1.040835915,1.310409496,0.221219501,1.305843589,0.327811105,1,0,0,0,0,0,0,0,0,0,0,0,0,0,0,0,0,0,0,0,0,0,0,0,0,0,0,0,0,0,0,0,0,0,0,0,0,0,0,0,0,0,0,0,0,0,0,0,0,0,1
0.921051026,510,0,0,-0.591781216,1.572345698,-0.070564791,1.531414069,-0.56339703,1.239955775,-0.563337567,1.893098064,-1.136571409,1.894647966,0.163571761,0.629250074,0.164245707,-0.432980172,1,0,0,0,0,0,0,0,0,0,0,0,0,0,0,0,0,0,0,0,0,0,0,0,0,0,0,0,0,0,0,0,0,0,0,0,0,1,0,0,0,0,0,0,0,0,0,0,0,0,0
-0.043001042,415,0,0,-0.591781216,0.842525095,0.081221595,0.820440265,-0.299448349,-0.548059114,-0.300217964,0.748623242,-0.981922745,0.750176494,0.629474591,1.445311218,0.628849496,0.327811105,0,0,0,0,0,0,0,0,0,0,0,0,0,0,0,0,0,0,0,0,0,1,0,0,0,0,0,0,0,0,0,0,0,0,0,0,0,0,0,0,0,0,0,0,0,0,0,0,0,0,0
-0.147222888,415,0,0,-0.591781216,-2.175381723,-1.082474031,-2.11953249,-0.198704578,0.445282491,-0.198288748,0.384843745,0.100617902,0.386852217,-0.481524464,0.221219501,-0.486199598,-1.19377145,0,0,1,0,0,0,0,0,0,0,0,0,0,0,0,0,0,0,0,0,0,0,0,0,0,0,0,0,0,0,0,0,0,0,0,0,0,0,0,0,0,0,0,0,0,0,0,0,0,0,0
0.452052722,408,1,1,0.947346648,-0.457344573,1.093130834,-0.445522628,0.1720325,1.239955775,0.171500964,-0.865903739,-0.981922745,-0.866616538,0.306926478,-0.594841643,0.310264041,1.849393659,1,0,0,0,0,0,0,0,0,0,0,0,0,0,0,0,0,0,0,0,0,1,0,0,0,0,0,0,0,0,0,0,0,0,0,0,0,0,0,0,0,0,0,0,0,0,0,0,0,0,0
0.321775416,415,0,0,-0.591781216,-2.337125748,0.536580753,-2.277777851,-2.183356871,-0.597726194,-2.182352783,-0.074989889,0.719212558,-0.076386236,1.238732138,-0.594841643,1.239471619,2.610184936,1,0,0,0,0,0,0,0,0,0,0,0,0,0,0,0,0,0,0,0,0,0,0,0,0,0,0,0,0,0,0,0,0,0,0,0,0,0,0,0,0,0,0,0,0,0,0,0,0,1,0
0.712607335,408,0,0,-0.591781216,1.292252386,0.587176215,1.257875658,-1.997988332,0.047945849,-1.997457926,-0.996700861,0.822311667,-0.998321589,0.163571761,0.221219501,0.164245707,-1.19377145,0,0,0,0,0,0,0,0,0,0,0,0,0,0,0,0,0,0,0,0,0,0,0,0,0,0,0,0,0,0,0,0,0,0,0,0,0,0,1,0,0,0,0,0,0,0,0,0,0,0,0
0.425997261,408,0,0,-0.591781216,-1.526433132,-0.019969329,-1.487681367,-1.318975314,0.19694709,-1.31951012,-0.027984673,-0.363328089,-0.026429148,1.955505722,2.261372362,1.956288894,1.088602382,0,0,0,0,0,0,0,0,0,0,0,1,0,0,0,0,0,0,0,0,0,0,0,0,0,0,0,0,0,0,0,0,0,0,0,0,0,0,0,0,0,0,0,0,0,0,0,0,0,0,0
-1.371829569,415,0,1,2.046723694,1.010186585,-0.424733025,0.983206923,-0.666155677,1.041287454,-0.665266783,1.40873997,-0.672625417,1.408701746,-0.947427294,-0.186811071,-0.950803387,1.088602382,0,0,0,0,0,0,0,0,0,0,0,0,0,0,0,0,0,0,0,0,0,0,0,0,0,0,1,0,0,0,0,0,0,0,0,0,0,0,0,0,0,0,0,0,0,0,0,0,0,0,0
-0.511999346,510,1,0,-0.591781216,0.941149501,0.233007981,0.916517806,0.218374635,0.991620374,0.218909902,1.167582775,0.667663003,1.167999412,0.593635912,-0.594841643,0.589026314,-1.19377145,0,0,0,0,0,0,0,1,0,0,0,0,0,0,0,0,0,0,0,0,0,0,0,0,0,0,0,0,0,0,0,0,0,0,0,0,0,0,0,0,0,0,0,0,0,0,0,0,0,0,0
1.025272871,408,0,0,-0.591781216,-0.337022798,-0.121160253,-0.329099255,0.111586237,0.445282491,0.112239792,-1.2153773,-1.755166065,-1.216316155,-0.732395219,-1.002872215,-0.738413083,-0.432980172,0,0,0,0,0,0,0,0,0,0,0,0,0,0,0,0,0,0,0,0,0,0,0,0,0,1,0,0,0,0,0,0,0,0,0,0,0,0,0,0,0,0,0,0,0,0,0,0,0,0,0
0.165442648,510,0,1,2.1933073,0.783350452,-0.424733025,0.762793741,-0.406236747,-1.342732398,-0.406888073,-1.98176669,-0.466427199,-1.98383869,0.271087799,-1.410902787,0.270440859,0.327811105,0,0,0,0,0,0,0,0,0,0,0,0,0,0,0,0,0,0,0,0,0,0,0,0,0,0,0,0,0,0,0,0,0,0,0,1,0,0,0,0,0,0,0,0,0,0,0,0,0,0,0
-1.163385879,415,0,0,-0.591781216,-0.83803478,0.536580753,-0.817399228,-0.700408559,0.941953294,-0.700823486,-0.383589349,-1.445868737,-0.385211871,1.453764213,-0.186811071,1.451861923,-0.432980172,0,0,0,0,0,0,0,0,0,0,0,0,0,0,0,0,0,0,0,0,0,0,0,0,1,0,0,0,0,0,0,0,0,0,0,0,0,0,0,0,0,0,0,0,0,0,0,0,0,0,0
1.520326636,415,0,0,-0.591781216,-1.814416397,0.131817057,-1.768001722,1.562296543,-0.150722472,1.56295328,-0.622702839,-0.363328089,-0.621372651,0.091894403,2.261372362,0.097873737,-0.432980172,0,0,0,0,0,0,0,0,0,0,0,0,0,0,0,0,0,0,0,0,0,0,0,0,0,0,0,0,0,0,0,0,0,0,0,0,0,0,0,0,0,0,0,1,0,0,0,0,0,0,0
0.035165342,415,0,0,-0.591781216,1.803126808,-1.031878569,1.756348547,-0.577501158,1.637292418,-0.577560248,-0.65131471,0.255266566,-0.653163526,0.020217045,0.221219501,0.018227373,-0.432980172,0,0,0,0,0,0,0,0,0,0,0,0,0,0,0,0,0,0,0,0,1,0,0,0,0,0,0,0,0,0,0,0,0,0,0,0,0,0,0,0,0,0,0,0,0,0,0,0,0,0,0
0.139387187,408,0,0,-0.591781216,-2.514649679,0.283603443,-2.450717425,0.391653921,0.643950812,0.391952524,-1.814182877,-0.26022898,-1.815801212,0.414442516,-1.002872215,0.416459193,0.327811105,0,0,0,0,0,0,0,0,0,0,0,0,0,0,0,0,0,0,0,0,0,0,0,0,0,0,0,0,0,0,0,0,0,0,0,0,0,0,0,0,1,0,0,0,0,0,0,0,0,0,0
3.239987082,415,0,0,-0.591781216,-0.281793131,0.283603443,-0.274843702,1.471627149,0.445282491,1.470505852,0.182516946,-0.363328089,0.182482311,-0.553201823,-0.594841643,-0.552571568,-1.19377145,1,0,0,0,0,0,0,0,0,0,0,0,0,0,0,0,0,0,0,0,0,0,1,0,0,0,0,0,0,0,0,0,0,0,0,0,0,0,0,0,0,0,0,0,0,0,0,0,0,0,0
-0.381722039,415,0,0,-0.591781216,0.751790642,-0.374137563,0.732274992,0.282850648,-0.250056632,0.282911967,0.564689789,-1.548967846,0.563972802,0.378603837,1.037280646,0.376636011,-1.19377145,0,0,0,0,0,1,0,0,0,0,0,0,0,0,0,0,0,0,0,0,0,0,0,0,0,0,0,0,0,0,0,0,0,0,0,0,0,0,0,0,0,0,0,0,0,0,0,0,0,0,0
-0.016945581,415,0,0,-0.591781216,1.104866015,-1.082474031,1.075893492,-1.284722432,-0.746727435,-1.283953417,0.405280796,-0.157129871,0.405018431,1.095377421,2.261372362,1.093453286,-0.432980172,0,0,0,0,0,0,0,0,0,0,0,0,0,1,0,0,0,0,0,0,0,0,0,0,0,0,0,0,0,0,0,0,0,0,0,0,0,0,0,0,0,0,0,0,0,0,0,0,0,0,0
0.556274568,510,0,1,1.020638451,0.489449723,-0.424733025,0.476821766,-1.230320796,1.041287454,-1.229433139,0.080331694,0.152167457,0.082568135,-0.589040502,0.221219501,-0.592394749,0.327811105,0,0,0,1,0,0,0,0,0,0,0,0,0,0,0,0,0,0,0,0,0,0,0,0,0,0,0,0,0,0,0,0,0,0,0,0,0,0,0,0,0,0,0,0,0,0,0,0,0,0,0
-1.267607724,415,0,1,1.753556482,-0.978081436,-1.639024113,-0.953038109,0.937685161,-1.144064077,0.937155305,1.805218747,-0.672625417,1.803816897,1.167054779,0.221219501,1.173099649,0.327811105,0,0,0,0,0,0,0,0,0,0,0,0,0,0,0,0,0,0,0,0,0,0,0,1,0,0,0,0,0,0,0,0,0,0,0,0,0,0,0,0,0,0,0,0,0,0,0,0,0,0,0
-0.564110269,415,0,1,1.900140088,-1.498818299,-0.019969329,-1.460553591,0.71806374,-1.094396997,0.719074192,1.134883495,0.100617902,1.136208538,1.632957609,-0.186811071,1.637703439,0.327811105,0,0,0,0,0,0,0,0,1,0,0,0,0,0,0,0,0,0,0,0,0,0,0,0,0,0,0,0,0,0,0,0,0,0,0,0,0,0,0,0,0,0,0,0,0,0,0,0,0,0,0
0.894995565,415,0,0,-0.591781216,1.187710516,-0.475328487,1.156146497,-0.474742511,0.19694709,-0.475631033,0.329663709,0.925410777,0.327812022,-1.55668484,-0.594841643,-1.56142551,0.327811105,0,0,0,0,0,0,0,0,0,0,0,0,0,0,0,0,0,0,0,0,0,0,1,0,0,0,0,0,0,0,0,0,0,0,0,0,0,0,0,0,0,0,0,0,0,0,0,0,0,0,0
-1.658439643,415,0,0,-0.591781216,0.225136315,-1.588428651,0.219107891,-1.43986784,0.643950812,-1.440402911,0.13142432,0.873861222,0.132525223,0.952022704,-1.410902787,0.947434952,-1.19377145,0,0,0,0,1,0,0,0,0,0,0,0,0,0,0,0,0,0,0,0,0,0,0,0,0,0,0,0,0,0,0,0,0,0,0,0,0,0,0,0,0,0,0,0,0,0,0,0,0,0,0
1.572437559,415,0,1,2.266599103,0.765598059,-1.234260417,0.74583888,-1.772322285,-0.299723713,-1.772265473,0.082375399,1.080059441,0.082568135,-1.054943331,-0.186811071,-1.056998539,-0.432980172,0,0,0,0,0,0,0,0,0,0,0,0,0,0,0,0,0,0,0,0,0,0,0,1,0,0,0,0,0,0,0,0,0,0,0,0,0,0,0,0,0,0,0,0,0,0,0,0,0,0,0
0.582330029,415,0,0,-0.591781216,-1.00569627,1.295512682,-0.980165886,-1.673593389,-0.299723713,-1.672706704,-0.054552838,1.647104542,-0.053678469,0.199410441,0.221219501,0.204068889,-1.19377145,0,0,0,0,0,0,1,0,0,0,0,0,0,0,0,0,0,0,0,0,0,0,0,0,0,0,0,0,0,0,0,0,0,0,0,0,0,0,0,0,0,0,0,0,0,0,0,0,0,0,0
-0.538054807,415,0,1,2.1933073,1.122618408,-1.588428651,1.092848352,-0.063707925,-1.591067799,-0.063173276,0.172298421,0.100617902,0.173399204,-0.266492389,2.261372362,-0.2605349,0.327811105,0,0,0,0,0,0,0,0,0,0,0,0,0,0,0,0,0,0,0,0,0,0,0,0,0,0,0,0,0,0,0,0,0,0,0,0,0,0,0,0,0,0,0,0,0,0,0,0,0,1,0
-0.173278349,415,0,0,-0.591781216,-1.849921183,0.637771677,-1.803041766,0.524635699,-0.448724953,0.524697549,1.604935654,0.51301434,1.603988545,1.919667042,4.709555794,1.916465712,-1.19377145,0,0,0,0,0,0,0,0,0,0,0,0,0,0,0,0,0,0,0,0,0,0,0,0,0,0,0,0,0,0,0,0,0,0,0,0,0,0,0,0,0,0,0,0,0,0,0,0,0,1,0
0.113331725,415,0,1,1.387097466,-0.759135255,-0.222351177,-0.740537195,-0.664140801,-0.299723713,-0.665266783,1.498662992,0.049068348,1.499532815,0.414442516,-1.002872215,0.416459193,-0.432980172,0,0,0,0,0,0,0,0,0,0,0,0,0,0,0,0,0,0,0,0,0,0,0,0,0,0,0,0,0,1,0,0,0,0,0,0,0,0,0,0,0,0,0,0,0,0,0,0,0,0,0
-0.720443036,415,0,1,1.680264679,0.004217646,0.182412519,0.282406036,-0.496906141,-0.796394515,-0.496965054,0.593301659,0.51301434,0.591222123,0.450281195,-0.594841643,0.456282375,-1.19377145,0,0,0,0,0,0,0,0,0,0,0,0,0,0,0,0,0,0,0,0,0,0,0,0,0,0,0,1,0,0,0,0,0,0,0,0,0,0,0,0,0,0,0,0,0,0,0,0,0,0,0
0.295719955,415,0,0,-0.591781216,-0.238398392,-0.019969329,-0.233021714,-0.930104357,-0.498392034,-0.930756833,1.641722344,0.358365676,1.640320972,2.528924589,-0.594841643,2.527087835,0.327811105,0,0,0,0,0,0,0,0,0,0,0,0,0,0,0,0,0,0,0,0,0,0,0,0,0,0,0,0,0,1,0,0,0,0,0,0,0,0,0,0,0,0,0,0,0,0,0,0,0,0,0
2.041435862,408,0,0,-0.591781216,0.004217646,1.700276378,1.053287012,-0.734661441,-0.299723713,-0.734009742,-0.197612191,-1.445868737,-0.19900818,-1.485007482,-0.186811071,-1.481779146,-0.432980172,0,0,0,0,0,0,0,0,0,0,0,0,0,0,1,0,0,0,0,0,0,0,0,0,0,0,0,0,0,0,0,0,0,0,0,0,0,0,0,0,0,0,0,0,0,0,0,0,0,0,0
-0.016945581,510,0,0,-0.591781216,-0.5027118,-1.133069493,-0.490735589,-0.079826928,-0.746727435,-0.079766404,1.071528638,-0.157129871,1.07262679,-0.051460314,1.85334179,-0.048144596,-0.432980172,0,0,0,0,0,0,0,0,0,0,0,0,0,0,0,0,0,0,0,1,0,0,0,0,0,0,0,0,0,0,0,0,0,0,0,0,0,0,0,0,0,0,0,0,0,0,0,0,0,0,0
0.686551874,415,0,1,0.434304027,-0.719685493,-0.070564791,-0.702106179,-0.619813542,-0.448724953,-0.620228292,0.419586731,-1.188120964,0.418643091,0.486119874,-1.410902787,0.482831163,-0.432980172,0,0,0,1,0,0,0,0,0,0,0,0,0,0,0,0,0,0,0,0,0,0,0,0,0,0,0,0,0,0,0,0,0,0,0,0,0,0,0,0,0,0,0,0,0,0,0,0,0,0,0
0.556274568,415,1,1,2.339890906,0.724175808,-1.031878569,0.705147216,0.988057047,-0.498392034,0.986934689,-0.310015968,-0.054030762,-0.308005463,0.880345346,-0.186811071,0.881062982,-0.432980172,0,0,0,0,0,0,0,0,0,0,0,0,0,0,0,0,0,0,0,0,0,0,0,0,0,0,0,0,0,0,0,0,0,0,0,0,0,0,0,0,0,1,0,0,0,0,0,0,0,0,0
-1.762661489,510,0,1,1.973431891,-0.350830215,-0.778901259,-0.342663143,-0.996595246,-0.895728676,-0.997129345,-0.205787011,1.595554987,-0.208091286,-0.624879181,-1.002872215,-0.618943537,-0.432980172,0,0,0,0,0,0,0,0,0,0,0,0,0,0,0,0,0,0,0,0,0,0,0,0,0,0,1,0,0,0,0,0,0,0,0,0,0,0,0,0,0,0,0,0,0,0,0,0,0,0,0
-0.173278349,408,0,0,-0.591781216,-1.202945081,-0.525923949,-1.172320968,0.089422608,-2.137405682,0.088535324,-0.590003558,-0.002481207,-0.589581777,0.056055724,0.629250074,0.058050555,1.088602382,0,0,0,0,0,0,0,0,0,0,0,0,0,0,0,0,0,0,0,0,0,0,0,0,0,0,0,0,0,0,0,0,0,0,0,0,0,0,0,0,0,0,0,0,0,0,1,0,0,0,0
-0.016945581,408,0,0,-0.591781216,-0.011562259,1.143726296,-0.011478207,-0.081841804,1.587625337,-0.082136851,-0.293666328,0.822311667,-0.294380802,-0.015621635,2.261372362,-0.021595808,-0.432980172,0,0,0,0,0,0,0,0,0,0,0,0,0,0,0,0,0,0,0,0,0,0,0,0,0,0,0,0,0,0,0,0,0,0,0,0,0,0,0,0,0,0,0,0,1,0,0,0,0,0,0
0.139387187,415,0,0,-0.591781216,-0.626978551,-0.171755715,-0.611680258,0.174047375,-0.051388311,0.173871411,-0.796417767,-1.0334723,-0.798493236,-0.517363143,0.221219501,-0.512748386,0.327811105,0,0,0,0,0,0,0,0,0,0,0,1,0,0,0,0,0,0,0,0,0,0,0,0,0,0,0,0,0,0,0,0,0,0,0,0,0,0,0,0,0,0,0,0,0,0,0,0,0,0,0
1.233716562,415,0,1,2.1933073,0.582156664,0.485985291,0.566117363,-1.693742143,-1.342732398,-1.694040726,-1.869362913,0.255266566,-1.870299853,2.242215155,-0.186811071,2.248325562,0.327811105,0,0,0,0,0,0,0,1,0,0,0,0,0,0,0,0,0,0,0,0,0,0,0,0,0,0,0,0,0,0,0,0,0,0,0,0,0,0,0,0,0,0,0,0,0,0,0,0,0,0,0
0.504163645,415,0,1,1.533681072,1.274499993,2.00384915,1.240920798,2.450856605,-0.548059114,2.451870858,-0.700363631,-0.878823636,-0.69857906,0.127733082,0.629250074,0.124422525,-1.19377145,0,0,0,0,0,0,0,0,0,0,0,0,0,0,0,0,0,0,0,0,0,0,0,0,0,0,0,0,0,0,0,0,0,0,0,0,0,0,0,0,0,0,0,0,0,0,0,0,1,0,0
-0.251444733,415,0,1,1.900140088,-0.086516807,-0.222351177,-0.084949268,1.24193135,1.090954535,1.242942952,-1.168372084,-1.239670518,-1.166359067,-1.664200878,2.669402934,-1.667620662,-0.432980172,0,0,0,0,0,0,0,0,0,0,0,0,0,0,0,0,0,0,0,0,0,0,0,0,0,0,0,0,0,0,0,0,0,0,0,0,0,0,0,0,0,0,0,0,1,0,0,0,0,0,0
-0.381722039,510,0,0,-0.591781216,-0.57569386,-0.424733025,-0.560815677,-1.619191753,-0.250056632,-1.618186426,1.43326443,-0.208679425,1.431409513,-0.445685785,-1.002872215,-0.446376416,-0.432980172,0,0,0,0,0,0,0,0,0,0,0,0,0,0,0,0,0,0,0,0,0,0,0,0,0,0,0,0,0,0,0,0,0,0,0,0,0,0,0,0,0,0,0,0,0,0,0,1,0,0,0
-0.59016573,415,0,1,1.24051386,0.349403066,-1.386046803,0.34005256,1.914899742,0.643950812,1.913779417,0.217259932,-1.394319182,0.218814739,1.059538742,-1.002872215,1.053630104,-1.19377145,0,0,0,0,0,0,0,0,0,0,0,0,0,0,0,0,0,0,0,0,0,0,0,0,0,0,0,0,0,0,0,0,0,0,0,0,0,0,0,0,0,1,0,0,0,0,0,0,0,0,0
-0.173278349,510,0,0,-0.591781216,0.004217646,1.801467302,-0.311014071,-1.147710903,0.544616652,-1.148837945,1.069484933,-0.930373191,1.068085236,0.844506666,0.221219501,0.8412398,-0.432980172,0,0,0,0,0,0,0,0,0,0,0,0,0,0,0,0,0,0,0,0,0,0,0,0,0,0,1,0,0,0,0,0,0,0,0,0,0,0,0,0,0,0,0,0,0,0,0,0,0,0,0
-0.407777501,415,0,0,-0.591781216,1.128535872,-0.374137563,1.098499972,-0.059678174,0.643950812,-0.060802829,2.20782864,-1.136571409,2.208015155,0.414442516,1.037280646,0.416459193,0.327811105,1,0,0,0,0,0,0,0,0,0,0,0,0,0,0,0,0,0,0,0,0,0,0,0,0,0,0,0,0,0,0,1,0,0,0,0,0,0,0,0,0,0,0,0,0,0,0,0,0,0,0
-0.303555655,415,0,0,-0.591781216,-1.920930756,-1.183664955,-1.871991531,-0.674215178,-0.995062836,-0.67474857,-0.130169925,-1.548967846,-0.130884878,-1.090782011,-0.186811071,-1.096821721,-0.432980172,0,0,0,0,0,0,1,0,0,0,0,0,0,0,0,0,0,0,0,0,0,0,0,0,0,0,0,0,0,0,0,0,0,0,0,0,0,0,0,0,0,0,0,0,0,0,0,0,0,0,0
0.712607335,415,0,0,-0.591781216,0.716285856,0.536580753,0.697234948,-0.946223361,0.743284973,-0.947349961,0.529946803,-1.342769628,0.532181928,0.880345346,-0.186811071,0.881062982,-0.432980172,0,0,0,0,0,0,0,0,0,0,0,0,0,0,0,0,0,0,0,0,0,0,0,0,0,0,0,0,0,0,0,0,0,0,0,0,0,0,0,0,0,0,0,0,0,1,0,0,0,0,0
0.373886338,415,1,0,-0.591781216,0.006190134,0.941344448,0.005476653,-0.037514544,1.289622856,-0.037098361,0.327620004,-1.548967846,0.327812022,0.772829308,-0.594841643,0.77486783,-0.432980172,0,0,0,0,0,0,0,0,0,0,0,0,0,0,0,0,0,0,0,0,0,0,0,0,0,0,0,1,0,0,0,0,0,0,0,0,0,0,0,0,0,0,0,0,0,0,0,0,0,0,0
-0.016945581,415,0,0,-0.591781216,-0.709823052,-2.296765119,-0.691933263,-0.555337528,0.395615411,-0.556226226,0.777235113,-0.26022898,0.777425815,-1.59252352,0.629250074,-1.587974298,-0.432980172,0,0,0,0,0,0,0,0,0,0,0,0,0,0,0,0,0,0,0,0,0,0,0,0,0,0,0,0,0,0,0,0,0,0,0,0,0,0,0,0,0,0,0,0,0,0,0,0,0,0,0
-0.668332114,415,0,1,2.266599103,0.365182971,0.334198905,0.354746772,1.606623802,1.587625337,1.605621324,-1.460621905,-1.394319182,-1.461560042,0.378603837,1.037280646,0.376636011,-0.432980172,0,0,0,0,0,0,0,0,0,0,0,0,0,0,0,0,0,0,0,0,1,0,0,0,0,0,0,0,0,0,0,0,0,0,0,0,0,0,0,0,0,0,0,0,0,0,0,0,0,0,0
-0.485943885,415,0,1,1.533681072,-0.313352941,-1.183664955,-0.305362451,-1.325019941,0.594283732,-1.324251014,-2.48860554,-0.26022898,-2.487951124,-0.517363143,-1.002872215,-0.512748386,0.327811105,0,0,0,0,0,0,0,0,0,0,0,0,0,0,0,0,0,0,0,0,0,0,0,0,0,0,0,0,1,0,0,0,0,0,0,0,0,0,0,0,0,0,0,0,0,0,0,0,0,0,0
-0.355666578,510,0,0,-0.591781216,0.193576505,0.637771677,0.188589143,0.085392857,-0.001721231,0.086164877,0.421630436,-0.363328089,0.423184645,1.1312161,-0.594841643,1.133276468,-0.432980172,0,0,0,0,0,0,0,0,0,0,0,0,0,0,0,1,0,0,0,0,0,0,0,0,0,0,0,0,0,0,0,0,0,0,0,0,0,0,0,0,0,0,0,0,0,0,0,0,0,0,0
0.373886338,415,0,1,1.313805663,-0.482986919,0.485985291,-0.47152008,0.609260467,1.637292418,0.610033636,1.237068747,-0.002481207,1.236122714,-2.058426349,-0.186811071,-2.052578087,-1.19377145,0,0,0,0,0,0,0,0,0,0,0,0,0,0,0,0,0,0,0,0,0,0,1,0,0,0,0,0,0,0,0,0,0,0,0,0,0,0,0,0,0,0,0,0,0,0,0,0,0,0,0
0.530219106,415,1,1,2.633058118,1.467803828,1.346108144,1.429684908,-0.412281373,0.395615411,-0.411628967,-0.099514349,1.492455878,-0.099094003,-0.553201823,-0.186811071,-0.552571568,1.088602382,0,0,0,0,0,0,0,0,0,0,0,0,0,0,0,0,0,0,0,0,0,0,0,0,0,0,0,0,0,0,0,0,0,0,0,0,0,0,0,0,0,0,0,0,0,0,1,0,0,0,0
-1.215496801,510,0,1,1.826848285,-1.335101785,-0.525923949,-1.301177905,0.147853995,0.594283732,0.147796496,-1.037574962,-0.878823636,-1.03919557,0.378603837,-0.186811071,0.376636011,0.327811105,0,0,0,0,0,0,0,0,0,0,0,0,0,0,0,0,0,0,0,0,0,0,0,0,0,0,0,0,0,0,0,0,0,0,0,0,0,0,0,0,0,0,0,0,0,0,0,0,0,1,0
-0.147222888,415,0,0,-0.591781216,0.369127947,0.637771677,0.359268068,0.710004238,2.1836303,0.709592405,2.545039972,-0.054030762,2.544090111,-0.051460314,-0.594841643,-0.048144596,-1.19377145,0,0,0,0,0,0,1,0,0,0,0,0,0,0,0,0,0,0,0,0,0,0,0,0,0,0,0,0,0,0,0,0,0,0,0,0,0,0,0,0,0,0,0,0,0,0,0,0,0,0,0
-0.016945581,408,0,1,1.24051386,0.787295428,-0.070564791,0.766184713,0.196211005,-0.051388311,0.195205433,0.850808494,-0.621075863,0.85009067,1.274570817,1.445311218,1.279294801,0.327811105,0,0,0,0,0,0,0,0,0,0,0,0,0,0,0,0,0,0,0,0,0,0,0,0,0,0,0,0,0,0,0,0,0,0,0,0,0,1,0,0,0,0,0,0,0,0,0,0,0,0,0
-1.137330417,415,0,0,-0.591781216,-0.19894863,-0.222351177,-0.194590697,0.685825733,0.594283732,0.685887936,1.723470546,-0.878823636,1.722068935,0.342765158,-0.186811071,0.336812829,-1.19377145,0,0,0,0,0,0,0,0,0,0,0,0,0,0,0,0,0,0,0,0,0,0,0,0,0,0,0,0,0,0,0,0,0,0,0,0,0,0,0,0,0,0,0,0,0,0,1,0,0,0,0
0.087276264,408,1,0,-0.591781216,-0.380417537,-1.386046803,-0.370921243,1.878631984,0.14728001,1.878222714,2.156736014,-0.517976753,2.158058067,0.844506666,0.221219501,0.8412398,1.849393659,0,0,0,0,0,0,0,0,0,0,0,0,0,0,0,0,0,0,0,0,0,0,0,0,0,0,0,0,0,0,0,0,0,0,0,0,0,0,0,1,0,0,0,0,0,0,0,0,0,0,0
-0.459888423,415,0,1,0.874054845,-1.670424765,-0.576519411,-1.627841544,-0.66011105,-0.399057873,-0.660525889,-0.009591327,-1.085021854,-0.008262934,0.342765158,-1.002872215,0.336812829,-1.19377145,0,0,0,0,0,0,0,0,0,0,0,0,0,0,0,0,0,0,0,0,0,0,0,0,0,0,0,0,0,0,0,0,0,0,0,0,0,0,0,1,0,0,0,0,0,0,0,0,0,0,0
1.051328332,415,0,0,-0.591781216,-0.386335001,-0.677710335,-0.376572863,1.129098327,0.991620374,1.129161502,1.40873997,0.358365676,1.408701746,-1.162459369,-1.410902787,-1.16319369,0.327811105,0,0,0,0,0,0,0,0,0,0,0,0,0,0,0,0,0,0,0,0,0,0,0,0,0,0,0,0,0,0,0,0,1,0,0,0,0,0,0,0,0,0,0,0,0,0,0,0,0,0,0
-0.147222888,415,0,0,-0.591781216,0.294173399,0.688367139,0.285797008,0.6475431,0.29628125,0.647960786,-0.565479098,-0.414877644,-0.56687401,-2.309297104,-1.002872215,-2.304791572,1.088602382,0,1,0,0,0,0,0,0,0,0,0,0,0,0,0,0,0,0,0,0,0,0,0,0,0,0,0,0,0,0,0,0,0,0,0,0,0,0,0,0,0,0,0,0,0,0,0,0,0,0,0
2.171713169,415,0,0,-0.591781216,0.004217646,-1.386046803,1.08945738,1.745650206,0.991620374,1.745477689,-0.185349961,-0.311778535,-0.185383519,1.274570817,-0.186811071,1.279294801,-0.432980172,1,0,0,0,0,0,0,0,0,0,0,0,0,0,0,0,0,0,0,0,0,0,0,0,0,0,1,0,0,0,0,0,0,0,0,0,0,0,0,0,0,0,0,0,0,0,0,0,0,0,0
-0.694387575,408,0,0,-0.591781216,-0.445509645,-0.272946639,-0.434219388,0.250612641,-3.180414368,0.249725711,1.621285294,-1.188120964,1.622154758,-0.947427294,-0.594841643,-0.950803387,0.327811105,0,0,0,0,0,0,1,0,0,0,0,0,0,0,0,0,0,0,0,0,0,0,0,0,0,0,0,0,0,0,0,0,0,0,0,0,0,0,0,0,0,0,0,0,0,0,0,0,0,0,0
-0.876775804,415,0,0,-0.591781216,0.002245158,1.24491722,0.002085681,-0.553322653,-0.697060355,-0.553855779,1.465963711,-0.157129871,1.467741941,0.23524912,-0.186811071,0.230617677,-1.19377145,0,0,0,0,0,0,0,0,0,0,0,0,0,0,0,0,0,0,0,0,0,0,0,0,0,0,0,0,0,0,0,0,0,0,0,0,0,0,0,0,0,0,1,0,0,0,0,0,0,0,0
0.087276264,415,1,0,-0.591781216,-0.621061087,0.384794367,-0.606028638,-0.783018451,0.643950812,-0.783789126,1.190063531,0.152167457,1.19070718,0.271087799,-0.186811071,0.270440859,-1.19377145,0,0,0,0,0,0,0,0,0,0,0,0,0,1,0,0,0,0,0,0,0,0,0,0,0,0,0,0,0,0,0,0,0,0,0,0,0,0,0,0,0,0,0,0,0,0,0,0,0,0,0
-0.016945581,415,0,0,-0.591781216,-1.193082641,-0.627114873,-1.163278376,-0.652051549,0.494949571,-0.651044101,0.074200579,0.976960331,0.073485028,0.70115195,0.629250074,0.695221466,1.849393659,1,0,0,0,0,0,0,0,0,0,0,0,0,0,0,0,0,0,0,0,0,0,0,0,0,0,0,0,0,0,1,0,0,0,0,0,0,0,0,0,0,0,0,0,0,0,0,0,0,0,0
1.390049329,408,0,1,1.973431891,0.004217646,0.081221595,0.850959014,-0.174526073,-0.051388311,-0.174584279,-0.775980717,-0.002481207,-0.775785469,-0.23065371,-1.002872215,-0.233986112,-1.19377145,0,0,0,0,0,0,0,0,0,0,0,0,0,0,0,0,0,0,0,0,0,0,0,0,0,0,0,0,1,0,0,0,0,0,0,0,0,0,0,0,0,0,0,0,0,0,0,0,0,0,0
0.425997261,415,0,0,-0.591781216,0.100869564,-0.880092183,0.098163222,0.965893417,0.047945849,0.965600667,-1.389092229,0.667663003,-1.388895186,-0.23065371,1.445311218,-0.233986112,-0.432980172,0,0,0,0,0,0,0,0,0,0,0,0,0,0,0,0,1,0,0,0,0,0,0,0,0,0,0,0,0,0,0,0,0,0,0,0,0,0,0,0,0,0,0,0,0,0,0,0,0,0,0
0.764718258,408,0,0,-0.591781216,-0.066791926,2.00384915,-0.06573376,0.006812715,0.19694709,0.00794013,-0.800505177,1.18315855,-0.798493236,0.378603837,0.221219501,0.376636011,-0.432980172,0,0,0,0,0,0,0,0,0,0,0,0,0,0,0,0,0,0,0,0,0,1,0,0,0,0,0,0,0,0,0,0,0,0,0,0,0,0,0,0,0,0,0,0,0,0,0,0,0,0,0
-0.016945581,415,0,0,-0.591781216,1.223215302,0.7389626,1.191186541,-0.648021798,1.637292418,-0.648673654,-0.639052479,1.131608995,-0.639538865,0.306926478,-1.002872215,0.310264041,0.327811105,0,0,0,0,0,0,0,0,0,0,0,0,0,0,0,0,0,0,0,0,0,0,0,0,0,0,0,0,0,0,0,0,0,0,0,0,0,0,0,1,0,0,0,0,0,0,0,0,0,0,0
-0.016945581,510,0,1,2.1933073,0.887892322,1.042535372,0.864522902,1.88064686,1.537958257,1.880593161,1.817480978,-2.012913838,1.817441557,-0.158976351,0.629250074,-0.154339748,-1.19377145,0,0,0,0,0,0,0,0,0,0,0,0,0,0,0,0,0,0,0,0,0,0,0,0,0,0,0,0,0,0,0,0,0,0,0,0,0,0,0,0,0,0,0,0,0,0,0,0,1,0,0
1.259772023,510,0,0,-0.591781216,0.54467939,0.7389626,0.529946994,-0.045574046,-0.895728676,-0.046580148,-1.777396186,-0.878823636,-1.779468784,-0.589040502,-0.186811071,-0.592394749,-0.432980172,0,0,0,0,0,0,0,0,0,0,0,0,0,0,0,0,0,0,0,0,0,0,0,0,0,0,0,1,0,0,0,0,0,0,0,0,0,0,0,0,0,0,0,0,0,0,0,0,0,0,0
-1.866883334,408,0,0,-0.591781216,0.337568138,-0.981283107,0.32874932,-0.658096175,0.494949571,-0.658155442,-1.399310754,-0.105580316,-1.397978293,0.880345346,1.037280646,0.881062982,0.327811105,0,0,0,0,0,0,0,0,0,0,0,0,0,0,0,0,0,0,0,0,0,0,0,0,0,0,0,0,0,0,0,0,0,0,0,1,0,0,0,0,0,0,0,0,0,0,0,0,0,0,0
0.790773719,510,0,0,-0.591781216,-1.356799154,-1.335451341,-1.322654061,-1.713890897,-0.498392034,-1.713004301,-0.216005536,0.719212558,-0.217174393,1.991344401,1.85334179,1.996112076,-0.432980172,0,0,0,0,0,0,0,0,0,0,0,0,0,0,0,0,0,0,0,0,0,0,0,0,0,0,0,0,0,0,0,0,0,0,0,0,0,0,0,0,0,0,0,0,0,0,0,0,0,0,1
1.363993868,510,0,0,-0.591781216,0.004217646,2.25682646,-1.098849907,1.463567647,0.14728001,1.463394511,-0.066815068,-1.497418292,-0.067303129,-0.804072577,-0.594841643,-0.804785053,0.327811105,0,0,0,0,0,0,0,0,0,0,0,0,0,0,0,0,0,0,0,0,0,0,0,0,0,0,0,0,0,0,0,1,0,0,0,0,0,0,0,0,0,0,0,0,0,0,0,0,0,0,0
-0.433832962,510,0,0,-0.591781216,0.931287061,2.206230998,0.90634489,0.018901968,1.090954535,0.019792364,-1.448359675,1.080059441,-1.447935381,1.059538742,0.221219501,1.053630104,0.327811105,0,0,0,0,0,0,0,0,0,0,0,0,0,0,0,0,0,0,0,0,0,0,0,0,0,0,0,0,1,0,0,0,0,0,0,0,0,0,0,0,0,0,0,0,0,0,0,0,0,0,0
0.842884642,510,0,0,-0.591781216,0.144264302,-1.790810499,0.13998521,-1.194053038,1.388957016,-1.193876436,0.758841767,0.40991523,0.759259601,-0.087298993,1.445311218,-0.087967778,0.327811105,0,0,0,0,0,0,0,0,0,0,0,0,0,0,0,0,0,0,0,0,0,0,0,0,0,0,0,0,0,0,0,0,0,0,0,0,0,0,0,0,0,0,0,0,0,0,0,0,1,0,0
-0.355666578,415,0,0,-0.591781216,0.004217646,0.030626133,0.482473386,-0.799137455,-0.995062836,-0.798011808,1.729601661,-0.569526308,1.731152042,-0.266492389,-0.594841643,-0.2605349,-1.19377145,0,0,0,0,0,0,0,0,0,0,0,0,0,0,0,0,0,0,0,0,0,0,0,0,0,0,0,0,0,0,0,0,0,0,1,0,0,0,0,0,0,0,0,0,0,0,0,0,0,0,0
-0.746498498,415,0,0,-0.591781216,-0.27193069,0.688367139,-0.26580111,0.710004238,-0.150722472,0.709592405,0.184560651,1.028509886,0.182482311,0.629474591,0.221219501,0.628849496,0.327811105,0,0,0,0,0,0,0,0,0,0,0,0,0,0,0,0,0,0,0,0,0,0,0,0,1,0,0,0,0,0,0,0,0,0,0,0,0,0,0,0,0,0,0,0,0,0,0,0,0,0,0
-0.928886727,510,0,1,1.533681072,0.004217646,0.182412519,-0.41500388,2.44884173,-0.945395756,2.449500411,0.182516946,-0.208679425,0.182482311,-0.481524464,0.629250074,-0.486199598,-0.432980172,0,0,0,0,0,0,0,0,0,0,0,0,0,0,0,0,0,0,0,0,0,0,0,1,0,0,0,0,0,0,0,0,0,0,0,0,0,0,0,0,0,0,0,0,0,0,0,0,0,0,0
-0.694387575,415,0,0,-0.591781216,0.897754763,-0.374137563,0.873565494,0.29091015,0.991620374,0.290023308,0.832415149,-0.26022898,0.831924456,-0.409847106,-1.002872215,-0.406553234,0.327811105,0,0,0,0,0,1,0,0,0,0,0,0,0,0,0,0,0,0,0,0,0,0,0,0,0,0,0,0,0,0,0,0,0,0,0,0,0,0,0,0,0,0,0,0,0,0,0,0,0,0,0
-0.016945581,408,0,0,-0.591781216,-0.400142418,-1.082474031,-0.390136751,-0.426385501,-0.597726194,-0.425851648,-0.67992658,-1.497418292,-0.680412846,-0.194815031,-1.002872215,-0.19416293,3.370976214,1,0,0,0,0,0,0,0,0,0,0,0,0,0,0,0,0,0,0,0,1,0,0,0,0,0,0,0,0,0,0,0,0,0,0,0,0,0,0,0,0,0,0,0,0,0,0,0,0,0,0
-0.850720343,510,0,0,-0.591781216,0.004217646,-0.272946639,-0.134683525,-1.240395173,-0.498392034,-1.241285373,-0.547085753,-0.054030762,-0.548707796,0.521958554,-1.410902787,0.522654345,0.327811105,0,0,1,0,0,0,0,0,0,0,0,0,0,0,0,0,0,0,0,0,0,0,0,0,0,0,0,0,0,0,0,0,0,0,0,0,0,0,0,0,0,0,0,0,0,0,0,0,0,0,0
-0.850720343,415,0,0,-0.591781216,0.850415048,-0.070564791,0.828352533,-0.500935892,-0.746727435,-0.501705948,0.019020543,0.564563894,0.018986387,0.271087799,-0.594841643,0.270440859,1.088602382,0,0,0,0,0,0,0,0,0,0,0,0,0,0,0,0,0,0,0,0,0,0,0,0,0,0,0,0,0,0,0,0,0,0,0,0,0,0,0,0,0,0,1,0,0,0,0,0,0,0,0
-1.215496801,415,1,0,-0.591781216,0.678808582,-1.183664955,0.66106458,0.802688508,-0.299723713,0.802039833,-0.248704817,-1.291220073,-0.248965268,-0.051460314,-0.594841643,-0.048144596,-0.432980172,0,0,0,0,0,0,0,0,1,0,0,0,0,0,0,0,0,0,0,0,0,0,0,0,0,0,0,0,0,0,0,0,0,0,0,0,0,0,0,0,0,0,0,0,0,0,0,0,0,0,0
0.165442648,408,0,0,-0.591781216,-0.901154399,0.182412519,-0.878436725,-0.527129272,-0.299723713,-0.527780864,2.248702741,-1.085021854,2.248889136,-1.054943331,-0.594841643,-1.056998539,1.088602382,0,0,0,0,0,0,0,0,0,0,0,0,0,0,0,0,0,0,0,0,0,0,0,0,0,0,0,0,0,0,0,0,0,0,0,0,0,0,0,0,0,0,0,0,0,0,0,0,1,0,0
1.885103094,510,0,0,-0.591781216,2.211431848,2.155635536,2.154222599,0.274791147,1.686959498,0.275800627,-1.019181617,0.976960331,-1.021029356,-0.123137672,-1.002872215,-0.12779096,-1.19377145,1,0,0,0,0,0,0,0,0,0,0,0,0,0,0,0,0,0,0,0,0,0,0,1,0,0,0,0,0,0,0,0,0,0,0,0,0,0,0,0,0,0,0,0,0,0,0,0,0,0,0
0.243609032,408,0,0,-0.591781216,0.84844256,-0.323542101,0.826091885,-1.911348689,-0.101055392,-1.912121839,0.280614788,-1.136571409,0.282396487,1.167054779,-0.186811071,1.173099649,-0.432980172,0,0,0,0,0,0,0,0,0,0,0,0,0,0,0,0,0,0,0,0,0,0,0,0,1,0,0,0,0,0,0,0,0,0,0,0,0,0,0,0,0,0,0,0,0,0,0,0,0,0,0
0.035165342,510,0,0,-0.591781216,-0.102296712,-1.082474031,-0.09964348,0.728138117,1.786293658,0.72855598,1.41691479,0.51301434,1.417784853,-0.624879181,0.221219501,-0.618943537,-1.19377145,0,0,0,0,0,0,0,0,0,0,0,0,0,0,0,0,0,0,0,0,0,0,0,0,0,0,0,0,0,0,0,0,0,0,0,0,0,0,0,0,0,0,0,0,0,1,0,0,0,0,0
-0.251444733,408,0,1,1.680264679,1.840604082,-1.133069493,1.792518915,0.298969652,-0.101055392,0.299505096,-1.96950446,0.719212558,-1.97021403,-0.23065371,-1.002872215,-0.233986112,-0.432980172,0,0,0,0,0,0,0,0,0,0,0,0,0,0,0,0,0,0,0,0,0,0,0,0,0,0,0,0,0,0,0,0,0,0,0,0,1,0,0,0,0,0,0,0,0,0,0,0,0,0,0
-0.954942188,415,1,0,-0.591781216,0.899727251,1.700276378,0.875826142,-1.862991679,-0.647393275,-1.862342454,-1.256251401,1.647104542,-1.257190136,2.528924589,1.85334179,2.527087835,-0.432980172,1,0,0,0,0,0,1,0,0,0,0,0,0,0,0,0,0,0,0,0,0,0,0,0,0,0,0,0,0,0,0,0,0,0,0,0,0,0,0,0,0,0,0,0,0,0,0,0,0,0,0
1.963269478,415,0,1,1.093930254,2.04179787,1.49789453,1.98806497,-0.766899448,-1.293065318,-0.767195998,-0.477599781,0.203717012,-0.476042941,-1.090782011,0.629250074,-1.096821721,-0.432980172,0,0,0,0,0,0,0,0,0,0,0,0,0,0,0,0,0,0,0,0,0,0,0,0,0,0,0,0,0,0,0,0,0,0,0,0,0,0,0,0,0,0,1,0,0,0,0,0,0,0,0
-0.433832962,510,0,1,0.287720421,-1.774966635,-0.677710335,-1.729570706,-1.25046955,-1.342732398,-1.250767161,-0.720800681,0.719212558,-0.721286828,0.163571761,-1.002872215,0.164245707,-0.432980172,0,0,0,0,0,0,0,0,0,0,0,0,0,0,0,0,0,0,0,0,0,0,0,0,0,0,0,0,0,0,0,0,0,0,0,0,0,0,0,0,0,0,0,0,0,0,0,0,1,0,0
0.973161949,510,0,0,-0.591781216,-1.03725608,0.081221595,-1.010684634,0.947759538,0.29628125,0.946637092,0.13551173,-1.291220073,0.137066777,-1.879232953,-0.594841643,-1.880010965,1.088602382,0,0,0,0,0,0,0,0,0,0,0,0,0,0,0,0,0,0,0,0,0,0,0,0,0,0,0,0,0,0,0,0,0,0,0,0,0,0,0,0,0,1,0,0,0,0,0,0,0,0,0
0.00910988,415,0,1,1.460389269,-1.45542356,1.599085454,-1.418731602,0.62537947,0.345948331,0.624256317,1.639678639,1.028509886,1.640320972,0.163571761,0.221219501,0.164245707,-0.432980172,0,0,0,0,0,0,0,0,0,0,0,0,0,0,0,0,0,0,0,0,0,0,0,0,0,0,0,0,1,0,0,0,0,0,0,0,0,0,0,0,0,0,0,0,0,0,0,0,0,0,0
0.921051026,408,0,0,-0.591781216,-0.737437886,-1.082474031,-0.719061039,-0.859583717,0.643950812,-0.859643426,-0.481687191,-1.291220073,-0.480584494,-1.520846161,2.669402934,-1.521602328,0.327811105,0,0,0,0,0,0,0,0,0,0,0,0,0,0,0,0,0,0,0,0,0,0,0,0,0,0,0,0,0,0,0,0,0,0,0,0,0,0,0,0,0,0,0,0,0,1,0,0,0,0,0
0.269664493,510,0,0,-0.591781216,0.229081291,-1.031878569,0.222498863,-1.252484425,-0.299723713,-1.253137608,0.91825076,0.358365676,0.918213972,-1.377491444,-0.594841643,-1.375583994,0.327811105,0,0,0,0,0,0,0,0,0,0,0,0,0,0,0,0,0,0,0,0,0,0,0,0,0,0,0,0,0,0,0,0,0,0,0,0,0,0,0,0,0,0,0,0,1,0,0,0,0,0,0
0.816829181,408,0,1,2.046723694,0.438165032,-0.374137563,0.425957185,-0.8938366,-1.243398238,-0.892829683,-1.425878919,-0.414877644,-1.425227614,1.238732138,0.221219501,1.239471619,-1.19377145,0,0,0,0,0,0,0,0,0,0,0,0,0,0,0,0,0,0,0,1,0,0,0,0,0,0,0,0,0,0,0,0,0,0,0,0,0,0,0,0,0,0,0,0,0,0,0,0,0,0,0
0.712607335,415,0,0,-0.591781216,1.333674636,-0.475328487,1.298567322,-0.361909488,-1.988404442,-0.361849583,-1.18267802,0.616113449,-1.184525281,1.59711893,-1.002872215,1.597880257,1.088602382,0,0,0,0,0,0,0,0,0,0,0,0,0,0,0,0,0,0,0,0,0,0,0,0,0,0,0,0,0,0,0,0,0,0,0,0,0,0,0,0,0,1,0,0,0,0,0,0,0,0,0
-0.225389272,408,0,1,2.1933073,1.233077742,-0.222351177,1.200229133,-0.825330835,2.1836303,-0.82645717,0.182516946,0.40991523,0.182482311,-0.481524464,-1.410902787,-0.486199598,-0.432980172,0,1,0,0,0,0,0,0,0,0,0,0,0,0,0,0,0,0,0,0,0,0,0,0,0,0,0,0,0,0,0,0,0,0,0,0,0,0,0,0,0,0,0,0,0,0,0,0,0,0,0
2.510434166,415,1,0,-0.591781216,-1.033311103,-1.031878569,-1.007293662,0.435981181,0.743284973,0.436991014,-0.555260573,-0.26022898,-0.55324935,1.238732138,0.221219501,1.239471619,2.610184936,1,1,0,0,0,0,0,0,0,0,0,0,0,0,0,0,0,0,0,0,0,0,0,0,0,0,0,0,0,0,0,0,0,0,0,0,0,0,0,0,0,0,0,0,0,0,0,0,0,0,0
-0.043001042,415,0,1,1.826848285,-0.011562259,-0.374137563,-0.011478207,0.758361248,0.097612929,0.759371789,-0.722844386,-0.208679425,-0.721286828,0.127733082,-1.410902787,0.124422525,0.327811105,0,0,0,0,0,0,0,0,0,0,0,0,0,0,0,0,0,0,0,0,0,0,0,0,0,0,0,0,0,0,0,0,0,0,0,0,0,0,0,0,1,0,0,0,0,0,0,0,0,0,0
0.139387187,415,0,1,1.680264679,0.349403066,1.24491722,0.34005256,-1.556730614,0.494949571,-1.556554808,-1.746740611,0.049068348,-1.74767791,0.736990629,-0.186811071,0.735044648,1.088602382,0,0,0,0,0,0,0,0,0,1,0,0,0,0,0,0,0,0,0,0,0,0,0,0,0,0,0,0,0,0,0,0,0,0,0,0,0,0,0,0,0,0,0,0,0,0,0,0,0,0,0
-0.59016573,415,0,0,-0.591781216,0.264586077,-0.778901259,0.257538907,-0.575486283,0.24661417,-0.575189801,-1.460621905,0.976960331,-1.461560042,-0.015621635,-1.410902787,-0.021595808,-1.19377145,0,0,0,0,0,0,0,0,0,0,0,0,0,0,0,0,0,0,0,0,0,0,0,0,0,0,0,0,0,0,0,0,0,0,0,0,0,0,0,0,0,0,0,0,1,0,0,0,0,0,0
-0.069056504,408,0,0,-0.591781216,-0.15752638,-0.070564791,-0.153899033,-0.521084646,-0.647393275,-0.520669523,-0.234398882,1.544005432,-0.235340607,-0.875749935,0.629250074,-0.871157023,-0.432980172,0,0,0,0,0,0,0,0,0,0,0,0,0,0,0,0,0,0,0,0,0,0,0,0,0,0,0,0,0,0,0,0,0,0,1,0,0,0,0,0,0,0,0,0,0,0,0,0,0,0,0
-2.17954887,408,0,1,1.973431891,0.371100436,1.143726296,0.361528716,1.409166011,-1.293065318,1.408874233,0.180473241,1.544005432,0.182482311,-0.768233898,2.261372362,-0.764961871,-0.432980172,0,0,0,0,0,0,0,0,0,0,0,0,0,0,0,0,0,0,0,0,0,0,0,0,0,1,0,0,0,0,0,0,0,0,0,0,0,0,0,0,0,0,0,0,0,0,0,0,0,0,0
-1.163385879,415,0,1,1.167222057,-1.143770438,-0.677710335,-1.114674443,-0.335716107,-1.193731157,-0.335774667,1.339253998,-0.105580316,1.340578444,0.880345346,-0.594841643,0.881062982,-0.432980172,0,0,0,0,0,0,0,0,0,0,0,0,0,0,0,0,0,0,0,0,0,0,0,0,0,0,0,0,0,0,1,0,0,0,0,0,0,0,0,0,0,0,0,0,0,0,0,0,0,0,0
-0.433832962,415,0,0,-0.591781216,-0.976108948,0.233007981,-0.951907785,1.558266792,-1.988404442,1.558212386,2.132211554,-1.342769628,2.130808746,1.346248175,0.629250074,1.345666771,0.327811105,0,0,0,0,0,0,0,0,0,0,0,0,0,0,0,0,0,0,0,0,0,0,0,0,0,0,0,0,0,0,0,0,0,0,0,0,0,0,0,0,0,0,0,0,0,1,0,0,0,0,0
-0.147222888,510,0,0,-0.591781216,0.467752353,-0.222351177,0.455345609,-0.646006922,-1.938737361,-0.646303208,-0.573653918,0.255266566,-0.571415563,1.238732138,-0.594841643,1.239471619,0.327811105,0,0,0,0,0,0,0,0,0,0,0,0,0,0,0,0,0,0,0,0,0,0,0,0,0,0,0,0,0,0,0,0,0,0,0,0,0,0,0,0,0,0,0,0,0,0,1,0,0,0,0
-0.642276652,510,1,0,-0.591781216,1.209407885,0.99193991,1.177622653,0.627394346,-0.200389552,0.626626764,0.39097486,-1.70361651,0.39139377,-0.123137672,-1.410902787,-0.12779096,-0.432980172,1,0,0,0,0,0,0,0,0,0,0,0,0,0,0,0,0,0,0,0,0,0,0,0,0,0,0,0,0,0,0,0,0,1,0,0,0,0,0,0,0,0,0,0,0,0,0,0,0,0,0
-0.19933381,415,0,0,-0.591781216,-0.749272815,-0.272946639,-0.730364279,0.4097878,-0.001721231,0.410916099,0.531990508,-1.497418292,0.532181928,-0.015621635,-0.594841643,-0.021595808,-1.19377145,0,0,0,0,0,0,0,0,0,0,0,0,0,0,0,0,0,0,0,0,0,0,0,0,0,0,0,0,0,0,0,0,0,0,0,0,0,0,0,0,0,0,0,0,0,0,0,0,0,1,0
-0.459888423,408,0,0,-0.591781216,-0.885374495,-0.222351177,-0.862612188,-0.674215178,-1.094396997,-0.67474857,-0.808679998,1.18315855,-0.807576343,-0.911588615,0.221219501,-0.910980205,0.327811105,0,0,0,0,0,0,0,0,0,0,0,0,0,0,0,0,0,0,0,0,0,0,0,0,0,0,0,0,0,0,0,0,0,0,0,0,0,0,0,0,0,0,0,0,0,0,0,1,0,0,0
0.582330029,415,0,0,-0.591781216,-0.327160358,0.941344448,-0.318926339,0.982012421,-2.435408164,0.982193795,-0.67175176,-1.188120964,-0.67132974,-0.445685785,2.261372362,-0.446376416,-0.432980172,0,0,0,0,0,0,0,0,0,0,0,0,0,0,0,0,1,0,0,0,0,0,0,0,0,0,0,0,0,0,0,0,0,0,0,0,0,0,0,0,0,0,0,0,0,0,0,0,0,0,0
-0.954942188,408,0,0,-0.591781216,-0.674318266,0.789558062,-0.656893218,0.558888581,0.494949571,0.557883805,1.478225941,-0.466427199,1.476825048,-0.481524464,1.445311218,-0.486199598,-0.432980172,0,0,0,0,0,0,0,0,0,0,0,0,0,0,0,0,0,0,0,0,0,0,0,0,0,0,0,0,0,0,0,0,0,0,0,0,0,0,0,0,0,0,0,0,0,0,1,0,0,0,0
0.243609032,510,0,0,-0.591781216,-0.94257665,-0.374137563,-0.919128389,1.451478394,0.29628125,1.451542277,-0.16900032,0.255266566,-0.167217305,-1.12662069,-0.186811071,-1.123370509,-0.432980172,0,0,0,0,0,1,0,0,0,0,0,0,0,0,0,0,0,0,0,0,0,0,0,0,0,0,0,0,0,0,0,0,0,0,0,0,0,0,0,0,0,0,0,0,0,0,0,0,0,0,0
-1.39788503,415,0,1,1.606972875,0.333623161,-0.374137563,0.324228024,0.820822387,1.984961979,0.821003408,0.509509753,0.925410777,0.50947416,0.952022704,-0.186811071,0.947434952,0.327811105,0,0,0,0,0,0,0,0,0,0,0,0,0,0,0,0,0,0,0,0,0,0,0,0,0,0,0,0,0,0,0,0,0,0,0,0,0,0,0,0,0,0,1,0,0,0,0,0,0,0,0
0.373886338,510,0,0,-0.591781216,-1.577717823,0.334198905,-1.537415624,-1.119502647,-0.200389552,-1.120392583,-1.055968307,-0.054030762,-1.057361784,1.382086854,-0.186811071,1.385489953,0.327811105,0,0,0,0,0,0,0,0,0,0,0,0,0,0,0,0,0,1,0,0,0,0,0,0,0,0,0,0,0,0,0,0,0,0,0,0,0,0,0,0,0,0,0,0,0,0,0,0,0,0,0
-0.824664882,415,0,0,-0.591781216,-0.71179554,-0.627114873,-0.694193911,-1.185993536,-0.697060355,-1.186765095,-0.14447586,-0.878823636,-0.144509538,0.199410441,0.221219501,0.204068889,1.088602382,0,0,0,0,0,0,0,0,0,0,0,0,0,0,0,0,0,0,0,0,0,0,0,0,0,0,0,0,0,0,0,0,0,0,0,0,0,0,1,0,0,0,0,0,0,0,0,0,0,0,0
-0.016945581,415,0,0,-0.591781216,-2.108317127,0.334198905,-2.053973697,-0.287359097,0.14728001,-0.288365729,-0.526648702,0.51301434,-0.526000029,0.091894403,-0.186811071,0.097873737,1.088602382,0,0,0,0,0,0,0,0,0,0,0,0,0,0,0,0,0,0,0,0,0,0,0,1,0,0,0,0,0,0,0,0,0,0,0,0,0,0,0,0,0,0,0,0,0,0,0,0,0,0,0
-0.277500194,408,0,1,2.266599103,-1.674369741,-0.576519411,-1.631232517,0.371505167,-0.448724953,0.370618502,-0.074989889,-1.806715619,-0.076386236,0.414442516,0.221219501,0.416459193,-0.432980172,0,0,0,0,0,0,0,0,0,0,0,0,0,0,0,0,0,0,0,0,0,0,0,0,0,0,0,0,0,0,0,0,0,0,0,0,0,0,0,0,0,0,0,0,0,0,0,0,0,0,1
1.911158556,415,0,1,0.50759583,0.830690167,2.155635536,0.809137025,0.200240756,0.743284973,0.199946327,0.423674141,0.461464785,0.423184645,0.772829308,1.85334179,0.77486783,-0.432980172,0,0,0,0,0,0,0,0,0,0,0,0,0,0,0,0,0,0,0,0,0,0,0,0,0,0,0,0,0,0,0,0,0,0,0,0,0,0,1,0,0,0,0,0,0,0,0,0,0,0,0
-0.564110269,415,0,0,-0.591781216,1.747897141,0.688367139,1.702092995,-0.305492976,0.544616652,-0.304958858,1.298379898,-0.621075863,1.299704463,-1.413330123,1.037280646,-1.415407176,-0.432980172,1,0,0,0,0,0,0,0,0,0,0,0,0,0,0,0,0,0,0,0,0,0,0,0,0,0,0,0,0,0,0,0,0,0,0,0,0,0,1,0,0,0,0,0,0,0,0,0,0,0,0
-0.043001042,415,0,0,-0.591781216,-1.266064701,-1.284855879,-1.233358464,0.351356413,0.544616652,0.351654927,1.100140509,-0.105580316,1.09987611,0.450281195,1.037280646,0.456282375,4.131767491,1,0,0,0,0,0,0,0,0,0,0,0,0,0,0,0,0,0,0,0,0,0,0,0,0,0,0,0,0,0,0,0,0,0,0,0,0,0,0,0,0,0,0,0,0,0,1,0,0,0,0
0.347830877,415,0,0,-0.591781216,0.004217646,-0.019969329,0.430478481,-0.099975682,0.097612929,-0.101100426,1.854267668,1.028509886,1.853773985,1.095377421,0.221219501,1.093453286,0.327811105,0,0,0,0,0,0,0,0,0,0,0,0,0,1,0,0,0,0,0,0,0,0,0,0,0,0,0,0,0,0,0,0,0,0,0,0,0,0,0,0,0,0,0,0,0,0,0,0,0,0,0
1.051328332,510,0,0,-0.591781216,0.708395903,0.637771677,0.68932268,-0.001246787,-0.945395756,-0.001541658,-0.966045286,0.358365676,-0.966530715,0.772829308,0.629250074,0.77486783,-0.432980172,0,0,0,0,0,0,0,0,0,0,0,0,0,0,0,0,0,0,0,0,0,0,0,0,0,0,0,0,0,0,0,0,0,0,0,0,0,0,1,0,0,0,0,0,0,0,0,0,0,0,0
0.816829181,408,0,0,-0.591781216,-0.193031166,0.334198905,-0.188939077,0.176062251,1.041287454,0.176241858,0.10281245,-1.085021854,0.100734349,0.450281195,-1.002872215,0.456282375,-0.432980172,0,0,0,0,0,0,0,0,0,0,0,0,0,0,0,0,0,0,0,0,0,0,0,0,0,0,0,0,0,0,0,0,1,0,0,0,0,0,0,0,0,0,0,0,0,0,0,0,0,0,0
0.842884642,510,0,0,-0.591781216,0.434220055,-0.778901259,0.422566213,-0.629887919,0.792952053,-0.629710079,1.741863891,-1.0334723,1.740235148,-1.520846161,-0.186811071,-1.521602328,-1.19377145,0,0,0,0,0,0,0,0,0,1,0,0,0,0,0,0,0,0,0,0,0,0,0,0,0,0,0,0,0,0,0,0,0,0,0,0,0,0,0,0,0,0,0,0,0,0,0,0,0,0,0
0.842884642,408,0,0,-0.591781216,0.81688275,1.649680916,0.795573137,-0.815256458,1.984961979,-0.814604936,-0.802548882,-0.827274081,-0.80303479,-0.66071786,-0.594841643,-0.658766719,1.849393659,0,0,0,0,0,0,0,0,0,0,0,0,0,0,0,0,0,0,0,0,0,0,0,0,0,0,0,0,0,0,0,0,0,0,0,0,0,0,0,0,0,0,0,1,0,0,0,0,0,0,0
-0.016945581,510,0,1,1.753556482,0.769543035,0.840153524,0.749229853,-1.72598015,-1.938737361,-1.724856536,-0.171044025,-0.775724527,-0.171758859,-0.302331068,0.221219501,-0.300358082,0.327811105,0,0,0,0,0,0,0,0,0,0,0,0,0,0,0,0,0,0,0,0,0,0,0,0,0,0,0,0,0,0,0,0,0,0,0,0,0,0,0,0,0,0,0,0,0,0,1,0,0,0,0
1.025272871,415,0,0,-0.591781216,-1.171385271,0.384794367,-1.141802219,0.800673632,-0.796394515,0.799669386,0.313314069,-1.342769628,0.314187362,-0.911588615,-0.594841643,-0.910980205,1.849393659,1,0,0,0,0,0,0,0,0,0,0,0,0,0,0,0,0,0,0,0,0,0,0,0,0,0,0,0,0,0,0,0,0,0,0,0,0,1,0,0,0,0,0,0,0,0,0,0,0,0,0
1.129494716,510,0,0,-0.591781216,1.949090929,-0.272946639,1.898769373,0.806718259,-0.498392034,0.806780727,-1.656817589,-0.517976753,-1.656846841,0.486119874,0.221219501,0.482831163,-0.432980172,1,0,0,0,0,0,0,0,0,1,0,0,0,0,0,0,0,0,0,0,0,0,0,0,0,0,0,0,0,0,0,0,0,0,0,0,0,0,0,0,0,0,0,0,0,0,0,0,0,0,0
-1.99716064,408,0,1,1.533681072,1.116700944,0.233007981,1.087196732,-0.198704578,0.693617893,-0.198288748,-1.472884135,0.255266566,-1.470643149,-1.090782011,-1.002872215,-1.096821721,1.088602382,0,0,0,0,0,0,0,0,0,0,0,0,0,1,0,0,0,0,0,0,0,0,0,0,0,0,0,0,0,0,0,0,0,0,0,0,0,0,0,0,0,0,0,0,0,0,0,0,0,0,0
-1.215496801,415,0,0,-0.591781216,1.856383987,0.637771677,1.808343452,-1.63329588,2.779635264,-1.632409108,1.359691049,0.873861222,1.358744658,0.521958554,-0.594841643,0.522654345,-0.432980172,0,0,0,0,0,0,0,0,0,0,0,0,0,0,0,0,0,0,0,0,1,0,0,0,0,0,0,0,0,0,0,0,0,0,0,0,0,0,0,0,0,0,0,0,0,0,0,0,0,0,0
-1.319718646,408,0,0,-0.591781216,-0.958356555,1.447299068,-0.933822601,-0.809211832,-0.299723713,-0.809864042,0.11916209,-0.621075863,0.118900563,-1.664200878,1.85334179,-1.667620662,2.610184936,1,0,0,0,0,0,0,0,0,0,0,0,0,0,0,0,0,0,0,0,0,0,0,0,0,0,0,0,0,0,0,0,0,0,0,0,0,0,0,0,0,0,0,0,0,0,0,0,0,1,0
-0.225389272,415,0,1,1.093930254,-0.242343369,-0.880092183,-0.236412686,1.16738096,1.438624096,1.167088652,-1.73039097,0.51301434,-1.729511696,0.342765158,-0.594841643,0.336812829,1.849393659,0,0,0,0,0,0,0,0,0,0,0,0,0,1,0,0,0,0,0,0,0,0,0,0,0,0,0,0,0,0,0,0,0,0,0,0,0,0,0,0,0,0,0,0,0,0,0,0,0,0,0
-0.121167426,408,0,0,-0.591781216,0.355320531,-1.639024113,0.34570418,1.00417605,-2.336074003,1.003527817,-0.406070105,-1.70361651,-0.407919639,0.091894403,-0.594841643,0.097873737,1.088602382,0,0,0,0,0,0,0,0,0,0,0,0,0,0,0,0,0,0,0,0,0,0,0,0,0,0,0,0,0,0,0,0,0,1,0,0,0,0,0,0,0,0,0,0,0,0,0,0,0,0,0
0.035165342,408,0,0,-0.591781216,-0.102296712,-1.386046803,-0.09964348,0.262701894,0.693617893,0.261577946,-0.743281436,0.822311667,-0.743994595,0.020217045,0.221219501,0.018227373,1.849393659,0,0,0,0,0,0,0,0,0,0,0,0,0,0,0,0,0,0,0,0,0,0,0,0,0,0,0,0,0,0,0,0,0,0,0,0,0,0,0,0,1,0,0,0,0,0,0,0,0,0,0
-0.043001042,415,0,0,-0.591781216,0.400687757,-1.740215037,0.389786817,-1.869036305,0.19694709,-1.869453795,0.666875041,-0.930373191,0.668428532,0.414442516,-1.002872215,0.416459193,1.088602382,0,0,0,0,0,0,0,0,0,0,0,0,0,0,0,0,0,0,0,0,0,0,0,0,0,0,0,0,0,1,0,0,0,0,0,0,0,0,0,0,0,0,0,0,0,0,0,0,0,0,0
-1.684495105,510,0,1,1.24051386,-0.530326634,0.485985291,-0.516733041,0.849030643,-1.64073488,0.84944877,-1.096842408,-1.342769628,-1.098235765,-0.409847106,-1.002872215,-0.406553234,-0.432980172,0,0,0,0,0,0,0,0,0,0,0,0,0,0,0,0,0,0,0,0,0,1,0,0,0,0,0,0,0,0,0,0,0,0,0,0,0,0,0,0,0,0,0,0,0,0,0,0,0,0,0
-0.79860942,510,0,0,-0.591781216,-0.982026412,0.081221595,-0.957559405,0.161958123,1.637292418,0.162019177,0.619869825,-0.363328089,0.618471443,1.453764213,-0.594841643,1.451861923,-0.432980172,0,0,0,0,0,0,0,0,0,0,0,0,0,0,0,0,0,0,0,0,0,0,1,0,0,0,0,0,0,0,0,0,0,0,0,0,0,0,0,0,0,0,0,0,0,0,0,0,0,0,0
0.217553571,415,1,0,-0.591781216,1.749869629,-0.778901259,1.704353643,-1.008684499,1.537958257,-1.008981579,1.978933676,-0.827274081,1.980937482,-0.194815031,1.445311218,-0.19416293,0.327811105,1,0,0,1,0,0,0,0,0,0,0,0,0,0,0,0,0,0,0,0,0,0,0,0,0,0,0,0,0,0,0,0,0,0,0,0,0,0,0,0,0,0,0,0,0,0,0,0,0,0,0
-0.016945581,415,0,0,-0.591781216,0.173851624,2.610994694,0.169373634,-1.055026634,0.743284973,-1.05402007,-0.434681975,-0.621075863,-0.43516896,1.776312326,0.221219501,1.770447378,0.327811105,0,0,0,1,0,0,0,0,0,0,0,0,0,0,0,0,0,0,0,0,0,0,0,0,0,0,0,0,0,0,0,0,0,0,0,0,0,0,0,0,0,0,0,0,0,0,0,0,0,0,0
-0.538054807,510,0,0,-0.591781216,-0.589501277,1.143726296,-0.574379565,1.52401391,-1.243398238,1.52502613,0.824240329,-1.291220073,0.822841349,0.23524912,1.037280646,0.230617677,0.327811105,0,0,0,0,0,0,0,0,0,0,0,0,0,0,0,0,0,0,0,1,0,0,0,0,0,0,0,0,0,0,0,0,0,0,0,0,0,0,0,0,0,0,0,0,0,0,0,0,0,0,0
-0.016945581,510,0,0,-0.591781216,-1.258174749,-0.677710335,-1.22657652,-1.800530541,-2.187072763,-1.800710836,-0.630877659,-1.188120964,-0.630455758,-1.12662069,-0.186811071,-1.123370509,-0.432980172,0,0,0,0,0,0,0,0,0,0,0,0,0,0,0,0,0,0,0,0,0,0,0,0,0,0,0,0,0,0,0,0,0,0,0,0,0,0,0,0,1,0,0,0,0,0,0,0,0,0,0
-1.319718646,510,0,0,-0.591781216,-0.946521626,0.384794367,-0.922519361,0.319118406,0.14728001,0.318468671,-0.101558054,1.337807214,-0.103635557,0.271087799,0.221219501,0.270440859,-0.432980172,0,0,0,0,0,0,0,0,0,0,0,0,0,0,0,0,0,0,0,0,0,0,0,0,0,0,0,0,0,0,0,0,0,0,0,0,0,0,0,0,0,0,0,0,0,0,0,0,0,1,0
0.113331725,415,0,0,-0.591781216,-1.544185525,-2.650933353,-1.504636227,-0.837420088,0.941953294,-0.838309404,1.188019826,-2.425310275,1.186165626,0.70115195,-1.002872215,0.695221466,-0.432980172,0,0,0,0,0,0,0,0,0,0,0,0,0,0,0,0,0,0,0,0,0,0,0,0,0,1,0,0,0,0,0,0,0,0,0,0,0,0,0,0,0,0,0,0,0,0,0,0,0,0,0
0.321775416,415,0,1,1.093930254,-0.605281182,0.182412519,-0.590204102,0.707989363,-1.64073488,0.707221958,0.014933133,-1.239670518,0.014444833,-0.266492389,0.221219501,-0.2605349,1.849393659,0,0,0,0,0,0,0,0,0,0,0,0,0,0,0,0,0,0,0,0,0,0,0,0,0,0,0,0,0,0,0,0,0,0,0,0,0,0,0,0,0,0,0,0,0,1,0,0,0,0,0
0.269664493,415,0,1,2.046723694,-1.634919979,1.143726296,-1.5928015,-0.605709414,0.24661417,-0.606005611,-0.716713271,-0.775724527,-0.716745274,1.1312161,-0.186811071,1.133276468,0.327811105,0,0,0,0,0,0,0,0,0,0,0,0,0,0,0,0,0,0,0,0,0,0,0,0,0,1,0,0,0,0,0,0,0,0,0,0,0,0,0,0,0,0,0,0,0,0,0,0,0,0,0
1.572437559,408,0,0,-0.591781216,-1.42386375,1.042535372,-1.38708253,1.1230537,-2.683743565,1.122050161,0.942775221,1.595554987,0.940921739,0.844506666,-0.594841643,0.8412398,0.327811105,0,0,0,0,0,0,0,0,0,0,0,0,0,0,0,0,0,0,0,0,0,0,0,0,0,0,0,0,0,0,0,0,1,0,0,0,0,0,0,0,0,0,0,0,0,0,0,0,0,0,0
-0.79860942,415,0,0,-0.591781216,1.04766386,-0.272946639,1.020507615,2.07004515,0.544616652,2.070228911,1.114446444,0.203717012,1.113500771,0.952022704,1.037280646,0.947434952,-1.19377145,1,0,0,0,0,0,0,0,0,0,0,0,0,0,0,0,0,0,0,0,0,0,0,0,0,0,0,0,0,0,0,0,0,0,0,0,0,0,0,0,0,0,0,1,0,0,0,0,0,0,0
-0.095111965,415,0,1,2.559766315,-1.155605366,0.233007981,-1.125977683,1.199618966,0.743284973,1.200274908,0.435936371,-0.002481207,0.436809305,-0.696556539,0.221219501,-0.698589901,1.088602382,0,0,0,0,0,0,0,0,0,0,0,1,0,0,0,0,0,0,0,0,0,0,0,0,0,0,0,0,0,0,0,0,0,0,0,0,0,0,0,0,0,0,0,0,0,0,0,0,0,0,0
0.764718258,510,0,0,-0.591781216,-1.092485747,-1.537833189,-1.064940187,1.411180886,-0.051388311,1.41124468,0.785409933,-0.878823636,0.786508922,-2.416813141,0.629250074,-2.410986724,-1.19377145,0,0,0,0,0,0,0,0,0,0,0,0,0,0,0,0,0,0,0,0,0,0,0,0,0,0,0,0,0,0,0,0,0,0,0,0,0,0,0,0,0,0,0,0,0,0,0,1,0,0,0
-0.225389272,415,0,0,-0.591781216,-0.433674716,0.030626133,-0.422916148,1.973331129,-0.001721231,1.973040589,0.323532594,-0.054030762,0.323270468,1.274570817,-0.594841643,1.279294801,-0.432980172,0,0,0,0,0,0,0,0,0,0,0,0,0,0,0,0,0,0,0,0,0,0,0,0,0,0,0,0,0,0,0,0,0,0,0,0,0,0,0,0,0,0,0,0,0,0,0,0,1,0,0
0.478108184,408,0,0,-0.591781216,-1.092485747,-1.639024113,-1.064940187,0.129720116,-0.597726194,0.128832921,-0.892471904,-0.363328089,-0.893865859,1.632957609,-1.410902787,1.637703439,-1.19377145,0,0,0,0,0,1,0,0,0,0,0,0,0,0,0,0,0,0,0,0,0,0,0,0,0,0,0,0,0,0,0,0,0,0,0,0,0,0,0,0,0,0,0,0,0,0,0,0,0,0,0
0.373886338,415,0,0,-0.591781216,2.10491749,1.24491722,2.05023279,0.10151186,-1.293065318,0.100387558,-0.197612191,2.111050534,-0.19900818,-1.198298048,0.629250074,-1.203016872,-0.432980172,1,0,0,0,0,0,0,0,0,0,0,0,0,0,0,0,0,0,0,0,0,0,0,0,0,0,0,0,0,0,0,0,0,1,0,0,0,0,0,0,0,0,0,0,0,0,0,0,0,0,0
0.686551874,408,0,1,1.24051386,-0.131884034,-0.475328487,-0.129031905,0.909476905,-1.789736121,0.908709942,2.021851482,-0.054030762,2.021811463,-1.950910312,-0.594841643,-1.946382935,-1.19377145,0,0,0,0,0,0,0,0,0,0,0,0,0,0,0,0,0,0,0,0,0,0,0,0,0,0,0,0,0,0,0,0,0,0,0,0,0,0,0,0,0,0,0,0,0,1,0,0,0,0,0
1.363993868,415,0,1,1.680264679,0.765598059,1.49789453,0.74583888,-1.339124069,0.14728001,-1.338473695,-1.679298344,0.255266566,-1.679554608,-0.302331068,0.629250074,-0.300358082,-1.19377145,0,0,0,0,0,0,0,0,0,0,0,0,0,0,0,0,0,0,0,0,0,0,0,0,0,0,0,0,1,0,0,0,0,0,0,0,0,0,0,0,0,0,0,0,0,0,0,0,0,0,0
-0.564110269,415,0,0,-0.591781216,-2.717815955,1.194321758,-2.648524127,0.208300258,-0.250056632,0.209428114,0.752710652,-2.322211166,0.754718047,0.414442516,0.221219501,0.416459193,-0.432980172,0,0,0,0,0,0,0,0,0,0,0,1,0,0,0,0,0,0,0,0,0,0,0,0,0,0,0,0,0,0,0,0,0,0,0,0,0,0,0,0,0,0,0,0,0,0,0,0,0,0,0
-1.710550566,415,0,0,-0.591781216,1.599960532,-0.677710335,1.558541845,1.157306583,-1.094396997,1.157606864,-1.425878919,1.18315855,-1.425227614,-1.59252352,-1.002872215,-1.587974298,-0.432980172,0,0,0,0,0,0,0,0,0,0,0,0,0,0,0,0,0,0,0,0,0,0,0,0,0,0,0,0,1,0,0,0,0,0,0,0,0,0,0,0,0,0,0,0,0,0,0,0,0,0,0
-0.850720343,510,0,0,-0.591781216,0.927342084,-0.323542101,0.902953918,-0.650036673,1.438624096,-0.651044101,-0.252792227,0.873861222,-0.253506821,-0.015621635,-1.410902787,-0.021595808,-1.19377145,0,0,0,0,0,0,0,0,0,0,0,0,0,0,0,0,0,0,0,0,0,0,0,1,0,0,0,0,0,0,0,0,0,0,0,0,0,0,0,0,0,0,0,0,0,0,0,0,0,0,0
-1.059164033,408,0,0,-0.591781216,-0.007617283,2.358017384,-0.008087235,0.165987874,-0.548059114,0.166760071,0.963212271,-0.105580316,0.963629507,1.167054779,0.629250074,1.173099649,-0.432980172,1,0,0,0,0,0,0,1,0,0,0,0,0,0,0,0,0,0,0,0,0,0,0,0,0,0,0,0,0,0,0,0,0,0,0,0,0,0,0,0,0,0,0,0,0,0,0,0,0,0,0
-0.772553959,510,0,1,1.093930254,-0.078626855,-0.930687645,-0.077037,1.173425586,1.786293658,1.174199992,1.376040689,2.781194744,1.376910872,1.382086854,1.037280646,1.385489953,-0.432980172,0,0,0,0,0,0,0,0,0,0,0,0,0,0,0,0,0,0,0,0,0,0,0,0,0,0,1,0,0,0,0,0,0,0,0,0,0,0,0,0,0,0,0,0,0,0,0,0,0,0,0
0.60838549,415,0,0,-0.591781216,-0.43959218,0.334198905,-0.428567768,-0.662125926,0.594283732,-0.662896336,-0.250748522,0.100617902,-0.248965268,-0.517363143,-0.594841643,-0.512748386,1.088602382,0,0,0,0,0,0,0,0,0,0,0,0,0,0,0,0,0,0,0,0,0,0,0,0,0,0,0,0,0,0,0,0,0,0,0,0,0,0,0,0,0,0,0,0,0,0,0,0,0,1,0
-2.023216102,510,0,0,-0.591781216,-1.313404416,-1.335451341,-1.279701749,-0.641977172,-0.250056632,-0.641562314,1.263636912,1.337807214,1.263372035,-1.198298048,-1.002872215,-1.203016872,-0.432980172,1,0,0,0,0,0,0,0,0,0,0,0,0,0,0,0,0,0,0,0,0,1,0,0,0,0,0,0,0,0,0,0,0,0,0,0,0,0,0,0,0,0,0,0,0,0,0,0,0,0,0
3.239987082,415,0,0,-0.591781216,0.059447313,2.105040074,0.057471557,0.923581033,-1.839403201,0.922932624,0.346013349,0.152167457,0.345978236,-0.517363143,-1.002872215,-0.512748386,-0.432980172,0,0,0,0,0,0,0,0,0,0,0,0,0,0,0,0,0,0,0,0,0,0,0,0,0,0,0,0,0,0,0,0,0,0,0,0,0,0,0,0,0,0,0,0,0,0,0,0,0,0,1
2.093546785,415,1,0,-0.591781216,-0.362665144,-0.880092183,-0.353966383,-1.53658186,-0.846061596,-1.537591233,1.245243567,-0.105580316,1.245205821,1.382086854,-0.594841643,1.385489953,-1.19377145,1,0,0,0,0,0,0,0,0,0,0,0,0,0,0,0,0,0,0,0,0,0,0,0,0,0,0,0,0,0,0,0,0,0,1,0,0,0,0,0,0,0,0,0,0,0,0,0,0,0,0
-0.980997649,415,0,0,-0.591781216,-0.73349291,-0.424733025,-0.714539743,0.153898621,0.097612929,0.154907836,0.568777199,1.028509886,0.568514355,-0.983265973,-1.002872215,-0.977352175,0.327811105,0,0,0,0,0,0,0,0,0,0,0,0,0,0,0,0,0,0,0,0,0,0,0,0,0,0,0,0,0,0,0,0,0,0,0,0,0,0,0,0,0,0,0,0,0,0,1,0,0,0,0
-1.215496801,415,1,0,-0.591781216,0.213301386,0.384794367,0.207804651,1.189544589,0.395615411,1.188422674,-1.217421005,0.564563894,-1.216316155,-0.194815031,-1.002872215,-0.19416293,0.327811105,1,0,0,0,0,0,0,0,0,0,0,0,0,0,0,0,0,0,0,0,0,0,0,0,0,0,0,1,0,0,0,0,0,0,0,0,0,0,0,0,0,0,0,0,0,0,0,0,0,0,0
-0.538054807,408,1,1,0.50759583,0.004217646,0.485985291,-0.392397399,-0.605709414,0.991620374,-0.606005611,-1.223552121,-0.930373191,-1.225399262,0.593635912,0.221219501,0.589026314,-0.432980172,0,0,0,0,0,0,0,0,0,0,0,0,0,0,0,0,0,0,0,0,0,0,0,0,1,0,0,0,0,0,0,0,0,0,0,0,0,0,0,0,0,0,0,0,0,0,0,0,0,0,0
0.452052722,408,1,1,2.266599103,-0.510601752,0.283603443,-0.497517533,-1.55874549,0.544616652,-1.558925254,-1.7017791,0.152167457,-1.702262375,-0.374008427,0.629250074,-0.380004446,-0.432980172,0,0,0,0,0,0,0,0,0,0,0,0,0,0,0,0,0,0,0,0,0,0,0,0,0,0,0,1,0,0,0,0,0,0,0,0,0,0,0,0,0,0,0,0,0,0,0,0,0,0,0
-1.528162337,408,1,0,-0.591781216,0.004217646,1.346108144,0.019040541,-0.525114397,-0.299723713,-0.525410417,-0.731019206,0.719212558,-0.730369935,0.629474591,0.629250074,0.628849496,0.327811105,0,0,0,0,0,0,0,0,0,0,0,0,0,0,0,0,0,0,0,0,0,0,0,0,0,0,0,0,0,0,0,1,0,0,0,0,0,0,0,0,0,0,0,0,0,0,0,0,0,0,0
0.868940103,408,0,0,-0.591781216,0.453944936,0.233007981,0.441781721,0.488367942,-0.498392034,0.489140846,1.079703459,0.40991523,1.081709897,0.66531327,1.037280646,0.668672678,-1.19377145,0,0,0,0,0,0,0,0,0,0,0,0,0,0,0,0,0,0,0,0,0,0,0,0,0,0,0,0,0,0,0,0,0,0,0,1,0,0,0,0,0,0,0,0,0,0,0,0,0,0,0
-0.902831266,415,0,1,1.973431891,0.219218851,-0.019969329,0.213456271,1.221782596,-0.349390793,1.22160893,0.172298421,0.40991523,0.173399204,-0.481524464,0.629250074,-0.486199598,-1.19377145,0,0,0,0,0,0,0,0,0,0,0,0,0,0,0,0,0,0,0,0,0,0,0,0,0,0,0,0,0,0,0,0,0,0,0,0,0,0,0,0,0,0,0,1,0,0,0,0,0,0,0
-0.902831266,415,0,0,-0.591781216,0.501284651,0.081221595,0.488125006,0.645528225,0.445282491,0.645590339,1.202325761,-0.26022898,1.20433184,-0.374008427,0.629250074,-0.380004446,0.327811105,0,0,0,0,0,0,0,0,0,0,0,0,0,0,0,0,0,0,0,0,0,0,0,0,0,0,0,0,0,0,0,0,0,0,0,0,0,0,0,0,0,0,0,0,0,0,0,1,0,0,0
0.686551874,415,0,1,1.460389269,1.102893527,1.194321758,1.073632844,0.728138117,0.643950812,0.72855598,0.820152919,1.389356769,0.818299796,-0.911588615,-1.002872215,-0.910980205,-0.432980172,0,0,0,0,0,0,0,0,0,0,0,0,0,0,0,0,0,0,0,0,0,0,0,0,0,0,0,0,0,0,0,0,0,0,0,0,0,0,0,0,0,0,1,0,0,0,0,0,0,0,0
1.181605639,510,0,0,-0.591781216,0.189631529,-1.183664955,0.184067847,-0.901896101,1.388957016,-0.90231147,-0.307972263,-0.878823636,-0.308005463,-1.019104652,-0.594841643,-1.017175357,-1.19377145,0,0,0,0,0,0,0,0,0,0,0,1,0,0,0,0,0,0,0,0,0,0,0,0,0,0,0,0,0,0,0,0,0,0,0,0,0,0,0,0,0,0,0,0,0,0,0,0,0,0,0
-0.19933381,408,0,1,2.486474512,-0.252205809,0.030626133,-0.246585602,1.461552772,-0.796394515,1.461024064,-0.614528019,0.306816121,-0.616831098,0.450281195,-1.410902787,0.456282375,-0.432980172,0,0,0,0,0,0,0,0,0,0,0,0,0,0,0,0,0,0,0,0,0,0,0,0,0,0,0,0,0,0,0,0,0,0,0,0,0,0,0,0,0,0,0,0,0,0,0,0,0,0,1
-0.616221191,415,0,0,-0.591781216,1.292252386,-0.677710335,1.257875658,1.076711566,-0.846061596,1.07701167,0.783366228,-0.466427199,0.781967368,-0.983265973,-0.186811071,-0.977352175,-1.19377145,1,0,0,0,0,0,1,0,0,0,0,0,0,0,0,0,0,0,0,0,0,0,0,0,0,0,0,0,0,0,0,0,0,0,0,0,0,0,0,0,0,0,0,0,0,0,0,0,0,0,0
0.269664493,415,0,0,-0.591781216,-0.928769233,1.24491722,-0.905564501,0.411802675,-1.64073488,0.410916099,-1.495364891,0.049068348,-1.493350916,0.880345346,-1.002872215,0.881062982,1.849393659,1,0,0,0,0,0,0,0,0,0,0,0,0,0,0,0,0,0,0,0,0,0,0,0,0,0,0,0,0,0,0,0,1,0,0,0,0,0,0,0,0,0,0,0,0,0,0,0,0,0,0
0.373886338,510,0,1,0.434304027,0.248806172,-0.728305797,0.241714371,-2.255892387,-0.498392034,-2.255836636,0.578995724,1.028509886,0.577597462,0.091894403,-0.594841643,0.097873737,0.327811105,0,1,0,0,0,0,0,0,0,0,0,0,0,0,0,0,0,0,0,0,0,0,0,0,0,0,0,0,0,0,0,0,0,0,0,0,0,0,0,0,0,0,0,0,0,0,0,0,0,0,0
0.373886338,510,1,0,-0.591781216,-1.137852973,0.485985291,-1.109022823,0.393668797,-0.001721231,0.394322971,-0.43672568,1.234708105,-0.43516896,0.199410441,-1.002872215,0.204068889,0.327811105,1,0,0,0,0,0,0,0,0,0,0,0,0,0,0,0,0,0,0,0,0,0,0,1,0,0,0,0,0,0,0,0,0,0,0,0,0,0,0,0,0,0,0,0,0,0,0,0,0,0,0
-0.016945581,408,0,0,-0.591781216,0.262613589,0.030626133,0.255278259,0.994101673,-0.945395756,0.99404603,-1.385004819,-1.085021854,-1.384353633,-0.23065371,-1.002872215,-0.233986112,0.327811105,0,0,0,0,0,0,0,0,0,0,0,0,0,0,0,0,0,0,0,0,0,0,0,0,0,0,0,1,0,0,0,0,0,0,0,0,0,0,0,0,0,0,0,0,0,0,0,0,0,0,0
0.139387187,415,0,0,-0.591781216,-0.415922323,0.587176215,-0.405961288,0.389639046,0.693617893,0.389582077,1.059266408,0.306816121,1.059002129,-0.409847106,-0.594841643,-0.406553234,-1.19377145,0,0,0,0,0,0,0,0,0,0,0,0,0,0,0,0,0,0,0,0,0,0,0,0,0,0,0,0,0,0,0,0,0,0,0,1,0,0,0,0,0,0,0,0,0,0,0,0,0,0,0
-1.085219495,510,0,0,-0.591781216,-0.514546729,-0.424733025,-0.502038829,0.097482109,-0.597726194,0.098017111,-1.769221366,-0.569526308,-1.770385677,0.808667987,2.261372362,0.814691012,-0.432980172,0,0,0,0,0,1,0,0,0,0,0,0,0,0,0,0,0,0,0,0,0,0,0,0,0,0,0,0,0,0,0,0,0,0,0,0,0,0,0,0,0,0,0,0,0,0,0,0,0,0,0
-0.355666578,415,0,1,2.339890906,0.82674519,-1.082474031,0.804615729,-0.877717596,-1.293065318,-0.878607001,0.435936371,1.234708105,0.436809305,0.450281195,-0.594841643,0.456282375,-0.432980172,0,0,0,0,0,0,0,0,0,0,0,0,0,0,0,0,0,0,0,0,0,0,0,0,0,0,0,0,1,0,0,0,0,0,0,0,0,0,0,0,0,0,0,0,0,0,0,0,0,0,0
-2.075327024,415,0,0,-0.591781216,1.282389945,-0.981283107,1.248833066,-0.658096175,0.842619133,-0.658155442,1.643766049,-0.672625417,1.644862526,-1.305814086,-1.410902787,-1.309212024,-0.432980172,0,0,0,0,0,0,0,0,0,0,0,0,0,0,0,0,0,0,0,0,0,0,0,0,0,0,0,0,0,0,0,0,0,0,1,0,0,0,0,0,0,0,0,0,0,0,0,0,0,0,0
1.077383794,408,0,1,1.167222057,1.185738028,0.131817057,1.155016173,1.717441951,-1.74006904,1.717032327,1.1369272,0.306816121,1.136208538,-0.266492389,-0.186811071,-0.2605349,-1.19377145,0,0,0,0,0,0,0,0,0,0,0,0,0,0,0,0,0,0,0,0,0,0,0,0,0,0,0,0,0,0,0,0,0,0,0,0,0,0,0,0,0,0,0,0,0,0,0,0,1,0,0
1.259772023,415,0,0,-0.591781216,1.238995207,-0.880092183,1.207011077,0.901417404,-0.150722472,0.901598602,0.37871263,-1.0334723,0.37776911,-0.087298993,-0.594841643,-0.087967778,1.088602382,1,0,0,0,0,0,0,0,0,0,0,0,0,0,0,0,0,0,0,0,0,0,0,0,0,0,0,0,0,0,0,0,0,0,0,0,0,1,0,0,0,0,0,0,0,0,0,0,0,0,0
-1.215496801,510,0,1,2.266599103,-1.224642451,-0.930687645,-1.193797124,-0.835405212,-1.988404442,-0.835938958,0.722055077,0.667663003,0.722927173,0.378603837,2.261372362,0.376636011,0.327811105,0,0,0,0,0,1,0,0,0,0,0,0,0,0,0,0,0,0,0,0,0,0,0,0,0,0,0,0,0,0,0,0,0,0,0,0,0,0,0,0,0,0,0,0,0,0,0,0,0,0,0
-0.329611117,510,0,0,-0.591781216,0.759680595,-1.234260417,0.739056936,-0.631902794,-1.988404442,-0.632080526,-1.225595826,-0.054030762,-1.225399262,-0.804072577,-1.410902787,-0.804785053,-0.432980172,0,0,0,0,0,0,0,0,0,0,0,0,0,0,0,0,0,0,0,0,0,0,0,0,0,0,0,0,0,0,0,0,0,0,0,0,0,0,1,0,0,0,0,0,0,0,0,0,0,0,0
-0.407777501,415,0,1,1.533681072,-0.692070659,-0.171755715,-0.674978402,-1.222261294,0.097612929,-1.222321798,-0.728975501,2.471897416,-0.730369935,0.23524912,-0.594841643,0.230617677,-0.432980172,0,0,0,0,0,0,0,0,0,0,0,0,0,0,1,0,0,0,0,0,0,0,0,0,0,0,0,0,0,0,0,0,0,0,0,0,0,0,0,0,0,0,0,0,0,0,0,0,0,0,0
-1.293663185,415,1,0,-0.591781216,-0.514546729,0.384794367,-0.502038829,0.649557976,-0.746727435,0.650331233,0.268352558,-0.414877644,0.268771827,1.382086854,-0.186811071,1.385489953,-1.19377145,1,0,0,0,0,0,0,0,1,0,0,0,0,0,0,0,0,0,0,0,0,0,0,0,0,0,0,0,0,0,0,0,0,0,0,0,0,0,0,0,0,0,0,0,0,0,0,0,0,0,0
-1.449995953,510,0,1,1.533681072,-0.865649613,0.182412519,-0.84339668,0.440010931,0.047945849,0.439361461,0.705705436,-0.414877644,0.704760959,-0.839911256,0.629250074,-0.844608235,0.327811105,0,0,0,0,0,0,0,0,0,0,0,0,0,0,0,0,0,0,0,0,0,0,0,0,1,0,0,0,0,0,0,0,0,0,0,0,0,0,0,0,0,0,0,0,0,0,0,0,0,0,0
1.181605639,408,0,1,1.680264679,0.44999996,-0.475328487,0.438390749,0.820822387,0.395615411,0.821003408,-0.643139889,-1.188120964,-0.644080419,-0.875749935,-1.002872215,-0.871157023,-0.432980172,0,0,0,0,0,0,0,0,0,0,0,0,0,0,0,0,0,0,0,0,0,0,0,0,0,0,0,0,0,0,0,0,0,0,0,1,0,0,0,0,0,0,0,0,0,0,0,0,0,0,0
-0.980997649,510,0,1,1.900140088,-0.542161562,0.941344448,-0.529166605,0.532695201,-0.448724953,0.531808889,-0.109732874,0.152167457,-0.10817711,0.736990629,0.221219501,0.735044648,-0.432980172,0,0,0,0,0,0,0,0,0,0,0,0,0,0,0,0,0,0,0,0,0,0,0,0,0,0,0,0,0,0,0,0,0,0,0,0,0,0,0,0,0,0,0,0,0,0,0,0,1,0,0
-0.016945581,510,0,0,-0.591781216,-0.804502482,0.536580753,-0.784619832,0.22038951,0.097612929,0.221280349,-0.440813091,-0.466427199,-0.439710513,0.199410441,-0.594841643,0.204068889,-0.432980172,0,0,0,0,0,0,0,0,0,0,0,0,0,0,0,0,0,0,0,0,0,0,0,0,0,0,0,0,0,0,0,0,0,0,0,1,0,0,0,0,0,0,0,0,0,0,0,0,0,0,0
0.764718258,408,0,0,-0.591781216,-1.039228568,0.081221595,-1.012945282,0.125690365,0.345948331,0.126462474,0.62600094,-0.054030762,0.62755455,-1.485007482,0.629250074,-1.481779146,-1.19377145,0,0,0,0,0,0,0,0,0,0,0,0,0,0,0,0,0,0,0,0,0,0,0,0,0,0,0,0,0,0,0,0,0,0,0,0,0,0,0,0,0,0,1,0,0,0,0,0,0,0,0
-0.095111965,415,0,0,-0.591781216,-0.218673511,-0.677710335,-0.213806206,1.179470212,0.24661417,1.178940886,1.609023064,1.18315855,1.608530098,-1.054943331,-0.186811071,-1.056998539,-0.432980172,0,0,0,0,0,0,0,0,0,0,0,0,0,0,0,0,0,0,0,0,0,0,0,0,0,0,0,0,0,0,0,0,0,0,0,0,0,0,0,0,0,1,0,0,0,0,0,0,0,0,0
-1.215496801,415,0,0,-0.591781216,2.108862466,-1.386046803,2.053623762,0.454115059,0.395615411,0.453584142,0.053763529,0.358365676,0.055318814,0.450281195,0.221219501,0.456282375,-0.432980172,1,0,0,0,0,0,0,0,0,0,0,0,0,0,0,0,0,0,0,0,0,0,0,0,0,0,0,0,0,0,0,0,0,0,1,0,0,0,0,0,0,0,0,0,0,0,0,0,0,0,0
1.546382097,415,0,1,1.533681072,-0.297573036,1.042535372,-0.290668238,1.252005727,0.395615411,1.252424739,-1.579156797,1.595554987,-1.579640432,1.776312326,-0.186811071,1.770447378,-0.432980172,0,0,0,0,0,0,0,0,0,0,1,0,0,0,0,0,0,0,0,0,0,0,0,0,0,0,0,0,0,0,0,0,0,0,0,0,0,0,0,0,0,0,0,0,0,0,0,0,0,0,0
-0.564110269,415,0,0,-0.591781216,-0.703905588,-0.525923949,-0.686281643,-1.306886062,-0.448724953,-1.307657886,0.231565867,1.492455878,0.232439399,0.987861383,-0.186811071,0.987258134,-0.432980172,0,0,0,0,0,0,0,0,0,0,0,0,0,0,0,0,0,0,0,0,0,0,0,0,0,0,0,0,0,0,0,0,0,0,0,0,0,0,0,0,0,0,0,1,0,0,0,0,0,0,0
-0.016945581,415,0,1,2.852933527,-0.751245303,-0.272946639,-0.732624927,0.145839119,1.488291177,0.145426049,0.051719824,-0.26022898,0.050777261,-0.015621635,2.669402934,-0.021595808,-1.19377145,0,0,0,0,0,0,0,0,0,0,0,0,0,0,0,0,0,0,0,0,0,0,0,0,0,0,0,0,0,0,0,0,0,0,0,0,0,0,0,0,0,0,0,0,0,0,0,0,0,1,0
-1.085219495,415,0,0,-0.591781216,0.004217646,-1.790810499,0.47230047,0.939700037,1.140621615,0.939525752,0.278571083,-0.311778535,0.277854934,0.629474591,-0.186811071,0.628849496,-0.432980172,0,0,0,0,0,0,0,0,0,0,0,0,0,0,0,0,0,0,0,0,0,0,1,0,0,0,0,0,0,0,0,0,0,0,0,0,0,0,0,0,0,0,0,0,0,0,0,0,0,0,0
0.816829181,510,0,0,-0.591781216,-0.325187869,-1.031878569,-0.317796015,-0.666155677,-0.498392034,-0.665266783,-2.321021727,-0.517976753,-2.319913646,-1.449168803,2.261372362,-1.455230358,-0.432980172,0,0,0,0,0,0,0,0,0,0,0,0,0,0,0,0,0,0,0,0,0,0,0,0,0,0,0,0,1,0,0,0,0,0,0,0,0,0,0,0,0,0,0,0,0,0,0,0,0,0,0
-0.19933381,415,0,0,-0.591781216,-0.070736902,0.131817057,-0.069124732,-0.019380665,1.488291177,-0.020505233,1.284073962,-0.208679425,1.286079802,-0.624879181,0.629250074,-0.618943537,0.327811105,0,0,0,0,0,0,0,0,0,0,0,0,0,0,0,0,0,0,0,0,0,0,0,0,0,0,0,0,0,0,0,0,0,0,0,0,0,0,0,0,0,1,0,0,0,0,0,0,0,0,0
-0.016945581,415,0,1,2.046723694,1.469776316,-1.133069493,1.430815232,0.552843955,0.24661417,0.553142911,-2.106432697,1.286257659,-2.106460633,1.274570817,1.037280646,1.279294801,2.610184936,0,0,0,0,0,0,0,0,0,0,0,0,0,0,0,0,0,0,0,0,0,0,0,0,0,0,0,0,0,0,0,1,0,0,0,0,0,0,0,0,0,0,0,0,0,0,0,0,0,0,0
0.00910988,510,0,0,-0.591781216,-0.09440676,0.233007981,-0.092861536,1.235886724,-1.243398238,1.235831611,0.182516946,-0.363328089,0.182482311,-0.624879181,0.221219501,-0.618943537,-0.432980172,0,0,0,0,0,0,0,0,0,0,0,0,0,0,0,0,0,0,0,0,0,0,0,0,0,0,0,0,0,0,0,0,0,0,0,0,0,0,0,0,0,0,0,0,0,0,0,0,0,0,0
0.634440952,415,1,0,-0.591781216,0.150181767,0.890748986,0.14563683,-0.805182081,0.544616652,-0.805123148,1.282030257,0.616113449,1.281538249,-0.23065371,-1.002872215,-0.233986112,-1.19377145,1,0,0,0,0,0,1,0,0,0,0,0,0,0,0,0,0,0,0,0,0,0,0,0,0,0,0,0,0,0,0,0,0,0,0,0,0,0,0,0,0,0,0,0,0,0,0,0,0,0,0
-0.980997649,415,0,0,-0.591781216,0.633441355,-0.829496721,0.616981943,0.609260467,1.835960739,0.610033636,0.327620004,-0.054030762,0.327812022,0.163571761,1.85334179,0.164245707,1.088602382,0,0,0,0,0,1,0,0,0,0,0,0,0,0,0,0,0,0,0,0,0,0,0,0,0,0,0,0,0,0,0,0,0,0,0,0,0,0,0,0,0,0,0,0,0,0,0,0,0,0,0
0.165442648,415,0,0,-0.591781216,0.004217646,0.081221595,1.194577513,-1.486209974,0.842619133,-1.485441401,-0.316147083,-0.414877644,-0.31708857,0.521958554,0.629250074,0.522654345,-1.19377145,0,0,0,0,0,0,0,0,0,0,0,0,0,0,0,0,0,0,0,0,1,0,0,0,0,0,0,0,0,0,0,0,0,0,0,0,0,0,0,0,0,0,0,0,0,0,0,0,0,0,0
0.425997261,408,0,0,-0.591781216,-0.356747679,0.182412519,-0.348314763,-0.08788643,0.941953294,-0.086877745,1.91557882,0.564563894,1.917355733,1.274570817,-1.002872215,1.279294801,-0.432980172,0,0,0,0,0,0,0,0,0,0,0,0,0,0,0,0,0,0,0,0,0,0,0,1,0,0,0,0,0,0,0,0,0,0,0,0,0,0,0,0,0,0,0,0,0,0,0,0,0,0,0
0.60838549,415,0,0,-0.591781216,0.28233847,0.131817057,0.274493768,0.812762885,0.792952053,0.813892067,0.540165328,2.729645189,0.541265035,0.593635912,0.221219501,0.589026314,-1.19377145,0,0,0,0,0,0,0,0,0,0,0,0,0,0,0,0,0,1,0,0,0,0,0,0,0,0,0,0,0,0,0,0,0,0,0,0,0,0,0,0,0,0,0,0,0,0,0,0,0,0,0
0.373886338,510,0,0,-0.591781216,0.004217646,2.408612846,-1.345260542,0.466204312,-0.647393275,0.465436377,0.801759573,-0.208679425,0.800133582,1.847989684,1.445311218,1.850093742,1.088602382,0,0,0,0,0,0,0,0,0,0,0,0,0,0,0,0,0,0,0,0,0,0,0,0,0,0,0,0,0,0,1,0,0,0,0,0,0,0,0,0,0,0,0,0,0,0,0,0,0,0,0
1.442160252,408,1,0,-0.591781216,1.919503607,0.941344448,1.869380948,0.758361248,0.29628125,0.759371789,-2.180006079,-0.208679425,-2.179125489,-0.696556539,-0.594841643,-0.698589901,-0.432980172,0,0,0,0,0,1,0,0,0,0,0,0,0,0,0,0,0,0,0,0,0,0,0,0,0,0,0,0,0,0,0,0,0,0,0,0,0,0,0,0,0,0,0,0,0,0,0,0,0,0,0
-0.016945581,408,0,0,-0.591781216,0.244861196,-0.880092183,0.238323399,-0.746750694,-0.597726194,-0.745861976,-0.641096184,1.95640187,-0.639538865,-1.485007482,-0.594841643,-1.481779146,-1.19377145,0,0,0,0,0,0,0,0,0,0,0,0,0,0,0,0,0,1,0,0,0,0,0,0,0,0,0,0,0,0,0,0,0,0,0,0,0,0,0,0,0,0,0,0,0,0,0,0,0,0,0
-0.746498498,415,0,0,-0.591781216,0.369127947,2.358017384,0.359268068,0.327177908,1.041287454,0.327950458,-1.803964352,1.286257659,-1.802176551,1.023700062,-0.186811071,1.027081316,-1.19377145,0,0,0,0,0,0,0,0,0,0,0,0,0,0,0,0,0,1,0,0,0,0,0,0,0,0,0,0,0,0,0,0,0,0,0,0,0,0,0,0,0,0,0,0,0,0,0,0,0,0,0
-1.241552263,415,0,0,-0.591781216,0.100869564,-0.121160253,0.098163222,0.31710353,1.239955775,0.316098224,-1.225595826,0.822311667,-1.225399262,2.92315006,-0.594841643,2.925319654,0.327811105,0,0,0,0,0,0,0,0,0,0,0,0,0,0,0,0,0,0,0,0,0,0,0,0,0,0,0,0,0,0,0,0,0,0,0,0,0,1,0,0,0,0,0,0,0,0,0,0,0,0,0
0.3999418,408,0,0,-0.591781216,-0.234453416,0.941344448,-0.228500418,-1.181963785,1.140621615,-1.182024201,-0.211918126,1.440906323,-0.21263284,-1.054943331,-0.186811071,-1.056998539,0.327811105,0,0,0,0,0,0,0,0,0,0,0,0,0,0,0,0,0,0,0,0,0,0,0,0,0,0,0,0,0,0,0,0,0,0,0,0,0,0,0,0,0,1,0,0,0,0,0,0,0,0,0
-0.59016573,408,0,0,-0.591781216,-0.798585017,2.00384915,-0.778968212,-0.186615326,0.643950812,-0.186436514,1.745951301,1.286257659,1.744776702,0.557797233,-0.594841643,0.562477527,1.088602382,0,0,0,0,0,0,0,0,1,0,0,0,0,0,0,0,0,0,0,0,0,0,0,0,0,0,0,0,0,0,0,0,0,0,0,0,0,0,0,0,0,0,0,0,0,0,0,0,0,0,0
-1.163385879,510,0,0,-0.591781216,-1.145742926,-0.829496721,-1.116935091,-0.712497811,0.743284973,-0.71267572,0.875332955,-0.26022898,0.877339991,-0.481524464,-1.002872215,-0.486199598,-0.432980172,0,0,0,0,0,0,0,0,0,0,0,0,0,0,0,0,0,0,0,0,0,0,0,0,0,0,0,0,0,1,0,0,0,0,0,0,0,0,0,0,0,0,0,0,0,0,0,0,0,0,0
0.582330029,408,0,1,2.266599103,1.789319391,-0.070564791,1.742784659,0.895372777,0.494949571,0.894487261,-1.883668848,0.667663003,-1.883924514,1.847989684,1.037280646,1.850093742,-0.432980172,0,0,0,0,0,0,0,0,0,0,0,0,0,0,0,0,0,0,0,0,0,0,0,0,0,0,0,0,0,0,0,0,0,0,0,1,0,0,0,0,0,0,0,0,0,0,0,0,0,0,0
0.3999418,415,0,1,1.093930254,1.446106459,-1.133069493,1.408208751,-1.244424924,1.041287454,-1.24365582,1.568148963,0.203717012,1.567656117,0.557797233,-0.594841643,0.562477527,0.327811105,0,0,1,0,0,0,0,0,0,0,0,0,0,0,0,0,0,0,0,0,0,0,0,0,0,0,0,0,0,0,0,0,0,0,0,0,0,0,0,0,0,0,0,0,0,0,0,0,0,0,0
0.035165342,408,0,0,-0.591781216,0.412522686,0.283603443,0.401090057,-0.970401866,1.339289936,-0.971054429,-0.034115788,1.440906323,-0.035512255,-0.911588615,-1.002872215,-0.910980205,1.088602382,0,0,0,0,0,0,0,0,0,0,0,0,0,0,0,0,0,0,0,0,0,0,0,0,0,0,0,0,0,0,0,0,0,0,0,0,0,0,0,0,0,0,0,0,0,0,0,0,1,0,0
-0.147222888,415,0,0,-0.591781216,-0.238398392,-0.222351177,-0.233021714,-0.496906141,-0.548059114,-0.496965054,1.018392307,0.667663003,1.018128148,1.1312161,0.629250074,1.133276468,0.327811105,0,0,0,0,0,0,0,0,0,0,0,0,0,0,0,0,0,0,0,0,0,0,0,0,0,0,0,0,0,0,0,0,0,0,0,0,0,1,0,0,0,0,0,0,0,0,0,0,0,0,0
0.035165342,408,0,0,-0.591781216,-0.457344573,-1.689619575,-0.445522628,0.073303604,0.14728001,0.074312642,-1.209246185,-1.445868737,-1.207233048,-0.123137672,-1.002872215,-0.12779096,0.327811105,0,0,0,0,0,0,0,0,0,0,0,0,0,0,0,0,0,0,0,0,0,0,0,0,0,0,0,0,0,0,0,0,0,0,0,0,0,0,0,0,0,0,0,0,0,1,0,0,0,0,0
-0.303555655,415,0,1,1.24051386,0.698533463,2.00384915,0.680280088,-0.0657228,-1.541400719,-0.065543723,-0.796417767,0.873861222,-0.798493236,0.127733082,2.261372362,0.124422525,-0.432980172,0,0,1,0,0,0,0,0,0,0,0,0,0,0,0,0,0,0,0,0,0,0,0,0,0,0,0,0,0,0,0,0,0,0,0,0,0,0,0,0,0,0,0,0,0,0,0,0,0,0,0
-1.319718646,408,0,0,-0.591781216,2.406708172,-0.930687645,2.344117033,-0.676230054,0.892286214,-0.677119017,-2.633708597,-0.569526308,-2.633280835,0.091894403,0.629250074,0.097873737,-0.432980172,0,0,0,0,0,0,1,0,0,0,0,0,0,0,0,0,0,0,0,0,0,0,0,0,0,0,0,0,0,0,0,0,0,0,0,0,0,0,0,0,0,0,0,0,0,0,0,0,0,0,0
-0.19933381,415,0,1,2.486474512,-0.540189074,-0.525923949,-0.526905957,1.346704872,0.097612929,1.347242614,1.345385114,1.544005432,1.345119997,0.378603837,0.221219501,0.376636011,4.131767491,0,0,0,0,0,0,0,0,0,0,0,0,0,0,0,0,0,0,0,0,0,0,0,0,0,0,0,0,0,0,0,0,0,0,0,1,0,0,0,0,0,0,0,0,0,0,0,0,0,0,0
-0.850720343,510,0,0,-0.591781216,0.309953304,0.789558062,0.301621544,0.230463887,0.047945849,0.230762136,-1.280775862,1.750203651,-1.279897903,1.740473646,2.669402934,1.74389859,-0.432980172,0,0,0,0,0,0,0,0,0,0,0,0,0,0,0,0,0,0,0,0,0,0,0,0,0,0,0,0,0,0,0,0,0,0,0,0,0,0,0,0,0,0,0,0,0,0,0,0,0,0,1
-0.79860942,408,0,0,-0.591781216,0.572294223,-0.171755715,0.55707477,1.507894906,-0.846061596,1.508433002,-0.379501939,1.131608995,-0.380670318,-0.804072577,-0.594841643,-0.804785053,0.327811105,0,0,0,0,0,0,0,0,0,0,0,0,0,0,1,0,0,0,0,0,0,0,0,0,0,0,0,0,0,0,0,0,0,0,0,0,0,0,0,0,0,0,0,0,0,0,0,0,0,0,0
0.973161949,415,0,1,1.533681072,0.205411434,-0.677710335,0.199892383,0.454115059,1.140621615,0.453584142,1.126708674,1.544005432,1.127125431,1.417925534,0.629250074,1.412038741,-1.19377145,0,0,0,0,0,0,0,0,0,0,0,0,0,0,0,0,0,0,0,0,0,0,0,0,1,0,0,0,0,0,0,0,0,0,0,0,0,0,0,0,0,0,0,0,0,0,0,0,0,0,0
0.295719955,415,0,1,0.654179436,0.069309754,-0.272946639,0.066514149,1.050518185,1.239955775,1.050936755,-0.906777839,-0.26022898,-0.90749052,-0.194815031,-0.594841643,-0.19416293,-1.19377145,0,0,0,0,0,0,0,0,0,0,0,0,0,0,0,0,0,0,0,1,0,0,0,0,0,0,0,0,0,0,0,0,0,0,0,0,0,0,0,0,0,0,0,0,0,0,0,0,0,0,0
0.425997261,510,1,0,-0.591781216,-2.475199916,-0.019969329,-2.412286409,2.066015399,-0.796394515,2.065488017,-0.598178379,-0.827274081,-0.598664884,-0.589040502,-1.002872215,-0.592394749,-0.432980172,1,0,0,0,0,0,0,0,0,0,0,0,0,0,0,0,0,0,0,0,0,0,0,0,0,0,0,0,0,0,1,0,0,0,0,0,0,0,0,0,0,0,0,0,0,0,0,0,0,0,0
-0.016945581,408,0,1,1.313805663,0.558486807,0.7389626,0.543510882,-0.315567353,0.643950812,-0.314440645,-0.477599781,2.265699197,-0.476042941,-0.768233898,1.85334179,-0.764961871,-0.432980172,0,0,0,0,0,0,0,0,0,0,0,0,1,0,0,0,0,0,0,0,0,0,0,0,0,0,0,0,0,0,0,0,0,0,0,0,0,0,0,0,0,0,0,0,0,0,0,0,0,0,0
-0.79860942,415,0,0,-0.591781216,0.998351657,0.485985291,0.971903683,-2.473498933,-0.647393275,-2.473917748,0.940731516,0.255266566,0.940921739,1.059538742,-0.186811071,1.053630104,-0.432980172,0,1,0,0,0,0,0,0,0,0,0,0,0,0,0,0,0,0,0,0,0,0,0,0,0,0,0,0,0,0,0,0,0,0,0,0,0,0,0,0,0,0,0,0,0,0,0,0,0,0,0
-1.267607724,510,0,1,0.947346648,0.315870768,0.941344448,0.307273164,-1.903289187,-0.250056632,-1.902640051,-0.892471904,-0.311778535,-0.893865859,-1.771716916,-0.594841643,-1.773815813,0.327811105,0,0,0,0,0,0,0,0,0,0,0,0,0,0,0,0,0,0,0,0,0,0,0,0,0,0,0,0,0,0,0,0,0,0,0,0,0,0,0,0,0,0,0,0,0,0,0,0,0,1,0
0.113331725,408,0,0,-0.591781216,-0.267985714,-0.374137563,-0.261279814,-0.498921016,0.29628125,-0.499335501,0.867158134,-2.322211166,0.868256884,2.134699118,-0.594841643,2.128856016,0.327811105,0,0,0,0,0,0,0,0,0,0,0,0,0,0,0,0,0,0,0,0,0,0,0,0,0,0,0,0,0,0,0,0,0,1,0,0,0,0,0,0,0,0,0,0,0,0,0,0,0,0,0
-0.616221191,510,0,1,1.460389269,-0.863677125,0.840153524,-0.842266356,0.883283525,0.097612929,0.882635027,0.13142432,-1.342769628,0.132525223,0.450281195,-0.594841643,0.456282375,1.849393659,1,0,0,0,0,0,0,0,0,0,0,0,0,0,0,0,0,0,0,0,0,0,0,0,0,0,0,0,0,0,0,0,0,0,0,0,0,0,0,0,1,0,0,0,0,0,0,0,0,0,0
-0.538054807,415,1,0,-0.591781216,0.185686553,1.093130834,0.180676875,0.454115059,-0.399057873,0.453584142,1.388302919,0.822311667,1.390535532,1.310409496,-0.594841643,1.305843589,0.327811105,1,0,0,0,0,0,0,0,0,0,0,0,0,0,0,0,0,0,0,0,0,0,0,0,0,0,0,1,0,0,0,0,0,0,0,0,0,0,0,0,0,0,0,0,0,0,0,0,0,0,0
0.504163645,510,0,1,2.559766315,-0.035232116,0.840153524,-0.035215012,-0.51504002,-1.491733639,-0.515928629,-0.812767408,0.873861222,-0.812117897,0.450281195,-0.186811071,0.456282375,-0.432980172,0,0,0,0,0,0,0,0,0,0,0,0,0,0,0,0,0,0,0,0,0,0,0,0,0,0,0,0,0,0,1,0,0,0,0,0,0,0,0,0,0,0,0,0,0,0,0,0,0,0,0
-1.215496801,408,0,1,2.266599103,-0.705878076,-1.386046803,-0.688542291,0.19419613,0.842619133,0.195205433,-1.468796725,0.873861222,-1.470643149,0.808667987,1.445311218,0.814691012,0.327811105,0,0,0,0,0,0,0,0,0,0,0,0,0,0,0,0,0,0,0,0,0,0,0,0,0,0,0,0,0,0,0,0,0,0,0,0,0,0,0,0,0,0,0,0,0,0,0,0,0,0,1
1.233716562,510,1,0,-0.591781216,-0.621061087,1.902658226,-0.606028638,-0.827345711,1.140621615,-0.82645717,-0.074989889,-1.961364283,-0.076386236,-0.589040502,-0.594841643,-0.592394749,0.327811105,0,0,0,0,0,0,0,0,0,1,0,0,0,0,0,0,0,0,0,0,0,0,0,0,0,0,0,0,0,0,0,0,0,0,0,0,0,0,0,0,0,0,0,0,0,0,0,0,0,0,0
0.478108184,408,0,0,-0.591781216,0.004217646,0.7389626,2.063796678,-0.833390337,-0.051388311,-0.833568511,0.321488889,-0.724174972,0.323270468,1.310409496,-1.410902787,1.305843589,0.327811105,1,0,0,0,0,0,0,0,0,0,0,0,0,0,0,0,0,0,0,0,0,0,0,0,0,0,0,0,0,0,0,0,0,0,0,0,0,0,1,0,0,0,0,0,0,0,0,0,0,0,0
-0.407777501,510,0,0,-0.591781216,-0.273903178,-0.222351177,-0.266931434,-0.214823582,2.03462906,-0.214881876,-1.166328379,0.822311667,-1.166359067,0.23524912,-0.594841643,0.230617677,2.610184936,1,0,0,0,0,0,0,0,0,0,0,0,0,0,0,0,0,0,0,0,0,0,0,0,1,0,0,0,0,0,0,0,0,0,0,0,0,0,0,0,0,0,0,0,0,0,0,0,0,0,0
-0.016945581,510,0,1,1.24051386,-0.7019331,2.206230998,-0.684020995,-0.666155677,0.24661417,-0.665266783,0.795628458,0.358365676,0.795592028,1.525441571,-0.594841643,1.531508287,-0.432980172,0,0,0,0,0,0,0,0,0,0,0,0,0,0,0,0,1,0,0,0,0,0,0,0,0,0,0,0,0,0,0,0,0,0,0,0,0,0,0,0,0,0,0,0,0,0,0,0,0,0,0
1.859047633,415,0,0,-0.591781216,-0.141746475,-0.778901259,-0.138074497,1.056562811,-1.442066559,1.055677649,0.419586731,0.667663003,0.418643091,-1.55668484,0.629250074,-1.56142551,-1.19377145,0,0,0,0,0,0,0,0,0,0,0,0,0,0,0,0,0,1,0,0,0,0,0,0,0,0,0,0,0,0,0,0,0,0,0,0,0,0,0,0,0,0,0,0,0,0,0,0,0,0,0
-0.538054807,415,0,0,-0.591781216,0.396742781,1.902658226,0.386395845,-0.676230054,-0.448724953,-0.677119017,1.445526661,-0.311778535,1.445034173,-1.700039557,-0.186811071,-1.69416945,-0.432980172,0,0,0,0,0,0,0,0,1,0,0,0,0,0,0,0,0,0,0,0,0,0,0,0,0,0,0,0,0,0,0,0,0,0,0,0,0,0,0,0,0,0,0,0,0,0,0,0,0,0,0
-0.876775804,510,0,0,-0.591781216,-1.39230394,1.700276378,-1.356563782,-1.175919159,-1.193731157,-1.174912861,-2.24540464,-0.724174972,-2.247248791,0.23524912,0.221219501,0.230617677,0.327811105,0,0,0,0,0,0,0,0,0,0,0,0,0,0,0,0,0,0,0,0,0,0,0,0,0,0,0,0,0,0,0,0,0,0,0,0,0,0,0,0,0,0,0,0,0,0,0,0,1,0,0
-0.381722039,408,0,0,-0.591781216,0.004217646,0.283603443,-0.151638385,2.035792268,-2.783077726,2.034672208,-1.260338811,0.40991523,-1.26173169,-0.194815031,0.221219501,-0.19416293,-0.432980172,0,0,0,0,0,1,0,0,0,0,0,0,0,0,0,0,0,0,0,0,0,0,0,0,0,0,0,0,0,0,0,0,0,0,0,0,0,0,0,0,0,0,0,0,0,0,0,0,0,0,0
0.165442648,415,0,0,-0.591781216,0.840552607,0.030626133,0.818179617,1.719456826,0.544616652,1.719402774,0.987736732,0.873861222,0.986337274,0.66531327,-0.186811071,0.668672678,-0.432980172,1,0,0,0,0,0,0,0,0,0,0,0,0,0,0,0,0,0,0,0,0,0,0,0,0,0,0,0,0,0,0,0,1,0,0,0,0,0,0,0,0,0,0,0,0,0,0,0,0,0,0
0.842884642,510,0,0,-0.591781216,1.304087315,0.081221595,1.270309222,1.290288361,-0.498392034,1.290351889,-1.826445107,0.152167457,-1.824884319,0.342765158,1.037280646,0.336812829,-1.19377145,0,0,0,0,0,0,0,0,1,0,0,0,0,0,0,0,0,0,0,0,0,0,0,0,0,0,0,0,0,0,0,0,0,0,0,0,0,0,0,0,0,0,0,0,0,0,0,0,0,0,0
0.3999418,510,0,0,-0.591781216,-0.297573036,0.485985291,-0.290668238,1.409166011,0.14728001,1.408874233,0.599432774,0.461464785,0.60030523,-0.804072577,-0.594841643,-0.804785053,-1.19377145,0,0,0,0,0,0,0,0,0,0,0,0,0,0,1,0,0,0,0,0,0,0,0,0,0,0,0,0,0,0,0,0,0,0,0,0,0,0,0,0,0,0,0,0,0,0,0,0,0,0,0
-0.980997649,408,0,0,-0.591781216,0.631468867,0.334198905,0.614721295,1.43132964,-1.144064077,1.430208255,0.045588709,0.40991523,0.046235707,-1.019104652,1.037280646,-1.017175357,-1.19377145,0,0,0,0,0,0,0,0,0,0,0,0,0,0,0,0,0,0,0,0,0,0,0,0,0,0,0,0,0,0,0,0,0,0,0,0,0,0,0,0,0,0,0,0,0,0,0,1,0,0,0
0.478108184,408,1,1,0.580887633,-0.640785968,0.131817057,-0.625244146,-0.817271334,-0.200389552,-0.816975383,-0.348846364,1.028509886,-0.348879444,-0.911588615,-1.002872215,-0.910980205,-1.19377145,1,0,0,0,0,0,0,0,0,0,0,0,0,0,0,0,0,0,0,1,0,0,0,0,0,0,0,0,0,0,0,0,0,0,0,0,0,0,0,0,0,0,0,0,0,0,0,0,0,0,0
0.842884642,408,1,0,-0.591781216,1.479638757,0.131817057,1.440988148,1.038428932,-0.995062836,1.03908452,-0.469424961,0.152167457,-0.471501387,-0.804072577,-0.594841643,-0.804785053,-1.19377145,1,0,0,0,0,0,0,0,0,0,0,0,0,0,0,0,0,0,0,0,0,0,0,0,0,0,0,0,0,0,0,0,0,0,0,1,0,0,0,0,0,0,0,0,0,0,0,0,0,0,0
-0.173278349,408,1,0,-0.591781216,-0.189086189,0.637771677,-0.184417781,1.433344516,-0.299723713,1.432578702,-1.846882157,-1.136571409,-1.847592086,-0.553201823,-0.186811071,-0.552571568,-0.432980172,0,0,0,0,0,0,0,0,0,0,0,0,0,0,0,0,0,0,0,0,0,0,0,0,0,0,0,0,0,0,0,0,0,0,0,0,0,0,0,0,0,0,1,0,0,0,0,0,0,0,0
-0.824664882,510,0,0,-0.591781216,0.30403584,-0.475328487,0.295969924,1.225812347,-2.137405682,1.226349824,0.055807234,-0.517976753,0.055318814,0.414442516,0.221219501,0.416459193,-1.19377145,0,0,0,0,0,0,0,0,0,0,0,0,0,0,0,0,0,0,0,1,0,0,0,0,0,0,0,0,0,0,0,0,0,0,0,0,0,0,0,0,0,0,0,0,0,0,0,0,0,0,0
1.181605639,408,0,0,-0.591781216,-0.599363718,-0.880092183,-0.584552482,-0.273254969,1.488291177,-0.274143048,-1.047793487,-0.002481207,-1.048278677,-0.839911256,-0.186811071,-0.844608235,4.131767491,1,0,0,0,0,0,0,0,0,0,0,0,0,0,0,0,0,0,0,0,0,0,1,0,0,0,0,0,0,0,0,0,0,0,0,0,0,0,0,0,0,0,0,0,0,0,0,0,0,0,0
1.077383794,408,1,1,1.24051386,0.225136315,0.435389829,0.219107891,-1.028833253,0.991620374,-1.027945154,0.546296443,-2.064463393,0.545806588,-0.158976351,-0.594841643,-0.154339748,-1.19377145,0,0,0,0,0,0,0,0,0,0,0,0,0,0,0,0,0,0,0,0,0,0,0,0,0,0,0,0,0,0,1,0,0,0,0,0,0,0,0,0,0,0,0,0,0,0,0,0,0,0,0
0.582330029,408,0,0,-0.591781216,0.536789437,0.7389626,0.522034726,0.478293564,-0.697060355,0.477288611,-0.074989889,-2.064463393,-0.076386236,-0.696556539,-1.002872215,-0.698589901,1.088602382,0,0,0,0,0,0,0,0,0,0,0,0,0,0,0,0,0,0,0,0,1,0,0,0,0,0,0,0,0,0,0,0,0,0,0,0,0,0,0,0,0,0,0,0,0,0,0,0,0,0,0
0.00910988,408,0,0,-0.591781216,1.169958123,2.813376542,1.139191637,1.457523021,0.29628125,1.458653617,1.576323783,-0.363328089,1.576739224,1.167054779,1.445311218,1.173099649,-0.432980172,1,0,0,0,0,0,0,0,0,0,0,0,0,0,0,0,0,0,0,0,0,0,0,0,0,1,0,0,0,0,0,0,0,0,0,0,0,0,0,0,0,0,0,0,0,0,0,0,0,0,0
-1.502106876,415,0,0,-0.591781216,-0.007617283,-0.171755715,-0.008087235,1.04850331,1.289622856,1.048566308,0.540165328,0.719212558,0.541265035,-0.804072577,0.221219501,-0.804785053,-1.19377145,0,0,0,1,0,0,0,0,0,0,0,0,0,0,0,0,0,0,0,0,0,0,0,0,0,0,0,0,0,0,0,0,0,0,0,0,0,0,0,0,0,0,0,0,0,0,0,0,0,0,0
-0.016945581,408,0,0,-0.591781216,0.110732004,-0.475328487,0.107205814,0.371505167,-0.597726194,0.370618502,0.869201839,0.358365676,0.868256884,-1.700039557,0.221219501,-1.69416945,-1.19377145,0,0,0,0,0,0,0,0,0,0,0,0,0,0,0,1,0,0,0,0,0,0,0,0,0,0,0,0,0,0,0,0,0,0,0,0,0,0,0,0,0,0,0,0,0,0,0,0,0,0,0
-2.231659792,510,1,0,-0.591781216,-0.755190279,-1.031878569,-0.736015899,-1.546656237,-1.193731157,-1.54707302,2.502122166,-0.621075863,2.50321613,-0.768233898,-0.594841643,-0.764961871,0.327811105,0,0,0,0,0,0,0,0,0,0,0,0,0,0,0,0,0,0,0,0,0,0,0,0,0,0,0,0,0,0,0,0,0,0,1,0,0,0,0,0,0,0,0,0,0,0,0,0,0,0,0
-0.876775804,510,0,0,-0.591781216,0.004217646,1.548489992,-0.522384661,1.042458683,0.345948331,1.041454967,-0.320234493,0.203717012,-0.321630123,-1.915071632,-0.594841643,-1.919834147,0.327811105,0,0,0,0,0,0,0,0,0,0,0,0,0,0,0,0,0,0,0,0,0,0,0,0,0,0,0,0,0,0,0,0,0,0,0,0,0,0,0,0,0,0,0,0,0,0,0,0,0,1,0
-0.043001042,415,0,0,-0.591781216,-0.672345778,0.081221595,-0.655762894,0.609260467,-0.647393275,0.610033636,-0.39993899,-0.724174972,-0.398836532,0.414442516,1.037280646,0.416459193,-0.432980172,0,0,0,0,0,0,0,0,0,0,0,0,0,0,0,0,0,0,0,0,0,0,0,0,0,0,0,0,0,0,0,0,0,0,1,0,0,0,0,0,0,0,0,0,0,0,0,0,0,0,0
-1.423940492,415,0,0,-0.591781216,-0.305462988,0.789558062,-0.298580507,-0.089901305,2.630634023,-0.089248192,0.715923962,0.976960331,0.713844066,-0.768233898,-1.410902787,-0.764961871,-0.432980172,0,0,0,0,0,0,0,0,0,0,0,0,0,0,0,0,0,0,0,0,0,0,0,0,0,0,0,0,0,0,0,0,0,0,0,0,1,0,0,0,0,0,0,0,0,0,0,0,0,0,0
-1.18944134,408,1,0,-0.591781216,0.814910262,0.7389626,0.793312489,-0.710482936,-0.150722472,-0.710305273,0.701618026,0.873861222,0.700219406,-0.194815031,-0.186811071,-0.19416293,-0.432980172,0,0,0,0,0,0,0,0,0,0,0,0,0,0,0,0,0,0,0,0,0,0,0,0,0,0,0,1,0,0,0,0,0,0,0,0,0,0,0,0,0,0,0,0,0,0,0,0,0,0,0
-1.606328721,415,0,0,-0.591781216,0.004217646,1.295512682,2.223172364,0.633438972,0.842619133,0.633738105,0.068069464,1.18315855,0.068943475,0.450281195,-1.002872215,0.456282375,-0.432980172,1,0,0,0,0,0,0,0,0,0,0,0,0,0,0,0,0,1,0,0,0,0,0,0,0,0,0,0,0,0,0,0,0,0,0,0,0,0,0,0,0,0,0,0,0,0,0,0,0,0,0
-0.225389272,510,0,0,-0.591781216,-0.786750089,-0.121160253,-0.766534647,-0.519069771,2.13396322,-0.518299076,0.010845723,1.801753206,0.00990328,-0.302331068,1.037280646,-0.300358082,0.327811105,0,0,0,0,0,0,0,0,0,0,0,0,0,0,0,0,0,0,0,0,0,0,0,0,0,0,0,0,0,0,0,0,0,0,0,0,0,0,0,0,0,0,0,1,0,0,0,0,0,0,0
-1.163385879,415,0,0,-0.591781216,-0.342940263,-0.070564791,-0.334750875,-1.03890763,-1.094396997,-1.039797389,1.112402739,0.770762113,1.113500771,1.632957609,-1.410902787,1.637703439,1.849393659,1,0,0,0,0,0,1,0,0,0,0,0,0,0,0,0,0,0,0,0,0,0,0,0,0,0,0,0,0,0,0,0,0,0,0,0,0,0,0,0,0,0,0,0,0,0,0,0,0,0,0
-0.642276652,415,0,0,-0.591781216,1.834686618,-0.171755715,1.786867295,0.720078615,-0.250056632,0.719074192,0.703661731,0.255266566,0.704760959,-0.911588615,-1.002872215,-0.910980205,-1.19377145,1,0,0,0,0,0,0,0,0,0,0,0,0,0,0,0,0,0,0,0,0,0,0,0,0,0,0,0,0,1,0,0,0,0,0,0,0,0,0,0,0,0,0,0,0,0,0,0,0,0,0
0.816829181,408,1,1,1.826848285,0.406605222,-1.284855879,0.395438437,0.522620824,-1.64073488,0.522327102,-0.046378018,-0.466427199,-0.044595362,0.952022704,-0.594841643,0.947434952,0.327811105,0,0,0,0,0,0,0,0,0,0,0,1,0,0,0,0,0,0,0,0,0,0,0,0,0,0,0,0,0,0,0,0,0,0,0,0,0,0,0,0,0,0,0,0,0,0,0,0,0,0,0
-1.293663185,510,1,1,0.287720421,-0.865649613,-2.043787809,-0.84339668,-0.001246787,1.686959498,-0.001541658,-0.177175141,-0.105580316,-0.176300412,0.736990629,1.037280646,0.735044648,0.327811105,0,0,0,0,0,0,0,0,0,0,0,0,0,0,0,0,0,0,0,0,0,0,0,0,0,0,0,0,0,0,0,0,0,0,0,0,0,0,0,0,0,0,0,0,0,0,0,0,0,0,0
-1.918994256,408,0,0,-0.591781216,1.124590896,0.485985291,1.095109,0.629409221,-0.399057873,0.628997211,-0.743281436,-0.775724527,-0.743994595,0.880345346,0.629250074,0.881062982,-0.432980172,0,0,0,0,0,0,0,0,0,0,0,0,0,0,0,0,0,0,0,0,0,0,0,0,0,0,0,0,0,0,0,0,0,0,0,0,0,0,0,0,0,1,0,0,0,0,0,0,0,0,0
3.213931621,510,0,0,-0.591781216,-1.346936714,1.649680916,-1.312481145,-0.517054895,-1.69040196,-0.515928629,0.329663709,0.306816121,0.327812022,-1.700039557,0.629250074,-1.69416945,1.088602382,0,0,0,0,0,0,0,0,0,0,0,0,0,1,0,0,0,0,0,0,0,0,0,0,0,0,0,0,0,0,0,0,0,0,0,0,0,0,0,0,0,0,0,0,0,0,0,0,0,0,0
0.113331725,510,1,1,1.460389269,-0.465234526,-0.576519411,-0.453434896,-1.885155309,0.693617893,-1.886046923,-0.681970285,-0.26022898,-0.680412846,1.59711893,-0.594841643,1.597880257,-1.19377145,1,0,0,0,0,0,0,0,0,0,0,0,0,0,0,0,0,0,0,0,0,0,0,0,0,0,0,0,0,0,0,0,0,0,0,0,1,0,0,0,0,0,0,0,0,0,0,0,0,0,0
0.425997261,408,0,0,-0.591781216,0.225136315,-0.374137563,0.219107891,1.654980812,-2.187072763,1.655400708,-2.376201763,0.925410777,-2.374412288,0.629474591,-0.186811071,0.628849496,0.327811105,0,0,0,0,0,0,0,0,0,0,0,0,0,0,0,0,0,0,0,0,0,0,0,0,0,0,0,0,0,0,0,0,0,0,0,0,0,0,0,0,0,0,0,0,0,0,0,1,0,0,0
1.181605639,415,0,0,-0.591781216,0.507202116,0.030626133,0.493776626,-1.325019941,-1.144064077,-1.324251014,2.236440511,-0.878823636,2.235264476,0.020217045,-1.002872215,0.018227373,1.088602382,0,0,0,0,0,0,0,0,0,0,0,0,0,0,0,0,0,0,0,0,0,0,0,0,0,0,0,0,0,0,0,0,0,0,0,0,0,0,0,0,0,0,0,0,0,1,0,0,0,0,0
1.2076611,415,1,0,-0.591781216,0.897754763,0.536580753,0.873565494,-0.317582228,-0.101055392,-0.316811092,-1.18267802,2.368798307,-1.184525281,-0.123137672,-1.410902787,-0.12779096,-1.19377145,1,0,0,0,0,0,0,0,0,0,0,0,0,0,0,0,0,0,0,0,0,0,0,0,0,0,0,0,0,0,0,0,0,0,0,0,0,0,0,0,0,0,0,0,0,0,0,0,1,0,0
-0.850720343,510,0,0,-0.591781216,1.384959327,1.346108144,1.348301579,1.084771067,0.892286214,1.084123011,1.474138531,-0.105580316,1.472283494,-0.481524464,0.629250074,-0.486199598,0.327811105,1,0,0,0,0,0,0,0,0,0,0,0,0,0,0,1,0,0,0,0,0,0,0,0,0,0,0,0,0,0,0,0,0,0,0,0,0,0,0,0,0,0,0,0,0,0,0,0,0,0,0
-0.016945581,408,0,0,-0.591781216,-0.948494114,-0.576519411,-0.924780009,-1.282707557,0.445282491,-1.28158297,1.128752379,0.358365676,1.127125431,-0.015621635,0.221219501,-0.021595808,1.088602382,0,0,0,0,0,0,0,0,0,0,0,0,0,0,0,0,0,0,0,0,0,0,0,0,0,0,0,0,0,0,0,0,1,0,0,0,0,0,0,0,0,0,0,0,0,0,0,0,0,0,0
1.520326636,415,0,0,-0.591781216,1.89583375,0.131817057,1.846774468,-0.224897959,0.395615411,-0.224363664,0.466591947,-0.363328089,0.468600179,-1.019104652,0.221219501,-1.017175357,0.327811105,1,0,0,0,0,0,0,0,0,0,0,0,0,0,0,0,0,0,0,0,0,0,0,0,0,0,0,0,0,0,0,0,0,0,0,0,0,0,0,0,0,0,0,0,0,0,1,0,0,0,0
0.868940103,415,0,1,2.339890906,-0.725602957,0.233007981,-0.707757799,-2.257907262,-1.938737361,-2.258207082,1.817480978,-0.208679425,1.817441557,0.199410441,0.629250074,0.204068889,-0.432980172,0,0,0,1,0,0,0,0,0,0,0,0,0,0,0,0,0,0,0,0,0,0,0,0,0,0,0,0,0,0,0,0,0,0,0,0,0,0,0,0,0,0,0,0,0,0,0,0,0,0,0
0.321775416,510,0,0,-0.591781216,0.542706902,0.637771677,0.527686346,1.114994199,-0.995062836,1.11493882,0.202953997,-0.672625417,0.200648525,-0.123137672,-1.410902787,-0.12779096,-0.432980172,0,0,0,0,0,0,0,0,0,0,0,0,0,0,0,0,0,0,0,0,0,0,0,0,0,0,0,0,0,0,0,0,0,0,0,0,0,0,0,0,0,0,0,0,0,0,1,0,0,0,0
0.816829181,408,0,0,-0.591781216,0.522982021,-0.019969329,0.508470838,0.212330008,0.892286214,0.211798561,-0.099514349,1.131608995,-0.099094003,-0.015621635,0.629250074,-0.021595808,-0.432980172,0,0,0,0,0,0,0,0,0,0,0,0,0,0,0,0,0,0,0,0,0,0,0,0,1,0,0,0,0,0,0,0,0,0,0,0,0,0,0,0,0,0,0,0,0,0,0,0,0,0,0
-0.19933381,510,1,1,2.1933073,0.907617203,0.840153524,0.88373841,-1.63329588,1.090954535,-1.632409108,-0.1608255,1.286257659,-0.162675752,1.346248175,1.037280646,1.345666771,-0.432980172,1,0,0,0,0,0,0,0,0,0,0,0,0,0,0,0,0,0,0,0,0,0,0,0,0,0,0,0,0,0,0,1,0,0,0,0,0,0,0,0,0,0,0,0,0,0,0,0,0,0,0
1.911158556,408,0,1,1.826848285,-0.234453416,-0.475328487,-0.228500418,0.093452358,-0.448724953,0.093276217,-1.452447085,1.647104542,-1.452476935,1.525441571,-0.186811071,1.531508287,1.849393659,1,0,0,0,0,0,0,0,0,0,0,0,0,0,0,0,0,0,0,0,0,0,0,0,0,0,0,0,0,0,0,0,0,0,0,0,0,0,0,0,0,0,0,0,0,0,0,1,0,0,0
-1.033108572,415,0,0,-0.591781216,0.355320531,0.890748986,0.34570418,-0.976446492,-0.200389552,-0.975795323,0.407324501,-0.363328089,0.409559984,-1.162459369,-0.594841643,-1.16319369,0.327811105,0,0,0,0,0,0,0,0,0,0,0,0,0,0,0,0,0,0,0,0,0,0,0,0,0,0,0,0,0,0,0,0,0,0,1,0,0,0,0,0,0,0,0,0,0,0,0,0,0,0,0
-0.251444733,415,0,1,2.266599103,-0.195003654,0.233007981,-0.190069401,-2.729388111,0.792952053,-2.729926011,-1.158153559,-0.414877644,-1.15727596,0.23524912,-0.186811071,0.230617677,-0.432980172,0,0,0,0,0,0,0,1,0,0,0,0,0,0,0,0,0,0,0,0,0,0,0,0,0,0,0,0,0,0,0,0,0,0,0,0,0,0,0,0,0,0,0,0,0,0,0,0,0,0,0
-0.329611117,408,0,1,1.460389269,0.215273874,0.182412519,0.208934975,0.738212494,0.24661417,0.738037767,0.215216227,0.822311667,0.214273185,-0.158976351,-1.410902787,-0.154339748,0.327811105,0,0,0,0,0,0,0,0,0,0,0,0,0,0,0,0,0,0,0,0,0,0,0,0,0,0,0,0,0,1,0,0,0,0,0,0,0,0,0,0,0,0,0,0,0,0,0,0,0,0,0
-0.329611117,408,0,1,2.706349921,-1.960380518,2.00384915,-1.910422547,-0.954282862,0.047945849,-0.954461301,2.209872345,1.18315855,2.208015155,0.916184025,-0.594841643,0.920886164,0.327811105,0,0,0,0,0,0,0,0,0,0,0,0,0,0,0,0,0,0,0,1,0,0,0,0,0,0,0,0,0,0,0,0,0,0,0,0,0,0,0,0,0,0,0,0,0,0,0,0,0,0,0
-0.016945581,415,0,0,-0.591781216,-2.181299187,0.688367139,-2.12518411,0.597171214,0.445282491,0.598181402,1.1369272,-0.208679425,1.136208538,-1.341652765,-0.186811071,-1.335760812,-1.19377145,0,0,0,0,0,0,0,0,0,0,0,0,0,0,0,0,0,0,0,0,0,0,0,0,0,0,0,0,0,0,0,0,1,0,0,0,0,0,0,0,0,0,0,0,0,0,0,0,0,0,0
0.452052722,408,0,0,-0.591781216,0.179769088,-2.043787809,0.175025254,0.337252285,-1.789736121,0.337432246,0.388931155,-0.002481207,0.386852217,-0.732395219,1.037280646,-0.738413083,1.849393659,0,0,0,0,0,1,0,0,0,0,0,0,0,0,0,0,0,0,0,0,0,0,0,0,0,0,0,0,0,0,0,0,0,0,0,0,0,0,0,0,0,0,0,0,0,0,0,0,0,0,0
-0.016945581,408,0,0,-0.591781216,-0.573721372,1.24491722,-0.559685353,-0.635932545,1.289622856,-0.63682142,0.411411911,0.203717012,0.409559984,0.056055724,1.445311218,0.058050555,4.892558768,1,0,0,0,0,0,0,0,0,0,0,0,0,0,0,0,0,0,0,0,0,0,0,0,0,0,0,0,0,0,1,0,0,0,0,0,0,0,0,0,0,0,0,0,0,0,0,0,0,0,0
-0.928886727,510,0,0,-0.591781216,0.242888708,-0.576519411,0.236062751,-1.232335671,-0.597726194,-1.231803586,-0.279360392,0.100617902,-0.280756142,-1.700039557,-0.186811071,-1.69416945,0.327811105,0,0,0,0,0,0,0,0,0,0,0,0,0,0,1,0,0,0,0,0,0,0,0,0,0,0,0,0,0,0,0,0,0,0,0,0,0,0,0,0,0,0,0,0,0,0,0,0,0,0,0
-1.033108572,408,0,1,1.24051386,-0.315325429,-1.133069493,-0.307623099,-1.762247908,0.594283732,-1.762783686,-1.368655178,0.925410777,-1.370728973,-0.123137672,-0.594841643,-0.12779096,1.088602382,0,0,0,0,0,0,0,0,0,0,0,0,0,0,0,0,0,0,0,0,0,0,0,0,0,0,0,0,0,0,0,0,0,0,0,0,0,0,0,0,0,0,0,0,1,0,0,0,0,0,0
1.859047633,415,0,0,-0.591781216,0.631468867,-0.019969329,0.614721295,-0.03952942,0.047945849,-0.039468808,2.056594467,1.85330276,2.058143891,-1.341652765,1.85334179,-1.335760812,-0.432980172,0,0,0,0,0,0,0,0,0,0,0,0,0,0,0,0,0,0,0,0,0,0,0,0,0,0,0,0,0,0,0,0,0,0,0,0,0,0,0,0,0,0,0,0,0,0,0,0,0,1,0
-0.746498498,415,0,0,-0.591781216,-0.082571831,0.131817057,-0.080427972,-1.377406702,0.991620374,-1.376400845,0.854895904,-0.208679425,0.854632223,0.557797233,-0.594841643,0.562477527,-0.432980172,0,0,0,0,0,0,0,0,0,0,0,0,0,0,0,0,0,0,0,0,0,0,0,0,0,0,0,0,0,0,0,1,0,0,0,0,0,0,0,0,0,0,0,0,0,0,0,0,0,0,0
0.321775416,510,0,0,-0.591781216,-0.583583813,0.99193991,-0.568727945,-0.011321164,-0.746727435,-0.011023445,1.341297704,0.255266566,1.340578444,0.271087799,-0.594841643,0.270440859,0.327811105,0,0,0,0,0,0,0,0,0,0,0,0,0,0,0,0,0,0,0,0,0,0,0,0,0,0,0,0,0,0,0,0,1,0,0,0,0,0,0,0,0,0,0,0,0,0,0,0,0,0,0
-0.876775804,415,0,0,-0.591781216,0.706423415,0.081221595,0.688192356,-0.200719454,-0.250056632,-0.200659195,0.274483673,0.306816121,0.27331338,-0.589040502,0.629250074,-0.592394749,-0.432980172,0,0,0,0,0,0,0,0,0,0,0,0,0,0,0,0,0,0,0,0,0,0,0,0,0,0,0,0,0,0,0,0,1,0,0,0,0,0,0,0,0,0,0,0,0,0,0,0,0,0,0
0.921051026,415,0,0,-0.591781216,-1.538268061,0.233007981,-1.498984607,0.043080473,-0.051388311,0.043496833,-1.325737372,0.976960331,-1.325313438,-0.302331068,0.629250074,-0.300358082,1.088602382,0,0,0,0,0,0,0,0,1,0,0,0,0,0,0,0,0,0,0,0,0,0,0,0,0,0,0,0,0,0,0,0,0,0,0,0,0,0,0,0,0,0,0,0,0,0,0,0,0,0,0
-0.772553959,415,0,0,-0.591781216,1.552620817,1.599085454,1.512198561,-1.48822485,0.941953294,-1.487811848,-0.381545644,-0.672625417,-0.380670318,-0.194815031,1.445311218,-0.19416293,1.849393659,0,0,0,0,0,0,0,0,0,0,1,0,0,0,0,0,0,0,0,0,0,0,0,0,0,0,0,0,0,0,0,0,0,0,0,0,0,0,0,0,0,0,0,0,0,0,0,0,0,0,0
0.868940103,408,0,0,-0.591781216,1.237022719,1.295512682,1.204750429,-0.962342364,0.743284973,-0.961572642,2.395849504,0.770762113,2.394218847,0.557797233,0.629250074,0.562477527,-0.432980172,0,0,0,0,0,0,0,0,0,0,0,1,0,0,0,0,0,0,0,0,0,0,0,0,0,0,0,0,0,0,0,0,0,0,0,0,0,0,0,0,0,0,0,0,0,0,0,0,0,0,0
-0.433832962,415,0,0,-0.591781216,0.207383922,0.081221595,0.201022707,-0.059678174,2.03462906,-0.060802829,0.948906336,0.100617902,0.950004846,-0.158976351,0.629250074,-0.154339748,0.327811105,0,0,0,0,0,0,0,0,0,0,0,0,0,0,0,0,0,0,0,0,0,0,0,0,0,0,0,0,0,0,0,1,0,0,0,0,0,0,0,0,0,0,0,0,0,0,0,0,0,0,0
-1.606328721,408,0,0,-0.591781216,-0.504684288,0.182412519,-0.491865913,0.071288729,0.594283732,0.071942196,-0.099514349,-0.414877644,-0.099094003,-0.158976351,-0.186811071,-0.154339748,0.327811105,0,0,0,0,0,0,0,0,0,0,0,0,0,0,0,0,0,0,0,0,0,1,0,0,0,0,0,0,0,0,0,0,0,0,0,0,0,0,0,0,0,0,0,0,0,0,0,0,0,0,0
0.243609032,510,0,0,-0.591781216,0.163989183,1.346108144,0.159200718,-2.219624629,0.892286214,-2.220279932,-1.037574962,-1.858265174,-1.03919557,1.812151005,-0.594841643,1.81027056,1.088602382,0,0,0,0,0,0,0,0,0,0,0,0,0,0,0,0,0,0,0,0,0,0,0,0,0,0,0,0,0,0,0,0,0,0,0,0,1,0,0,0,0,0,0,0,0,0,0,0,0,0,0
0.035165342,510,0,0,-0.591781216,-1.510653227,-1.537833189,-1.471856831,1.497820529,1.438624096,1.498951214,-1.225595826,-0.414877644,-1.225399262,0.342765158,0.221219501,0.336812829,-0.432980172,0,0,0,0,0,0,0,0,0,0,0,0,0,0,0,0,0,0,0,0,0,0,0,0,0,0,0,0,0,0,0,0,0,0,0,0,0,0,0,0,0,0,1,0,0,0,0,0,0,0,0
-0.79860942,415,0,0,-0.591781216,-0.084544319,1.49789453,-0.08268862,-0.829360586,1.488291177,-0.828827617,1.216631696,-0.208679425,1.2179565,0.486119874,-0.186811071,0.482831163,-1.19377145,0,0,0,0,0,0,0,0,0,0,0,0,0,0,0,0,0,0,0,0,0,0,0,0,0,0,0,0,0,0,0,0,0,0,0,0,0,0,0,0,0,0,0,0,0,0,0,0,0,0,1
1.077383794,415,0,0,-0.591781216,0.004217646,-0.374137563,-0.659153866,0.170017624,-0.101055392,0.169130517,0.264265148,-0.208679425,0.264230273,0.23524912,-1.410902787,0.230617677,-0.432980172,0,0,0,0,0,0,0,0,0,0,0,0,0,0,0,0,0,0,0,0,0,0,0,0,0,0,0,0,0,0,0,0,0,0,1,0,0,0,0,0,0,0,0,0,0,0,0,0,0,0,0
-2.17954887,415,0,0,-0.591781216,-0.358720167,1.143726296,-0.349445087,0.272776271,-0.945395756,0.27343018,2.328407237,0.306816121,2.330637098,-0.589040502,0.221219501,-0.592394749,-0.432980172,0,0,0,0,0,0,0,0,0,0,0,0,0,0,0,0,0,0,0,0,0,0,0,0,0,0,0,0,0,0,0,0,0,0,0,0,0,0,0,1,0,0,0,0,0,0,0,0,0,0,0
0.478108184,408,0,0,-0.591781216,1.586153115,0.030626133,1.544977957,1.125068576,-1.591067799,1.124420608,0.572864609,-0.569526308,0.573055909,-0.087298993,-1.002872215,-0.087967778,-0.432980172,1,0,0,0,0,0,0,0,0,0,0,0,0,0,0,0,0,0,0,0,0,0,0,0,0,0,0,0,0,0,0,0,0,0,0,0,0,0,1,0,0,0,0,0,0,0,0,0,0,0,0
0.191498109,415,1,1,2.486474512,-0.978081436,-0.525923949,-0.953038109,-0.678244929,1.388957016,-0.677119017,0.891682595,-1.0334723,0.890964651,1.202893458,0.221219501,1.199648437,1.088602382,1,0,0,0,0,0,0,0,0,0,0,0,0,0,0,0,0,0,0,0,1,0,0,0,0,0,0,0,0,0,0,0,0,0,0,0,0,0,0,0,0,0,0,0,0,0,0,0,0,0,0
-0.277500194,415,0,0,-0.591781216,-1.532350597,0.890748986,-1.493332987,-1.760233032,1.686959498,-1.760413239,-0.254835932,0.255266566,-0.253506821,0.414442516,-0.594841643,0.416459193,0.327811105,0,0,0,0,0,0,0,0,0,0,0,0,0,0,0,0,0,0,0,0,0,0,0,0,0,0,0,0,0,0,0,0,0,0,0,0,0,0,0,0,0,0,0,0,0,1,0,0,0,0,0
-0.016945581,415,0,1,1.826848285,0.769543035,0.182412519,0.749229853,-0.92002998,2.1836303,-0.918904598,-2.085995647,0.873861222,-2.083752866,0.66531327,-0.186811071,0.668672678,-0.432980172,0,0,0,0,0,0,0,0,0,0,0,0,0,0,0,1,0,0,0,0,0,0,0,0,0,0,0,0,0,0,0,0,0,0,0,0,0,0,0,0,0,0,0,0,0,0,0,0,0,0,0
1.416104791,408,0,1,1.606972875,-1.009641246,-0.728305797,-0.983556858,-0.247061588,-0.448724953,-0.248068133,1.089921984,-0.775724527,1.090793003,-1.234136727,0.629250074,-1.22956566,-0.432980172,0,0,0,0,0,0,0,0,0,0,0,0,0,0,0,0,0,0,0,0,0,0,0,0,0,0,0,0,0,0,0,0,0,0,0,0,0,1,0,0,0,0,0,0,0,0,0,0,0,0,0
0.321775416,510,0,0,-0.591781216,-1.00569627,-0.019969329,-0.980165886,0.532695201,-1.64073488,0.531808889,-0.469424961,1.801753206,-0.471501387,-0.374008427,-0.186811071,-0.380004446,0.327811105,1,0,0,1,0,0,0,0,0,0,0,0,0,0,0,0,0,0,0,0,0,0,0,0,0,0,0,0,0,0,0,0,0,0,0,0,0,0,0,0,0,0,0,0,0,0,0,0,0,0,0
0.582330029,415,0,0,-0.591781216,-0.147663939,-0.424733025,-0.144856441,-0.766899448,-1.193731157,-0.767195998,1.006130077,0.049068348,1.004503488,-0.553201823,-0.186811071,-0.552571568,-0.432980172,0,0,0,0,0,0,0,0,0,0,0,0,0,0,0,0,0,0,0,0,0,0,0,0,0,0,0,0,0,0,0,0,0,0,0,0,0,0,0,0,0,0,0,0,0,0,0,0,1,0,0
1.155550178,408,0,0,-0.591781216,0.384907852,1.194321758,0.373962281,-1.504343853,-0.697060355,-1.504404976,1.801131337,1.801753206,1.799275343,-0.947427294,-0.594841643,-0.950803387,-0.432980172,0,0,0,0,0,0,0,0,0,0,0,0,0,0,0,0,0,0,0,0,0,0,0,0,0,0,0,0,0,0,0,0,0,0,0,0,0,0,0,0,0,0,0,0,0,1,0,0,0,0,0
-1.528162337,415,0,0,-0.591781216,0.094952099,-0.121160253,0.092511602,-0.003261662,-0.349390793,-0.003912104,1.596760833,-0.466427199,1.594905438,-0.517363143,-0.594841643,-0.512748386,0.327811105,0,0,0,0,0,0,0,0,0,0,0,0,0,0,0,0,0,0,0,0,0,0,0,0,1,0,0,0,0,0,0,0,0,0,0,0,0,0,0,0,0,0,0,0,0,0,0,0,0,0,0
0.634440952,510,0,0,-0.591781216,-0.218673511,-0.070564791,-0.213806206,-0.504965643,0.345948331,-0.504076395,0.863070724,-0.414877644,0.86371533,0.23524912,1.037280646,0.230617677,-1.19377145,0,0,0,0,0,0,0,0,0,0,0,0,0,0,0,0,0,0,0,0,0,0,0,0,0,0,0,0,0,0,0,0,0,1,0,0,0,0,0,0,0,0,0,0,0,0,0,0,0,0,0
0.790773719,415,0,1,1.606972875,-0.112159153,0.890748986,-0.109816397,0.093452358,-0.945395756,0.093276217,0.35010076,-0.517976753,0.350519789,-1.269975407,-0.594841643,-1.269388842,-0.432980172,0,0,0,0,0,0,0,0,0,0,0,1,0,0,0,0,0,0,0,0,0,0,0,0,0,0,0,0,0,0,0,0,0,0,0,0,0,0,0,0,0,0,0,0,0,0,0,0,0,0,0
0.165442648,415,0,0,-0.591781216,1.000324145,-1.790810499,0.974164331,1.143202455,-0.995062836,1.143384183,-1.916368129,-0.621075863,-1.915715388,-0.624879181,-0.594841643,-0.618943537,-0.432980172,0,0,0,0,0,0,0,0,0,0,0,0,0,0,0,0,0,0,0,0,0,0,0,0,0,0,0,0,0,0,0,0,0,0,0,0,0,0,0,0,0,0,0,0,0,0,0,1,0,0,0
-1.371829569,408,0,0,-0.591781216,0.365182971,-1.386046803,0.354746772,0.043080473,0.743284973,0.043496833,-1.117279458,-1.394319182,-1.116401979,-1.843394274,0.221219501,-1.840187783,-0.432980172,0,0,0,0,0,0,0,0,0,0,0,0,0,0,1,0,0,0,0,0,0,0,0,0,0,0,0,0,0,0,0,0,0,0,0,0,0,0,0,0,0,0,0,0,0,0,0,0,0,0,0
-0.642276652,510,0,0,-0.591781216,0.126511909,-0.222351177,0.12303035,0.22038951,-0.001721231,0.221280349,0.603520184,-0.002481207,0.604846783,-0.804072577,-0.186811071,-0.804785053,-1.19377145,0,0,0,0,0,0,0,0,0,0,0,0,0,0,1,0,0,0,0,0,0,0,0,0,0,0,0,0,0,0,0,0,0,0,0,0,0,0,0,0,0,0,0,0,0,0,0,0,0,0,0
0.712607335,415,0,0,-0.591781216,-0.615143623,0.233007981,-0.599246694,0.853060393,0.29628125,0.854189664,1.106271624,0.719212558,1.104417664,-1.234136727,-1.002872215,-1.22956566,-0.432980172,0,0,0,0,0,0,0,0,0,0,0,0,0,0,0,0,0,0,1,0,0,0,0,0,0,0,0,0,0,0,0,0,0,0,0,0,0,0,0,0,0,0,0,0,0,0,0,0,0,0,0
-0.720443036,415,0,0,-0.591781216,-0.445509645,0.435389829,-0.434219388,1.372898253,-0.846061596,1.37331753,-0.39993899,-0.466427199,-0.398836532,-0.087298993,1.445311218,-0.087967778,-1.19377145,0,0,0,0,0,0,0,0,0,0,0,0,0,0,0,0,0,0,0,0,0,0,0,0,0,0,0,0,0,0,0,0,0,0,0,0,0,0,0,0,0,0,0,0,0,0,0,0,1,0,0
-0.016945581,415,0,0,-0.591781216,-0.486931895,0.485985291,-0.474911052,-1.355243072,0.19694709,-1.355066823,-0.510299062,-0.827274081,-0.512375368,-1.162459369,-0.186811071,-1.16319369,1.849393659,1,0,0,0,0,0,0,0,0,0,0,0,0,0,0,0,0,0,0,0,0,0,0,0,0,0,0,0,0,0,0,0,0,0,0,0,0,0,0,0,0,0,0,1,0,0,0,0,0,0,0
0.60838549,415,0,0,-0.591781216,0.173851624,-1.183664955,0.169373634,-0.376013616,1.140621615,-0.376072264,0.35010076,1.389356769,0.350519789,-1.485007482,0.629250074,-1.481779146,-0.432980172,0,0,0,0,0,0,0,0,0,0,0,0,0,0,0,0,0,0,0,0,0,0,0,0,0,0,0,1,0,0,0,0,0,0,0,0,0,0,0,0,0,0,0,0,0,0,0,0,0,0,0
0.947106487,408,0,0,-0.591781216,0.004217646,0.99193991,0.559335419,0.496427443,-0.001721231,0.496252186,0.419586731,1.544005432,0.418643091,0.306926478,0.221219501,0.310264041,-1.19377145,0,0,0,0,0,0,0,0,0,0,0,0,0,0,0,0,0,0,0,0,0,0,0,0,0,0,0,0,0,0,0,0,0,0,0,0,0,0,0,0,0,0,0,0,0,0,0,1,0,0,0
0.165442648,510,0,1,1.606972875,0.378990388,-0.677710335,0.368310661,0.127705241,-0.498392034,0.128832921,-0.843422983,-1.239670518,-0.843908771,0.844506666,-0.186811071,0.8412398,1.088602382,0,0,0,0,0,0,0,0,0,0,0,0,0,0,0,0,0,0,0,0,0,0,0,0,0,1,0,0,0,0,0,0,0,0,0,0,0,0,0,0,0,0,0,0,0,0,0,0,0,0,0
1.2076611,408,0,0,-0.591781216,0.653166236,-1.082474031,0.636197451,0.069273853,-0.448724953,0.069571749,-0.916996365,0.667663003,-0.916573626,-0.015621635,-1.002872215,-0.021595808,-0.432980172,0,0,0,0,0,0,0,0,0,0,0,0,0,0,0,0,0,1,0,0,0,0,0,0,0,0,0,0,0,0,0,0,0,0,0,0,0,0,0,0,0,0,0,0,0,0,0,0,0,0,0
0.3999418,510,0,0,-0.591781216,-0.834089804,1.295512682,-0.812877932,-1.625236379,-0.299723713,-1.625297767,-1.44631597,-1.858265174,-1.447935381,0.772829308,-1.002872215,0.77486783,1.088602382,0,0,0,0,0,0,0,0,0,0,0,0,0,0,0,0,0,0,0,0,0,0,0,0,0,0,0,0,0,0,0,0,0,0,0,0,0,0,0,1,0,0,0,0,0,0,0,0,0,0,0
-1.059164033,510,0,1,1.680264679,0.238943732,-1.284855879,0.232671779,1.352749499,1.736626578,1.351983508,-0.011635032,-1.961364283,-0.012804488,0.916184025,-0.594841643,0.920886164,0.327811105,0,0,0,0,0,0,0,0,0,0,0,0,0,0,0,0,0,0,0,0,0,0,0,0,0,0,0,0,0,0,0,0,0,0,1,0,0,0,0,0,0,0,0,0,0,0,0,0,0,0,0
-0.980997649,408,0,0,-0.591781216,-1.234504891,0.890748986,-1.202839716,0.986042171,-0.498392034,0.986934689,-0.794374062,-0.827274081,-0.793951683,0.306926478,-0.186811071,0.310264041,1.088602382,0,0,0,0,0,0,0,0,1,0,0,0,0,0,0,0,0,0,0,0,0,0,0,0,0,0,0,0,0,0,0,0,0,0,0,0,0,0,0,0,0,0,0,0,0,0,0,0,0,0,0
-0.173278349,415,0,0,-0.591781216,-1.41400131,-1.082474031,-1.378039938,0.830896764,2.580966942,0.830485195,1.042916768,-0.414877644,1.040835915,0.056055724,-0.594841643,0.058050555,1.088602382,0,0,0,0,0,0,0,0,0,0,0,0,0,0,0,0,0,0,0,0,0,0,0,0,0,0,0,0,0,0,0,0,1,0,0,0,0,0,0,0,0,0,0,0,0,0,0,0,0,0,0
0.790773719,415,0,0,-0.591781216,-1.31932188,1.649680916,-1.285353369,-0.025425292,0.792952053,-0.025246126,-1.192896545,0.255266566,-1.193608388,-0.051460314,0.221219501,-0.048144596,-1.19377145,0,0,0,0,0,0,0,0,0,0,0,0,0,0,0,0,0,0,0,0,0,0,0,0,0,0,0,0,0,0,0,0,0,0,0,0,0,0,0,1,0,0,0,0,0,0,0,0,0,0,0
1.494271175,510,0,0,-0.591781216,-0.074681879,0.233007981,-0.073646028,-0.249076464,-0.597726194,-0.248068133,-0.260967047,-0.105580316,-0.262589928,0.271087799,0.629250074,0.270440859,-0.432980172,0,0,0,0,0,0,0,0,0,0,0,0,0,0,0,0,0,0,0,0,0,0,0,0,0,1,0,0,0,0,0,0,0,0,0,0,0,0,0,0,0,0,0,0,0,0,0,0,0,0,0
0.99921741,510,0,0,-0.591781216,1.122618408,0.435389829,1.092848352,-0.619813542,0.345948331,-0.620228292,0.229522162,0.925410777,0.227897846,0.306926478,-1.002872215,0.310264041,-0.432980172,1,0,0,0,0,0,0,0,0,0,0,0,0,0,0,0,0,0,0,0,0,0,0,0,0,0,0,0,0,0,0,0,0,0,1,0,0,0,0,0,0,0,0,0,0,0,0,0,0,0,0
1.025272871,415,0,0,-0.591781216,-0.987943877,-1.082474031,-0.963211025,0.917536407,-0.051388311,0.91819173,-0.592047263,1.234708105,-0.594123331,-0.302331068,2.261372362,-0.300358082,1.088602382,0,0,0,0,0,0,0,0,0,0,0,0,0,0,0,0,0,0,0,0,0,0,0,0,0,0,0,0,0,0,0,0,0,0,0,0,0,0,0,0,0,0,0,0,0,0,0,0,1,0,0
-1.267607724,510,0,1,0.874054845,-0.914961816,-1.892001423,-0.892000613,-0.333701232,1.140621615,-0.33340422,1.468007416,0.358365676,1.467741941,1.167054779,-1.002872215,1.173099649,-0.432980172,0,0,0,0,0,0,0,0,0,0,0,0,0,0,0,0,0,0,0,0,0,0,0,0,0,0,0,0,0,0,0,0,0,0,0,0,0,0,0,0,0,1,0,0,0,0,0,0,0,0,0
0.061220803,510,0,0,-0.591781216,-0.234453416,1.042535372,-0.228500418,0.246582891,1.140621615,0.247355264,0.145730256,-1.394319182,0.146149883,0.987861383,-0.594841643,0.987258134,2.610184936,0,0,0,0,0,0,0,0,0,0,0,0,0,0,0,0,0,0,0,0,0,0,0,0,0,0,0,0,0,0,0,0,0,0,0,0,0,0,0,0,0,0,0,0,0,1,0,0,0,0,0
-0.407777501,510,0,1,0.947346648,2.04179787,0.485985291,1.98806497,0.786569504,0.395615411,0.785446705,-1.053924602,-1.0334723,-1.05282023,-1.413330123,-1.410902787,-1.415407176,2.610184936,0,0,0,0,0,1,0,0,0,0,0,0,0,0,0,0,0,0,0,0,0,0,0,0,0,0,0,0,0,0,0,0,0,0,0,0,0,0,0,0,0,0,0,0,0,0,0,0,0,0,0
-0.772553959,408,0,0,-0.591781216,-0.759135255,1.599085454,-0.740537195,-1.03890763,-0.498392034,-1.039797389,-0.606353199,-1.445868737,-0.607747991,-1.162459369,-1.002872215,-1.16319369,0.327811105,0,0,0,0,0,0,0,0,0,0,0,0,0,0,0,0,0,0,0,0,0,0,0,0,0,0,0,0,0,0,0,0,0,0,0,0,0,0,0,0,0,0,0,0,0,0,0,1,0,0,0
1.989324939,415,0,1,1.387097466,0.996379168,0.283603443,0.969643035,-0.091916181,-1.094396997,-0.091618639,0.292877018,0.40991523,0.291479594,0.056055724,-1.002872215,0.058050555,-0.432980172,0,0,0,0,0,0,0,0,0,0,0,0,0,0,0,0,0,0,0,0,0,0,0,0,0,0,0,0,0,0,0,0,0,1,0,0,0,0,0,0,0,0,0,0,0,0,0,0,0,0,0
-1.345774108,415,1,0,-0.591781216,1.146288265,-0.424733025,1.116585156,0.165987874,0.941953294,0.166760071,-0.67992658,-0.724174972,-0.680412846,1.919667042,0.629250074,1.916465712,0.327811105,1,0,0,0,0,0,0,0,0,0,0,0,0,0,0,0,0,0,0,0,0,0,0,0,0,0,0,0,0,0,0,0,0,0,0,0,0,0,0,0,1,0,0,0,0,0,0,0,0,0,0
0.139387187,510,1,0,-0.591781216,0.004217646,-0.829496721,0.46664885,-0.648021798,-1.938737361,-0.648673654,-0.757587372,0.100617902,-0.757619255,1.095377421,-0.594841643,1.093453286,1.088602382,1,0,0,0,0,0,0,0,0,0,0,0,0,0,0,0,0,0,0,0,0,0,0,0,0,0,0,0,0,0,0,0,0,0,0,0,0,0,0,1,0,0,0,0,0,0,0,0,0,0,0
-1.059164033,510,0,0,-0.591781216,0.81688275,0.283603443,0.795573137,-0.44451938,-2.584409405,-0.444815223,0.033326479,-0.517976753,0.032611047,-1.019104652,-0.594841643,-1.017175357,-0.432980172,0,0,0,0,0,0,0,0,0,0,0,0,0,1,0,0,0,0,0,0,0,0,0,0,0,0,0,0,0,0,0,0,0,0,0,0,0,0,0,0,0,0,0,0,0,0,0,0,0,0,0
-1.502106876,408,0,0,-0.591781216,-0.049039533,-0.374137563,-0.0487789,-1.169874533,-1.988404442,-1.170171967,2.310013892,2.265699197,2.307929331,0.880345346,-1.002872215,0.881062982,1.849393659,0,0,0,0,0,0,0,0,0,0,0,0,0,0,0,0,0,1,0,0,0,0,0,0,0,0,0,0,0,0,0,0,0,0,0,0,0,0,0,0,0,0,0,0,0,0,0,0,0,0,0
0.634440952,415,0,0,-0.591781216,-0.313352941,-1.386046803,-0.305362451,1.106934697,-0.746727435,1.10782748,-0.166956615,-0.26022898,-0.167217305,1.955505722,-0.186811071,1.956288894,-1.19377145,0,0,0,0,0,0,0,0,0,0,0,0,0,0,0,0,0,0,0,0,0,0,0,0,0,0,0,0,0,0,0,0,0,0,0,0,0,0,0,0,0,1,0,0,0,0,0,0,0,0,0
0.347830877,510,0,1,-0.298614004,-0.757162767,-0.222351177,-0.738276547,0.59918609,-0.597726194,0.598181402,0.462504537,-0.775724527,0.464058626,-0.302331068,-0.594841643,-0.300358082,1.088602382,0,0,0,0,0,0,0,0,0,0,0,0,0,0,0,0,0,0,0,0,0,0,0,0,0,0,0,0,0,0,0,0,0,0,0,0,0,0,0,0,1,0,0,0,0,0,0,0,0,0,0
0.295719955,415,0,0,-0.591781216,1.830741642,0.941344448,1.783476323,0.512546447,-0.299723713,0.512845314,-0.857728919,-0.311778535,-0.857533431,2.206376476,0.221219501,2.20850238,1.088602382,1,0,0,0,0,0,0,0,0,0,0,0,0,0,0,0,0,0,0,0,0,0,0,0,0,0,0,0,0,0,0,0,0,0,0,0,0,0,0,0,0,0,1,0,0,0,0,0,0,0,0
0.00910988,408,0,1,0.580887633,-1.199000105,0.587176215,-1.168929996,0.556873706,-0.150722472,0.557883805,-0.42855086,0.564563894,-0.430627406,-0.732395219,0.221219501,-0.738413083,0.327811105,0,0,0,0,0,0,0,0,0,0,0,0,0,0,0,0,0,0,0,0,0,0,0,0,0,0,1,0,0,0,0,0,0,0,0,0,0,0,0,0,0,0,0,0,0,0,0,0,0,0,0
-0.016945581,408,0,0,-0.591781216,-0.39816993,-0.222351177,-0.387876103,-0.674215178,1.140621615,-0.67474857,-1.276688452,0.306816121,-1.27535635,-0.015621635,-0.186811071,-0.021595808,-1.19377145,0,0,0,0,0,0,0,0,0,0,0,0,0,0,0,0,0,0,0,0,0,0,0,0,0,0,0,0,0,0,0,0,0,0,0,0,0,0,0,0,0,0,0,0,0,0,0,0,0,0,0
-1.085219495,408,0,0,-0.591781216,-0.581611325,-1.537833189,-0.567597621,-0.301463225,-0.101055392,-0.302588411,0.233609572,1.440906323,0.232439399,0.66531327,-1.002872215,0.668672678,-0.432980172,0,0,0,1,0,0,0,0,0,0,0,0,0,0,0,0,0,0,0,0,0,0,0,0,0,0,0,0,0,0,0,0,0,0,0,0,0,0,0,0,0,0,0,0,0,0,0,0,0,0,0
-0.043001042,415,0,0,-0.591781216,-0.768997696,-0.627114873,-0.749579787,0.206285382,-0.101055392,0.207057667,0.589214249,1.286257659,0.591222123,0.772829308,-0.186811071,0.77486783,0.327811105,0,0,0,0,0,0,0,0,1,0,0,0,0,0,0,0,0,0,0,0,0,0,0,0,0,0,0,0,0,0,0,0,0,0,0,0,0,0,0,0,0,0,0,0,0,0,0,0,0,0,0
1.285827484,510,0,0,-0.591781216,-0.206838583,1.143726296,-0.202502965,0.325163032,-0.846061596,0.325580011,-0.442856796,0.358365676,-0.444252066,0.844506666,-0.594841643,0.8412398,-0.432980172,0,0,0,0,0,0,0,0,0,0,0,0,0,0,0,0,0,0,0,0,0,0,0,0,0,0,0,0,0,0,0,0,0,0,0,0,0,0,0,0,0,0,0,0,0,1,0,0,0,0,0
-0.511999346,510,0,0,-0.591781216,0.810965286,-1.183664955,0.789921517,-1.050996883,-0.647393275,-1.051649623,-0.350890069,-0.002481207,-0.348879444,-0.947427294,-0.594841643,-0.950803387,0.327811105,0,0,0,0,0,0,0,0,0,0,0,0,0,0,0,0,0,0,0,1,0,0,0,0,0,0,0,0,0,0,0,0,0,0,0,0,0,0,0,0,0,0,0,0,0,0,0,0,0,0,0
-0.381722039,510,0,0,-0.591781216,0.72220332,-0.222351177,0.702886568,1.322526367,-1.144064077,1.323538145,0.264265148,0.51301434,0.264230273,-2.058426349,-0.594841643,-2.052578087,-1.19377145,0,0,0,0,0,0,0,0,0,0,0,0,0,0,0,1,0,0,0,0,0,0,0,0,0,0,0,0,0,0,0,0,0,0,0,0,0,0,0,0,0,0,0,0,0,0,0,0,0,0,0
-0.433832962,510,0,0,-0.591781216,-0.200921118,-0.222351177,-0.195721021,-0.867643219,-0.299723713,-0.866754767,-2.102345287,-1.548967846,-2.10191908,0.127733082,1.037280646,0.124422525,-1.19377145,0,0,0,0,0,0,0,0,0,0,0,0,0,0,0,0,0,0,0,0,1,0,0,0,0,0,0,0,0,0,0,0,0,0,0,0,0,0,0,0,0,0,0,0,0,0,0,0,0,0,0
0.452052722,510,0,1,1.973431891,1.511198567,0.941344448,1.471506896,1.157306583,-0.448724953,1.157606864,0.294920724,1.544005432,0.296021148,0.521958554,-1.410902787,0.522654345,-0.432980172,0,0,0,0,0,0,0,0,0,0,0,0,0,0,0,0,0,0,0,0,0,0,0,0,0,0,0,0,0,0,0,0,0,1,0,0,0,0,0,0,0,0,0,0,0,0,0,0,0,0,0
-0.303555655,415,0,0,-0.591781216,0.00027267,1.396703606,-0.000174967,1.997509635,-0.399057873,1.996745058,-0.322278198,1.028509886,-0.321630123,-0.947427294,-0.594841643,-0.950803387,-0.432980172,0,0,0,0,0,1,0,0,0,0,0,0,0,0,0,0,0,0,0,0,0,0,0,0,0,0,0,0,0,0,0,0,0,0,0,0,0,0,0,0,0,0,0,0,0,0,0,0,0,0,0
-0.19933381,415,0,0,-0.591781216,1.702529914,0.99193991,1.658010358,-1.421733961,-0.796394515,-1.421439336,-0.720800681,-1.909814729,-0.721286828,1.023700062,0.629250074,1.027081316,1.088602382,0,0,0,0,0,0,0,0,0,0,0,0,0,0,0,0,1,0,0,0,0,0,0,0,0,0,0,0,0,0,0,0,0,0,0,0,0,0,0,0,0,0,0,0,0,0,0,0,0,0,0
-0.407777501,415,0,0,-0.591781216,-1.636892467,-0.171755715,-1.595062148,-0.138258315,-0.250056632,-0.139027576,-0.600222084,-0.621075863,-0.598664884,-0.194815031,-0.594841643,-0.19416293,0.327811105,0,0,1,0,0,0,0,0,0,0,0,0,0,0,0,0,0,0,0,0,0,0,0,0,0,0,0,0,0,0,0,0,0,0,0,0,0,0,0,0,0,0,0,0,0,0,0,0,0,0,0
1.546382097,408,0,0,-0.591781216,-1.913040803,0.789558062,-1.864079263,-0.122139312,-0.250056632,-0.122434448,-0.859772624,-2.373760721,-0.862074985,0.23524912,1.85334179,0.230617677,-1.19377145,0,0,0,0,0,0,0,0,0,0,0,0,0,0,0,0,0,0,0,0,0,0,0,0,0,0,0,0,0,0,0,0,0,0,0,0,0,0,0,0,0,0,0,0,0,0,0,0,0,0,1
-1.892938795,415,0,0,-0.591781216,-0.226563464,-0.677710335,-0.221718474,-0.785033327,-0.399057873,-0.786159573,-0.177175141,0.616113449,-0.176300412,-0.051460314,-0.594841643,-0.048144596,1.088602382,0,0,0,0,0,0,0,0,0,0,0,0,0,0,0,0,0,0,0,0,0,0,0,0,0,0,0,0,0,0,0,0,0,0,0,0,0,0,1,0,0,0,0,0,0,0,0,0,0,0,0
-0.720443036,408,0,0,-0.591781216,2.10491749,0.435389829,2.05023279,-0.452578882,-1.64073488,-0.451926564,0.268352558,2.678095635,0.268771827,0.163571761,3.89349465,0.164245707,-0.432980172,1,0,0,0,0,0,0,0,0,0,0,0,0,0,0,0,0,0,0,0,0,0,0,0,0,0,0,0,0,0,0,0,0,0,0,0,0,0,0,0,0,0,0,1,0,0,0,0,0,0,0
1.442160252,408,0,0,-0.591781216,-0.106241689,-0.272946639,-0.104164776,-0.283329346,1.388957016,-0.283624836,1.167582775,0.255266566,1.167999412,0.952022704,0.221219501,0.947434952,1.088602382,0,0,0,0,0,0,0,0,0,0,0,0,0,0,0,0,0,0,0,0,0,0,0,0,0,0,0,0,0,0,0,0,0,0,1,0,0,0,0,0,0,0,0,0,0,0,0,0,0,0,0
-1.762661489,415,1,0,-0.591781216,0.215273874,-0.019969329,0.208934975,-0.785033327,0.19694709,-0.786159573,-0.228267766,1.85330276,-0.2262575,0.987861383,0.629250074,0.987258134,-0.432980172,0,0,0,0,0,0,0,0,0,0,0,0,0,0,0,0,0,0,0,0,0,0,0,0,0,0,0,0,0,0,0,0,0,0,0,0,0,1,0,0,0,0,0,0,0,0,0,0,0,0,0
-0.616221191,510,0,0,-0.591781216,-0.082571831,-0.728305797,-0.080427972,0.089422608,-1.094396997,0.088535324,0.90190112,-0.002481207,0.900047758,2.708117985,-0.594841643,2.712929351,1.849393659,0,0,0,0,1,0,0,0,0,0,0,0,0,0,0,0,0,0,0,0,0,0,0,0,0,0,0,0,0,0,0,0,0,0,0,0,0,0,0,0,0,0,0,0,0,0,0,0,0,0,0
0.478108184,415,0,0,-0.591781216,-0.912989328,0.081221595,-0.889739965,0.07934823,-1.442066559,0.079053536,-0.085208414,0.152167457,-0.085469343,0.306926478,1.037280646,0.310264041,-0.432980172,0,0,0,0,0,0,0,0,0,0,0,0,0,0,0,0,0,0,0,0,0,0,0,0,0,0,0,0,0,0,0,0,0,0,1,0,0,0,0,0,0,0,0,0,0,0,0,0,0,0,0
-0.251444733,510,0,1,1.387097466,0.491422211,-0.222351177,0.47795209,-1.302856311,-0.349390793,-1.302916992,0.192735472,-0.930373191,0.191565418,-1.305814086,-1.002872215,-1.309212024,1.088602382,0,0,1,0,0,0,0,0,0,0,0,0,0,0,0,0,0,0,0,0,0,0,0,0,0,0,0,0,0,0,0,0,0,0,0,0,0,0,0,0,0,0,0,0,0,0,0,0,0,0,0
0.035165342,510,0,0,-0.591781216,1.233077742,-0.627114873,1.200229133,0.655602602,-0.548059114,0.655072127,-0.256879637,1.080059441,-0.258048375,-1.449168803,0.629250074,-1.455230358,1.088602382,0,0,0,0,0,0,0,0,0,0,0,0,0,0,0,0,0,0,0,0,0,0,1,0,0,0,0,0,0,0,0,0,0,0,0,0,0,0,0,0,0,0,0,0,0,0,0,0,0,0,0
-0.381722039,415,0,1,1.826848285,1.448078947,0.587176215,1.410469399,0.190166379,-0.299723713,0.190464539,-2.167743849,-0.105580316,-2.170042382,0.593635912,-0.186811071,0.589026314,1.088602382,0,0,0,0,0,0,0,0,0,0,0,0,0,0,0,0,0,0,0,0,0,0,0,0,0,0,0,0,0,0,0,0,0,0,0,0,1,0,0,0,0,0,0,0,0,0,0,0,0,0,0
-0.485943885,415,0,0,-0.591781216,-0.980053924,0.485985291,-0.955298757,-0.309522727,-0.597726194,-0.309699751,-0.457162731,0.255266566,-0.457876727,-0.696556539,-0.186811071,-0.698589901,-1.19377145,0,0,0,0,0,0,0,0,0,0,0,0,0,0,0,0,0,0,0,0,0,0,0,0,0,0,0,0,0,0,0,0,0,0,0,0,0,0,0,0,0,0,0,1,0,0,0,0,0,0,0
-0.303555655,408,0,0,-0.591781216,-1.45542356,2.560399232,-1.418731602,-0.222883083,2.08429614,-0.221993217,-0.616571724,-1.70361651,-0.616831098,0.880345346,1.037280646,0.881062982,-1.19377145,0,0,0,0,0,0,0,0,0,0,0,0,0,0,0,0,0,0,0,0,0,0,0,0,0,0,0,1,0,0,0,0,0,0,0,0,0,0,0,0,0,0,0,0,0,0,0,0,0,0,0
-0.381722039,415,0,0,-0.591781216,0.286283447,-0.121160253,0.27788474,-0.138258315,-0.250056632,-0.139027576,-0.185349961,1.18315855,-0.185383519,-0.338169747,1.037280646,-0.340181264,1.088602382,0,0,0,0,0,0,0,0,0,0,0,0,0,1,0,0,0,0,0,0,0,0,0,0,0,0,0,0,0,0,0,0,0,0,0,0,0,0,0,0,0,0,0,0,0,0,0,0,0,0,0
-0.225389272,415,0,0,-0.591781216,0.331650673,-0.930687645,0.3230977,-0.214823582,-0.548059114,-0.214881876,-0.773937012,-0.054030762,-0.775785469,0.199410441,-1.002872215,0.204068889,0.327811105,0,0,0,0,0,0,0,0,0,0,0,0,0,0,0,0,0,0,0,0,0,0,0,0,0,0,0,0,0,0,0,0,0,0,0,0,0,1,0,0,0,0,0,0,0,0,0,0,0,0,0
-0.355666578,510,0,0,-0.591781216,0.094952099,-0.981283107,0.092511602,-0.577501158,0.14728001,-0.577560248,-0.361108594,-0.208679425,-0.362504104,1.238732138,-0.594841643,1.239471619,1.088602382,0,0,0,0,0,0,0,0,0,0,0,0,0,0,0,0,0,0,0,0,0,0,0,0,0,0,0,0,0,0,0,0,0,0,0,0,0,0,0,0,0,1,0,0,0,0,0,0,0,0,0
-0.954942188,408,0,0,-0.591781216,1.621657901,0.637771677,1.578887677,-1.059056384,-0.051388311,-1.058760964,-1.141803919,-1.342769628,-1.1436513,1.274570817,-0.186811071,1.279294801,-1.19377145,0,0,0,0,0,0,0,0,0,0,0,0,0,0,0,0,0,0,0,0,0,0,0,0,0,0,0,0,0,1,0,0,0,0,0,0,0,0,0,0,0,0,0,0,0,0,0,0,0,0,0
-0.538054807,510,0,0,-0.591781216,0.448027472,0.890748986,0.436130101,1.199618966,-1.64073488,1.200274908,-0.483730896,0.616113449,-0.485126048,-0.374008427,0.221219501,-0.380004446,1.088602382,0,0,0,0,0,0,0,0,0,0,0,0,0,0,0,0,0,0,0,0,0,0,0,0,0,0,0,0,0,0,0,0,0,0,0,0,0,0,0,1,0,0,0,0,0,0,0,0,0,0,0
1.676659404,415,0,1,2.266599103,-0.242343369,0.637771677,-0.236412686,-0.56339703,-0.299723713,-0.563337567,-0.17308773,0.667663003,-0.171758859,-0.266492389,-0.186811071,-0.2605349,1.088602382,0,0,0,0,0,0,0,0,0,0,0,0,0,0,0,0,0,0,0,0,1,0,0,0,0,0,0,0,0,0,0,0,0,0,0,0,0,0,0,0,0,0,0,0,0,0,0,0,0,0,0
1.363993868,415,0,1,1.020638451,-0.236425904,0.182412519,-0.230761066,0.92962566,-0.448724953,0.930043964,0.057850939,0.873861222,0.059860368,-0.983265973,2.669402934,-0.977352175,-0.432980172,0,0,0,0,0,0,0,0,0,0,0,0,0,1,0,0,0,0,0,0,0,0,0,0,0,0,0,0,0,0,0,0,0,0,0,0,0,0,0,0,0,0,0,0,0,0,0,0,0,0,0
0.191498109,415,0,0,-0.591781216,1.19362798,-1.133069493,1.161798117,0.597171214,0.445282491,0.598181402,0.325576299,-0.878823636,0.323270468,-1.807555595,-1.410902787,-1.813638995,0.327811105,0,0,0,0,0,0,0,0,0,0,0,0,0,0,0,0,0,0,0,0,0,0,0,0,0,0,0,0,0,0,0,0,0,0,0,0,0,0,0,0,0,1,0,0,0,0,0,0,0,0,0
0.087276264,415,0,1,1.313805663,0.185686553,0.587176215,0.180676875,-0.452578882,-0.150722472,-0.451926564,-0.036159493,0.203717012,-0.035512255,0.306926478,-0.186811071,0.310264041,-0.432980172,0,0,0,0,0,0,0,0,0,0,0,0,0,0,0,0,0,0,0,0,0,0,0,0,0,0,0,0,0,0,0,0,0,0,1,0,0,0,0,0,0,0,0,0,0,0,0,0,0,0,0
0.373886338,408,0,0,-0.591781216,-1.025421151,-1.689619575,-0.999381394,-0.357879737,-0.498392034,-0.357108689,-0.575697623,-0.414877644,-0.575957117,0.127733082,1.037280646,0.124422525,-0.432980172,0,0,0,0,0,0,0,0,1,0,0,0,0,0,0,0,0,0,0,0,0,0,0,0,0,0,0,0,0,0,0,0,0,0,0,0,0,0,0,0,0,0,0,0,0,0,0,0,0,0,0
-0.355666578,415,0,0,-0.591781216,0.503257139,0.283603443,0.48925533,-2.038285841,1.090954535,-2.037755523,-0.236442587,-1.291220073,-0.235340607,1.1312161,-0.594841643,1.133276468,-0.432980172,0,0,0,0,0,0,0,0,0,0,0,0,0,0,0,0,0,0,0,0,0,0,0,0,0,0,0,0,0,0,0,0,0,0,0,0,1,0,0,0,0,0,0,0,0,0,0,0,0,0,0
0.478108184,510,0,0,-0.591781216,-0.496794336,1.447299068,-0.483953644,-0.142288066,-0.647393275,-0.141398023,-0.41220122,2.317248752,-0.412461192,1.1312161,-0.594841643,1.133276468,0.327811105,0,0,0,0,0,0,0,0,0,0,0,0,0,0,0,1,0,0,0,0,0,0,0,0,0,0,0,0,0,0,0,0,0,0,0,0,0,0,0,0,0,0,0,0,0,0,0,0,0,0,0
-0.824664882,415,0,0,-0.591781216,-0.512574241,0.435389829,-0.499778181,-0.134228565,0.24661417,-0.134286683,1.124664969,0.719212558,1.122583878,1.382086854,0.629250074,1.385489953,-0.432980172,0,0,0,0,0,0,0,0,0,0,0,0,0,0,0,0,0,0,0,0,0,0,0,0,0,0,0,0,0,0,0,0,0,1,0,0,0,0,0,0,0,0,0,0,0,0,0,0,0,0,0
1.390049329,415,1,0,-0.591781216,-0.666428314,-1.588428651,-0.650111274,0.151883746,2.03462906,0.152537389,-0.41220122,0.306816121,-0.412461192,1.489602892,2.261372362,1.491685105,-1.19377145,1,0,0,0,0,0,0,0,0,0,0,0,0,0,0,0,0,0,0,0,0,0,0,0,0,0,0,0,0,0,0,0,0,0,0,0,1,0,0,0,0,0,0,0,0,0,0,0,0,0,0
-1.137330417,415,0,1,2.120015497,0.424357615,-1.234260417,0.412393297,1.600579176,1.090954535,1.60088043,-0.957870465,0.51301434,-0.957447608,0.557797233,-1.410902787,0.562477527,-0.432980172,0,0,0,0,0,0,0,0,0,0,0,0,0,0,0,0,1,0,0,0,0,0,0,0,0,0,0,0,0,0,0,0,0,0,0,0,0,0,0,0,0,0,0,0,0,0,0,0,0,0,0
0.764718258,510,0,0,-0.591781216,-0.800557506,-1.436642265,-0.780098536,0.913506656,0.594283732,0.913450836,0.125293205,1.080059441,0.123442116,0.414442516,1.85334179,0.416459193,2.610184936,0,0,0,0,0,0,0,0,0,0,0,0,1,0,0,0,0,0,0,0,0,0,0,0,0,0,0,0,0,0,0,0,0,0,0,0,0,0,0,0,0,0,0,0,0,0,0,0,0,0,0
1.311882946,415,0,0,-0.591781216,-1.199000105,1.396703606,-1.168929996,1.564311418,-1.74006904,1.565323727,-0.12812622,-2.012913838,-0.126343324,1.059538742,2.261372362,1.053630104,0.327811105,0,0,0,0,0,0,0,0,0,0,0,0,0,0,0,0,0,0,0,0,0,0,0,0,0,0,0,0,0,0,0,1,0,0,0,0,0,0,0,0,0,0,0,0,0,0,0,0,0,0,0
1.59849302,408,0,0,-0.591781216,0.747845666,-0.677710335,0.727753696,1.578415546,-1.442066559,1.579546408,1.014304897,-1.806715619,1.013586595,0.056055724,-0.186811071,0.058050555,0.327811105,1,0,0,0,0,0,0,0,0,0,0,0,0,0,0,0,0,0,0,0,0,0,0,0,0,0,0,0,0,0,0,1,0,0,0,0,0,0,0,0,0,0,0,0,0,0,0,0,0,0,0
-1.059164033,415,0,0,-0.591781216,-0.684180707,1.649680916,-0.667066134,0.170017624,-0.399057873,0.169130517,2.604307418,0.616113449,2.603130306,1.56128025,-1.002872215,1.558057075,-0.432980172,0,0,0,0,0,0,0,0,0,0,0,0,0,0,0,0,0,0,0,0,0,0,0,0,0,0,1,0,0,0,0,0,0,0,0,0,0,0,0,0,0,0,0,0,0,0,0,0,0,0,0
-0.511999346,510,0,0,-0.591781216,0.469724841,-0.576519411,0.457606257,1.791992341,-1.541400719,1.792886627,0.241784392,-1.497418292,0.241522506,-0.553201823,-0.594841643,-0.552571568,1.088602382,0,0,0,0,0,0,0,0,0,0,0,0,1,0,0,0,0,0,0,0,0,0,0,0,0,0,0,0,0,0,0,0,0,0,0,0,0,0,0,0,0,0,0,0,0,0,0,0,0,0,0
0.921051026,408,0,0,-0.591781216,1.777484463,0.283603443,1.731481419,0.566948083,0.047945849,0.567365592,1.15327684,0.306816121,1.154374752,-0.051460314,1.445311218,-0.048144596,-0.432980172,1,0,0,0,0,0,0,0,0,0,0,0,0,0,0,0,0,0,0,0,0,0,0,0,0,0,0,0,0,0,0,0,0,0,0,0,0,0,0,0,0,0,0,1,0,0,0,0,0,0,0
0.530219106,415,0,1,0.947346648,-1.053035984,-0.829496721,-1.02650917,0.180092002,0.097612929,0.180982752,-0.175131435,1.492455878,-0.176300412,0.127733082,-1.002872215,0.124422525,-0.432980172,0,0,0,0,0,0,0,0,0,0,0,0,0,0,0,0,0,0,0,0,0,0,0,0,0,1,0,0,0,0,0,0,0,0,0,0,0,0,0,0,0,0,0,0,0,0,0,0,0,0,0
0.113331725,510,0,1,0.50759583,-1.806526445,1.24491722,-1.760089454,-0.498921016,2.08429614,-0.499335501,1.406696265,-0.775724527,1.408701746,-0.194815031,-1.410902787,-0.19416293,0.327811105,0,0,0,0,0,0,0,0,0,0,0,0,1,0,0,0,0,0,0,0,0,0,0,0,0,0,0,0,0,0,0,0,0,0,0,0,0,0,0,0,0,0,0,0,0,0,0,0,0,0,0
0.113331725,415,0,1,1.900140088,0.765598059,-1.993192347,0.74583888,-0.079826928,-1.293065318,-0.079766404,-1.021225322,0.152167457,-1.021029356,-0.123137672,-0.186811071,-0.12779096,0.327811105,0,0,0,0,0,0,0,0,0,0,0,0,0,0,0,0,0,0,0,0,0,0,0,0,0,0,0,0,0,0,0,0,0,0,0,0,0,0,0,0,0,0,0,0,0,0,0,0,1,0,0
-1.293663185,415,0,1,1.313805663,1.126563384,-1.993192347,1.097369648,1.26409498,-0.150722472,1.264276974,-0.40811381,-0.466427199,-0.407919639,0.342765158,1.445311218,0.336812829,-0.432980172,0,0,0,0,0,0,0,0,0,0,0,0,0,0,0,0,0,0,0,0,0,0,0,0,0,0,1,0,0,0,0,0,0,0,0,0,0,0,0,0,0,0,0,0,0,0,0,0,0,0,0
-0.954942188,408,0,0,-0.591781216,-1.096430723,0.840153524,-1.068331159,-0.15840707,0.395615411,-0.157991151,-0.780068127,-0.827274081,-0.780327023,-1.377491444,0.221219501,-1.375583994,1.088602382,0,0,0,0,0,0,0,0,0,0,1,0,0,0,0,0,0,0,0,0,0,0,0,0,0,0,0,0,0,0,0,0,0,0,0,0,0,0,0,0,0,0,0,0,0,0,0,0,0,0,0
-0.538054807,510,1,1,1.606972875,0.089034635,1.599085454,0.085729658,-0.668170552,0.445282491,-0.667637229,0.239740687,0.719212558,0.241522506,-0.087298993,2.261372362,-0.087967778,-1.19377145,0,0,0,0,0,0,0,0,0,0,0,0,0,0,0,0,0,0,0,0,0,0,0,0,0,0,1,0,0,0,0,0,0,0,0,0,0,0,0,0,0,0,0,0,0,0,0,0,0,0,0
-1.163385879,415,0,0,-0.591781216,0.84844256,1.649680916,0.826091885,1.538118038,-0.548059114,1.539248811,-2.028771906,-0.311778535,-2.029254225,1.202893458,-0.186811071,1.199648437,1.849393659,0,0,0,0,0,0,0,0,0,0,0,0,0,0,0,0,0,0,0,0,0,0,0,0,0,0,0,0,1,0,0,0,0,0,0,0,0,0,0,0,0,0,0,0,0,0,0,0,0,0,0
0.504163645,415,0,0,-0.591781216,-0.601336206,-0.121160253,-0.58681313,-0.142288066,-0.597726194,-0.141398023,0.977518207,0.976960331,0.977254167,0.306926478,0.221219501,0.310264041,-0.432980172,0,0,0,0,0,0,0,0,0,0,0,0,0,0,0,0,0,0,0,0,0,0,0,0,0,0,0,0,0,0,0,0,0,0,0,0,0,0,0,0,0,0,0,0,0,0,1,0,0,0,0
0.061220803,510,0,0,-0.591781216,0.528899485,1.24491722,0.515252782,-0.412281373,0.643950812,-0.411628967,0.399149681,-0.26022898,0.400476877,0.70115195,-0.186811071,0.695221466,1.088602382,0,0,0,0,0,0,0,0,0,0,0,0,0,0,0,0,0,0,0,0,0,0,0,0,0,0,0,0,0,0,0,0,0,0,0,0,0,0,0,0,0,1,0,0,0,0,0,0,0,0,0
1.650603943,510,0,1,1.387097466,-0.394224954,0.081221595,-0.384485131,-0.641977172,0.643950812,-0.641562314,0.879420365,1.389356769,0.877339991,-0.23065371,1.85334179,-0.233986112,1.088602382,0,0,0,0,0,0,0,0,0,0,0,0,0,0,0,0,0,0,0,0,0,0,0,0,0,0,0,0,0,0,0,0,0,0,0,1,0,0,0,0,0,0,0,0,0,0,0,0,0,0,0
0.3999418,415,0,1,1.387097466,0.493394699,0.890748986,0.480212738,0.176062251,-0.448724953,0.176241858,0.241784392,-1.70361651,0.241522506,-1.162459369,-1.002872215,-1.16319369,0.327811105,0,0,0,0,0,0,0,0,0,0,0,0,0,0,0,0,0,0,0,0,0,0,0,0,0,0,0,0,0,0,0,0,0,0,0,1,0,0,0,0,0,0,0,0,0,0,0,0,0,0,0
0.530219106,408,0,0,-0.591781216,0.661056189,-1.082474031,0.642979395,-1.611132251,0.792952053,-1.611075086,0.88555148,0.100617902,0.886423098,-0.983265973,-0.186811071,-0.977352175,-0.432980172,0,0,0,0,0,0,0,0,0,0,0,0,0,0,0,0,0,0,0,0,0,0,0,0,0,0,1,0,0,0,0,0,0,0,0,0,0,0,0,0,0,0,0,0,0,0,0,0,0,0,0
2.145657707,415,0,0,-0.591781216,-1.242394844,-0.424733025,-1.210751984,0.264716769,0.594283732,0.263948392,0.270396263,0.616113449,0.268771827,-0.194815031,0.629250074,-0.19416293,0.327811105,0,0,0,0,0,0,0,0,0,0,0,0,0,0,0,0,0,0,0,0,0,0,0,0,0,0,0,0,0,0,0,0,0,1,0,0,0,0,0,0,0,0,0,0,0,0,0,0,0,0,0
0.087276264,408,0,0,-0.591781216,1.651245223,0.030626133,1.608276102,0.701944737,0.842619133,0.702481064,-2.024684496,2.368798307,-2.024712671,0.987861383,-0.186811071,0.987258134,-1.19377145,0,0,0,0,0,0,0,0,0,0,0,0,0,0,0,0,0,0,0,0,0,0,0,0,0,0,0,0,0,0,0,0,0,0,0,0,0,0,0,0,0,0,0,0,1,0,0,0,0,0,0
-0.277500194,408,0,0,-0.591781216,-0.778860136,-0.171755715,-0.759752703,0.266731645,0.097612929,0.266318839,-1.656817589,1.337807214,-1.656846841,-1.12662069,-1.002872215,-1.123370509,-0.432980172,0,0,0,0,0,0,0,0,0,0,0,0,0,0,0,0,0,0,0,0,0,0,0,0,0,0,0,0,0,0,1,0,0,0,0,0,0,0,0,0,0,0,0,0,0,0,0,0,0,0,0
-0.485943885,415,0,0,-0.591781216,0.355320531,0.030626133,0.34570418,-1.472105847,-0.846061596,-1.47121872,-1.205158775,0.152167457,-1.207233048,1.167054779,-0.594841643,1.173099649,-0.432980172,0,0,0,0,0,0,0,0,0,0,0,0,0,0,0,0,0,0,1,0,0,0,0,0,0,0,0,0,0,0,0,0,0,0,0,0,0,0,0,0,0,0,0,0,0,0,0,0,0,0,0
-2.38799256,415,0,1,0.580887633,-1.798636492,-0.677710335,-1.752177186,-0.440489629,0.395615411,-0.440074329,0.564689789,-0.208679425,0.563972802,0.450281195,-0.594841643,0.456282375,0.327811105,0,0,0,0,0,0,0,0,0,0,0,0,0,0,0,0,0,0,0,0,0,0,0,0,0,0,0,0,0,0,0,0,0,0,1,0,0,0,0,0,0,0,0,0,0,0,0,0,0,0,0
-0.095111965,415,0,0,-0.591781216,0.702478439,-2.144978733,0.68367106,0.840971141,-0.448724953,0.839966983,1.609023064,0.255266566,1.608530098,0.66531327,1.85334179,0.668672678,-1.19377145,0,0,0,0,0,0,1,0,0,0,0,0,0,0,0,0,0,0,0,0,0,0,0,0,0,0,0,0,0,0,0,0,0,0,0,0,0,0,0,0,0,0,0,0,0,0,0,0,0,0,0
0.686551874,510,0,1,1.24051386,0.475642306,0.890748986,0.463257878,1.338645371,-2.584409405,1.337760827,0.491116407,0.255266566,0.491307947,-1.054943331,0.221219501,-1.056998539,-1.19377145,0,0,0,0,0,0,0,0,0,0,0,0,0,0,0,0,0,0,0,0,0,0,1,0,0,0,0,0,0,0,0,0,0,0,0,0,0,0,0,0,0,0,0,0,0,0,0,0,0,0,0
0.634440952,510,0,1,1.900140088,1.749869629,0.587176215,1.704353643,0.433966305,0.395615411,0.434620567,-1.70586651,0.100617902,-1.706803929,0.020217045,-0.594841643,0.018227373,-1.19377145,0,0,0,0,0,0,0,0,0,0,0,0,0,0,0,0,0,0,0,0,0,0,0,0,0,0,0,0,0,0,0,0,0,0,0,0,0,0,0,0,0,1,0,0,0,0,0,0,0,0,0
1.025272871,415,0,0,-0.591781216,-0.406059882,0.182412519,-0.395788372,1.393047007,0.29628125,1.392281105,0.39506227,0.822311667,0.395935324,0.020217045,-0.186811071,0.018227373,-0.432980172,0,0,0,0,0,0,0,0,0,0,0,0,0,0,0,0,0,0,0,0,0,1,0,0,0,0,0,0,0,0,0,0,0,0,0,0,0,0,0,0,0,0,0,0,0,0,0,0,0,0,0
-0.277500194,415,0,0,-0.591781216,-1.28776207,1.093130834,-1.254834621,-1.470090971,2.680301103,-1.47121872,1.063353818,0.461464785,1.063543683,-0.051460314,0.221219501,-0.048144596,0.327811105,0,0,0,0,0,0,0,0,0,0,0,0,0,0,0,0,0,0,0,0,1,0,0,0,0,0,0,0,0,0,0,0,0,0,0,0,0,0,0,0,0,0,0,0,0,0,0,0,0,0,0
-0.876775804,415,0,0,-0.591781216,-0.804502482,-1.790810499,-0.784619832,0.165987874,0.445282491,0.166760071,0.640306875,-0.930373191,0.641179211,-0.374008427,-0.594841643,-0.380004446,0.327811105,0,0,0,0,0,0,0,0,0,0,0,0,0,0,0,0,0,0,0,0,0,0,0,0,0,0,0,0,0,0,0,0,0,0,0,0,0,0,0,0,0,0,0,0,0,1,0,0,0,0,0
0.321775416,415,0,0,-0.591781216,0.124539421,-2.296765119,0.120769702,0.74022737,0.24661417,0.740408214,-1.082536473,-0.878823636,-1.084611105,0.70115195,0.629250074,0.695221466,-0.432980172,0,0,0,0,0,0,0,0,0,0,0,0,0,0,0,0,0,0,0,0,0,0,0,0,0,0,0,0,0,0,0,1,0,0,0,0,0,0,0,0,0,0,0,0,0,0,0,0,0,0,0
0.530219106,510,0,1,1.313805663,-0.183168725,-0.475328487,-0.178766161,1.084771067,-0.498392034,1.084123011,0.37871263,1.131608995,0.37776911,1.740473646,0.221219501,1.74389859,-1.19377145,0,0,0,0,0,0,0,0,0,0,0,0,0,0,0,0,0,0,0,0,0,0,0,0,0,0,0,0,0,0,0,0,0,0,0,0,0,0,0,0,0,0,1,0,0,0,0,0,0,0,0
-0.19933381,408,0,0,-0.591781216,-0.299545524,-0.272946639,-0.291798562,0.609260467,-0.647393275,0.610033636,-1.045749782,-0.466427199,-1.043737123,-0.123137672,-0.594841643,-0.12779096,1.849393659,0,0,0,0,0,0,0,1,0,0,0,0,0,0,0,0,0,0,0,0,0,0,0,0,0,0,0,0,0,0,0,0,0,0,0,0,0,0,0,0,0,0,0,0,0,0,0,0,0,0,0
0.530219106,408,0,0,-0.591781216,-0.218673511,1.042535372,-0.213806206,-0.646006922,-0.299723713,-0.646303208,-2.161612733,-2.116012947,-2.160959275,0.736990629,-0.186811071,0.735044648,-0.432980172,0,0,0,0,0,0,0,1,0,0,0,0,0,0,0,0,0,0,0,0,0,0,0,0,0,0,0,0,0,0,0,0,0,0,0,0,0,0,0,0,0,0,0,0,0,0,0,0,0,0,0
-1.241552263,408,0,0,-0.591781216,1.607850485,0.941344448,1.565323789,1.010220677,0.24661417,1.010639158,-0.512342767,0.616113449,-0.512375368,-0.158976351,-1.002872215,-0.154339748,-1.19377145,1,0,0,0,0,0,0,0,0,0,0,0,0,0,0,0,0,0,0,0,0,0,0,0,0,0,0,0,0,0,0,0,0,0,0,0,0,1,0,0,0,0,0,0,0,0,0,0,0,0,0
-0.668332114,415,0,0,-0.591781216,0.213301386,-0.475328487,0.207804651,-0.448549131,-1.243398238,-0.449556117,-0.790286652,0.667663003,-0.78941013,1.023700062,0.221219501,1.027081316,-0.432980172,0,0,0,0,0,0,0,0,0,0,0,0,0,0,0,0,0,0,0,0,0,0,0,0,0,0,0,0,0,0,0,0,0,0,0,0,0,0,0,1,0,0,0,0,0,0,0,0,0,0,0
-0.016945581,510,0,0,-0.591781216,0.027887503,1.042535372,0.026952809,2.291681447,0.445282491,2.29068047,0.932556696,-0.981922745,0.931838632,-2.165942387,1.85334179,-2.172047633,0.327811105,0,0,0,0,0,0,0,0,0,0,0,0,0,0,0,0,0,0,0,0,0,0,0,0,0,0,0,0,0,0,0,0,0,0,0,0,0,0,0,0,0,0,0,0,0,0,0,0,0,0,0
1.59849302,408,0,0,-0.591781216,0.004217646,1.548489992,-0.049909224,-1.732024776,1.090954535,-1.731967876,-0.970132696,-0.621075863,-0.971072268,-1.341652765,0.629250074,-1.335760812,1.088602382,0,0,0,0,0,0,0,0,0,0,0,0,0,0,0,0,0,0,0,0,0,0,0,0,0,0,0,0,0,0,0,0,0,0,0,0,0,0,0,0,0,0,0,0,0,0,0,0,1,0,0
1.025272871,415,0,0,-0.591781216,-0.378445049,0.688367139,-0.368660595,0.802688508,0.14728001,0.802039833,0.662787631,1.080059441,0.663886978,0.378603837,-0.186811071,0.376636011,-0.432980172,0,0,0,0,0,0,0,0,0,0,0,0,0,0,0,1,0,0,0,0,0,0,0,0,0,0,0,0,0,0,0,0,0,0,0,0,0,0,0,0,0,0,0,0,0,0,0,0,0,0,0
-0.251444733,408,0,0,-0.591781216,-0.887346983,0.789558062,-0.864872836,1.90684024,-0.101055392,1.906668077,-0.113820284,1.080059441,-0.112718664,-1.305814086,0.221219501,-1.309212024,0.327811105,0,0,0,0,0,0,0,0,0,0,0,0,0,0,0,0,0,0,0,0,0,0,1,0,0,0,0,0,0,0,0,0,0,0,0,0,0,0,0,0,0,0,0,0,0,0,0,0,0,0,0
-0.720443036,510,0,1,1.460389269,0.365182971,0.334198905,0.354746772,-1.240395173,1.140621615,-1.241285373,-0.040246903,2.007951424,-0.040053808,-0.517363143,-1.410902787,-0.512748386,0.327811105,0,0,0,0,0,0,0,0,0,0,0,0,0,1,0,0,0,0,0,0,0,0,0,0,0,0,0,0,0,0,0,0,0,0,0,0,0,0,0,0,0,0,0,0,0,0,0,0,0,0,0
-0.147222888,408,1,0,-0.591781216,0.970736823,1.700276378,0.944775907,1.108949572,-1.442066559,1.10782748,0.141642846,1.028509886,0.14160833,-0.051460314,-1.002872215,-0.048144596,1.849393659,1,0,0,0,0,0,0,0,0,0,0,0,0,0,0,0,0,0,0,0,0,0,0,0,0,0,0,0,0,0,1,0,0,0,0,0,0,0,0,0,0,0,0,0,0,0,0,0,0,0,0
1.155550178,408,0,0,-0.591781216,1.223215302,1.852062764,1.191186541,-1.306886062,-0.001721231,-1.307657886,1.564061553,1.18315855,1.563114563,1.023700062,-0.594841643,1.027081316,-1.19377145,0,0,0,0,0,0,0,0,0,0,0,0,0,0,0,0,0,0,0,0,0,0,0,1,0,0,0,0,0,0,0,0,0,0,0,0,0,0,0,0,0,0,0,0,0,0,0,0,0,0,0
-0.016945581,415,0,0,-0.591781216,-0.958356555,0.384794367,-0.933822601,-0.49287639,-0.945395756,-0.492224161,-2.276060216,-0.981922745,-2.274498111,-2.130103708,-0.186811071,-2.132224451,-0.432980172,0,0,0,1,0,0,0,0,0,0,0,0,0,0,0,0,0,0,0,0,0,0,0,0,0,0,0,0,0,0,0,0,0,0,0,0,0,0,0,0,0,0,0,0,0,0,0,0,0,0,0
0.556274568,415,0,0,-0.591781216,1.073306205,0.030626133,1.045374744,-0.009306288,1.041287454,-0.008652998,0.742492127,-0.569526308,0.741093387,1.023700062,1.85334179,1.027081316,0.327811105,0,0,0,0,0,0,0,0,0,0,0,0,0,0,0,0,0,0,0,0,0,0,0,1,0,0,0,0,0,0,0,0,0,0,0,0,0,0,0,0,0,0,0,0,0,0,0,0,0,0,0
0.217553571,415,0,0,-0.591781216,0.402660245,-1.436642265,0.392047465,2.019673264,0.991620374,2.020449527,0.713880257,-1.652066956,0.713844066,0.593635912,0.221219501,0.589026314,-1.19377145,0,0,0,0,0,0,0,0,0,0,0,0,0,0,0,0,0,0,0,0,0,0,0,0,1,0,0,0,0,0,0,0,0,0,0,0,0,0,0,0,0,0,0,0,0,0,0,0,0,0,0
-0.485943885,408,0,0,-0.591781216,0.004217646,0.334198905,-0.494126561,-2.141044487,0.693617893,-2.142055186,1.768432057,-0.26022898,1.767484469,-0.051460314,1.037280646,-0.048144596,-0.432980172,0,1,0,0,0,0,0,0,0,0,0,0,0,0,0,0,0,0,0,0,0,0,0,0,0,0,0,0,0,0,0,0,0,0,0,0,0,0,0,0,0,0,0,0,0,0,0,0,0,0,0
-0.928886727,415,0,1,1.093930254,0.878029882,0.283603443,0.854349986,-0.222883083,-0.001721231,-0.221993217,0.444111191,-1.291220073,0.445892412,-0.158976351,-0.186811071,-0.154339748,-1.19377145,0,0,0,0,0,0,0,0,0,0,0,0,0,0,0,0,0,0,0,0,0,0,0,0,0,0,0,0,0,0,0,0,0,0,0,0,0,0,1,0,0,0,0,0,0,0,0,0,0,0,0
-1.267607724,510,0,0,-0.591781216,-0.619088599,-0.880092183,-0.60376799,-0.384073117,-1.044729917,-0.383183604,-0.929258595,0.203717012,-0.930198287,-0.696556539,0.629250074,-0.698589901,1.088602382,0,0,0,0,0,0,0,0,0,0,0,0,0,0,0,0,0,0,0,0,0,0,0,0,0,0,0,0,0,0,0,0,0,0,0,0,0,0,0,0,0,0,0,0,0,0,0,0,0,0,0
0.921051026,415,0,1,1.167222057,-0.100324224,-1.234260417,-0.098513156,-0.484816888,0.693617893,-0.48511282,0.272439968,-0.466427199,0.27331338,-0.517363143,0.221219501,-0.512748386,0.327811105,0,0,0,0,0,0,0,0,0,0,0,0,0,0,0,0,0,0,0,0,0,0,0,0,0,1,0,0,0,0,0,0,0,0,0,0,0,0,0,0,0,0,0,0,0,0,0,0,0,0,0
-0.668332114,415,0,0,-0.591781216,-0.812392434,0.485985291,-0.791401776,-0.956297738,-0.697060355,-0.956831748,0.296964429,0.152167457,0.296021148,0.306926478,1.037280646,0.310264041,-0.432980172,0,0,0,0,0,0,0,0,0,0,0,0,1,0,0,0,0,0,0,0,0,0,0,0,0,0,0,0,0,0,0,0,0,0,0,0,0,0,0,0,0,0,0,0,0,0,0,0,0,0,0
1.181605639,408,0,0,-0.591781216,-1.394276429,-1.588428651,-1.35882443,1.31245199,-0.101055392,1.311685911,0.556514969,-1.0334723,0.554889695,0.844506666,-1.002872215,0.8412398,-0.432980172,0,0,0,0,0,0,0,0,0,0,0,0,0,0,0,0,0,0,0,0,0,0,0,0,0,0,0,0,0,0,0,0,0,0,0,0,0,0,0,0,0,0,0,0,0,0,0,0,0,0,1
0.113331725,408,0,0,-0.591781216,-0.342940263,-0.070564791,-0.334750875,0.238523389,-0.250056632,0.237873477,0.278571083,0.719212558,0.277854934,0.306926478,1.445311218,0.310264041,1.849393659,0,0,0,0,0,0,0,0,0,0,0,0,0,0,0,0,0,0,0,0,0,0,0,0,0,0,0,0,0,1,0,0,0,0,0,0,0,0,0,0,0,0,0,0,0,0,0,0,0,0,0
-1.371829569,415,0,0,-0.591781216,0.613716474,-0.829496721,0.597766435,-0.222883083,-0.101055392,-0.221993217,-0.888384494,-0.054030762,-0.889324306,2.206376476,-0.594841643,2.20850238,0.327811105,0,0,0,0,0,0,0,0,0,0,0,0,0,0,0,0,0,0,0,0,0,0,0,0,0,0,0,0,1,0,0,0,0,0,0,0,0,0,0,0,0,0,0,0,0,0,0,0,0,0,0
-1.449995953,415,0,0,-0.591781216,-0.735465398,0.334198905,-0.716800391,2.37832109,-1.094396997,2.378387005,0.470679357,0.40991523,0.468600179,0.306926478,1.037280646,0.310264041,-0.432980172,0,0,0,0,0,0,1,0,0,0,0,0,0,0,0,0,0,0,0,0,0,0,0,0,0,0,0,0,0,0,0,0,0,0,0,0,0,0,0,0,0,0,0,0,0,0,0,0,0,0,0
0.139387187,415,0,1,2.120015497,0.864222465,0.182412519,0.841916421,0.693885235,-0.051388311,0.692999277,-1.246032876,-0.517976753,-1.248107029,0.127733082,0.221219501,0.124422525,0.327811105,0,0,0,0,0,0,0,0,0,0,0,0,0,0,0,0,0,0,0,0,0,0,0,0,0,0,0,1,0,0,0,0,0,0,0,0,0,0,0,0,0,0,0,0,0,0,0,0,0,0,0
-1.762661489,510,0,0,-0.591781216,0.055502337,-1.790810499,0.054080585,0.633438972,-0.200389552,0.633738105,-1.060055717,-0.930373191,-1.061903337,-0.983265973,-1.002872215,-0.977352175,0.327811105,0,0,0,0,0,0,1,0,0,0,0,0,0,0,0,0,0,0,0,0,0,0,0,0,0,0,0,0,0,0,0,0,0,0,0,0,0,0,0,0,0,0,0,0,0,0,0,0,0,0,0
0.139387187,408,0,0,-0.591781216,0.274448518,-1.740215037,0.266581499,0.756346373,-0.895728676,0.757001342,-0.504167947,0.358365676,-0.503292261,0.952022704,-0.594841643,0.947434952,-1.19377145,0,0,0,0,0,0,0,0,0,0,0,0,0,0,0,0,0,0,0,0,0,0,0,0,0,0,0,0,0,0,0,0,0,0,0,0,0,0,0,0,0,0,0,0,0,0,0,1,0,0,0
1.051328332,415,0,0,-0.591781216,0.25077866,0.536580753,0.243975019,-0.881747347,-0.647393275,-0.880977448,-0.516430177,-0.930373191,-0.516916922,0.271087799,0.629250074,0.270440859,-1.19377145,0,0,0,0,0,0,0,0,0,0,0,0,0,0,0,0,0,0,0,0,0,0,0,0,0,0,0,0,0,0,0,0,0,1,0,0,0,0,0,0,0,0,0,0,0,0,0,0,0,0,0
-0.173278349,510,0,1,1.460389269,1.055553812,-0.627114873,1.027289559,-1.760233032,0.097612929,-1.760413239,-1.69769169,-1.497418292,-1.697720822,2.098860439,-0.186811071,2.102307228,-1.19377145,0,0,0,0,0,0,0,0,0,0,0,0,0,0,0,0,1,0,0,0,0,0,0,0,0,0,0,0,0,0,0,0,0,0,0,0,0,0,0,0,0,0,0,0,0,0,0,0,0,0,0
-0.928886727,510,0,0,-0.591781216,-0.411977347,-2.397956043,-0.401439992,-0.245046713,1.587625337,-0.245697686,-0.240529997,-0.672625417,-0.239882161,-0.158976351,-0.186811071,-0.154339748,0.327811105,0,0,0,0,0,1,0,0,0,0,0,0,0,0,0,0,0,0,0,0,0,0,0,0,0,0,0,0,0,0,0,0,0,0,0,0,0,0,0,0,0,0,0,0,0,0,0,0,0,0,0
-0.407777501,415,0,0,-0.591781216,0.004217646,0.587176215,-1.029900142,1.491775903,1.289622856,1.491839874,-0.340671544,-0.26022898,-0.339796337,-0.158976351,-0.186811071,-0.154339748,-0.432980172,0,0,0,0,0,0,0,0,0,0,0,0,0,0,0,0,0,0,0,0,0,0,0,0,1,0,0,0,0,0,0,0,0,0,0,0,0,0,0,0,0,0,0,0,0,0,0,0,0,0,0
-0.772553959,510,0,0,-0.591781216,2.183817015,0.384794367,2.127094823,1.072681815,-0.399057873,1.072270777,1.271811732,1.337807214,1.272455142,-0.051460314,0.221219501,-0.048144596,1.088602382,1,0,0,0,0,0,0,0,0,0,0,0,0,0,0,0,0,0,0,1,0,0,0,0,0,0,0,0,0,0,0,0,0,0,0,0,0,0,0,0,0,0,0,0,0,0,0,0,0,0,0
0.295719955,408,0,1,1.606972875,-2.348960677,0.637771677,-2.289081091,-0.700408559,-0.200389552,-0.700823486,-1.395223344,-0.054030762,-1.39343674,1.095377421,1.037280646,1.093453286,-1.19377145,0,0,0,0,0,0,0,0,0,0,0,0,0,0,0,0,0,0,0,0,0,0,0,0,0,0,0,0,0,0,0,0,0,0,1,0,0,0,0,0,0,0,0,0,0,0,0,0,0,0,0
0.243609032,415,0,0,-0.591781216,-0.617116111,-0.272946639,-0.601507342,-0.138258315,-0.101055392,-0.139027576,0.100768745,0.306816121,0.100734349,-1.198298048,0.629250074,-1.203016872,-1.19377145,0,0,0,0,0,0,0,0,0,0,0,0,0,0,0,0,0,0,0,0,0,0,0,0,0,0,0,0,0,0,0,0,0,0,0,0,0,0,0,0,0,0,0,0,0,0,0,0,0,0,0
0.269664493,415,0,0,-0.591781216,1.317894731,0.384794367,1.28387311,0.315088655,-0.548059114,0.316098224,-0.438769386,-0.054030762,-0.439710513,0.880345346,-0.594841643,0.881062982,0.327811105,0,0,0,0,0,0,0,0,0,0,0,0,0,0,0,0,0,0,0,0,0,0,0,0,0,0,0,0,0,0,0,0,0,0,0,0,0,0,0,0,0,0,0,0,0,0,0,0,1,0,0
-0.694387575,408,0,0,-0.591781216,2.3356986,0.587176215,2.275167269,0.012857341,-0.001721231,0.012681024,0.278571083,-0.621075863,0.277854934,-0.194815031,-0.186811071,-0.19416293,0.327811105,1,0,0,0,0,0,0,0,0,0,0,0,0,0,0,0,0,0,0,0,0,0,0,0,0,0,0,0,0,0,1,0,0,0,0,0,0,0,0,0,0,0,0,0,0,0,0,0,0,0,0
0.113331725,510,0,0,-0.591781216,-1.191110153,-0.930687645,-1.161017728,-0.313552477,0.544616652,-0.314440645,-0.900646724,-1.342769628,-0.898407413,0.23524912,-0.186811071,0.230617677,0.327811105,0,0,0,0,0,0,0,0,0,0,0,0,0,0,0,0,0,0,0,0,0,0,0,0,0,0,0,0,0,0,0,0,0,0,0,0,0,0,0,0,0,0,1,0,0,0,0,0,0,0,0
-1.58027326,408,0,0,-0.591781216,1.238995207,-0.930687645,1.207011077,0.649557976,-0.150722472,0.650331233,-0.961957876,-0.724174972,-0.961989161,-0.23065371,1.037280646,-0.233986112,-1.19377145,0,0,0,0,0,0,0,0,0,0,0,0,0,0,0,0,0,0,0,0,0,0,0,0,0,0,0,0,0,0,0,0,0,0,1,0,0,0,0,0,0,0,0,0,0,0,0,0,0,0,0
0.712607335,408,1,1,0.727471239,0.836607631,-0.576519411,0.814788645,-0.807196956,0.445282491,-0.807493595,0.36236299,0.100617902,0.36414445,1.202893458,-1.002872215,1.199648437,-1.19377145,1,0,0,0,0,0,0,0,0,0,1,0,0,0,0,0,0,0,0,0,0,0,0,0,0,0,0,0,0,0,0,0,0,0,0,0,0,0,0,0,0,0,0,0,0,0,0,0,0,0,0
0.582330029,408,0,0,-0.591781216,1.114728455,1.75087184,1.084936084,1.4756569,-0.597726194,1.475246745,0.529946803,-1.188120964,0.532181928,-0.051460314,0.629250074,-0.048144596,0.327811105,1,0,0,0,0,0,0,0,0,0,0,0,0,0,0,0,0,0,0,0,0,0,0,1,0,0,0,0,0,0,0,0,0,0,0,0,0,0,0,0,0,0,0,0,0,0,0,0,0,0,0
0.556274568,510,0,0,-0.591781216,-0.699960612,-0.677710335,-0.682890671,0.232478763,-1.293065318,0.233132583,-0.649271005,-0.672625417,-0.648621972,-0.266492389,-0.186811071,-0.2605349,-1.19377145,0,0,0,0,0,0,0,0,0,0,0,0,0,0,0,0,0,0,0,0,0,0,1,0,0,0,0,0,0,0,0,0,0,0,0,0,0,0,0,0,0,0,0,0,0,0,0,0,0,0,0
0.347830877,408,0,1,0.800763042,-0.494821848,-0.019969329,-0.48282332,0.824852137,0.445282491,0.825744302,-0.839335573,0.616113449,-0.839367218,0.844506666,-1.410902787,0.8412398,1.088602382,0,0,0,0,0,0,0,0,0,0,0,0,0,1,0,0,0,0,0,0,0,0,0,0,0,0,0,0,0,0,0,0,0,0,0,0,0,0,0,0,0,0,0,0,0,0,0,0,0,0,0
0.035165342,415,0,1,1.24051386,-0.834089804,-0.019969329,-0.812877932,-0.482802013,-0.846061596,-0.482742373,-0.263010752,-0.363328089,-0.262589928,-0.015621635,0.629250074,-0.021595808,0.327811105,0,0,0,0,0,0,1,0,0,0,0,0,0,0,0,0,0,0,0,0,0,0,0,0,0,0,0,0,0,0,0,0,0,0,0,0,0,0,0,0,0,0,0,0,0,0,0,0,0,0,0
0.660496413,415,0,0,-0.591781216,-1.498818299,-0.374137563,-1.460553591,-1.484195099,0.345948331,-1.483070954,2.620657058,-1.755166065,2.62129652,1.489602892,-1.410902787,1.491685105,-1.19377145,0,0,0,0,0,0,0,0,0,0,0,0,0,0,0,0,0,0,0,0,0,0,0,0,0,0,0,1,0,0,0,0,0,0,0,0,0,0,0,0,0,0,0,0,0,0,0,0,0,0,0
1.285827484,415,0,0,-0.591781216,-0.849869708,0.587176215,-0.828702468,0.176062251,-0.945395756,0.176241858,-0.816854818,-1.136571409,-0.81665945,0.70115195,-1.002872215,0.695221466,1.849393659,1,0,0,0,0,0,0,0,0,0,0,0,0,0,0,0,0,0,1,0,0,0,0,0,0,0,0,0,0,0,0,0,0,0,0,0,0,0,0,0,0,0,0,0,0,0,0,0,0,0,0
-1.059164033,408,0,0,-0.591781216,2.171982086,0.030626133,2.115791583,1.106934697,0.743284973,1.10782748,0.852852199,-1.239670518,0.854632223,0.521958554,-0.186811071,0.522654345,0.327811105,1,0,0,0,0,0,0,0,0,0,0,0,0,0,0,0,0,0,0,0,0,0,0,0,0,0,0,0,0,0,0,1,0,0,0,0,0,0,0,0,0,0,0,0,0,0,0,0,0,0,0
0.973161949,510,1,0,-0.591781216,0.325733209,1.447299068,0.316315756,-0.486831764,-0.697060355,-0.487483267,0.640306875,0.40991523,0.641179211,1.776312326,-1.410902787,1.770447378,-1.19377145,1,0,0,0,1,0,0,0,0,0,0,0,0,0,0,0,0,0,0,0,0,0,0,0,0,0,0,0,0,0,0,0,0,0,0,0,0,0,0,0,0,0,0,0,0,0,0,0,0,0,0
-1.866883334,510,0,0,-0.591781216,0.31389828,-1.487237727,0.305012516,-1.496284352,-1.293065318,-1.497293636,-1.072317948,-0.672625417,-1.070986444,1.417925534,-0.186811071,1.412038741,-0.432980172,0,0,0,0,0,0,0,0,0,0,0,0,0,0,0,0,0,0,0,0,1,0,0,0,0,0,0,0,0,0,0,0,0,0,0,0,0,0,0,0,0,0,0,0,0,0,0,0,0,0,0
0.269664493,415,0,0,-0.591781216,0.838580119,-0.222351177,0.815918969,-0.768914323,0.544616652,-0.769566445,-0.330453018,1.028509886,-0.33071323,0.593635912,1.037280646,0.589026314,1.849393659,0,0,0,0,0,0,0,0,0,0,0,0,0,0,0,0,0,0,0,0,0,0,0,0,0,0,0,0,0,0,0,0,0,0,0,0,0,0,0,0,0,0,0,0,0,0,0,0,0,0,1
-1.658439643,510,1,0,-0.591781216,-0.133856522,0.941344448,-0.131292553,-0.355864861,-0.697060355,-0.354738242,0.517684573,-0.002481207,0.518557267,-0.158976351,-1.410902787,-0.154339748,-1.19377145,1,0,0,0,0,0,0,0,0,0,0,0,0,0,0,0,0,0,0,0,0,0,0,0,0,0,0,0,0,0,0,0,0,0,0,0,0,0,0,0,0,0,0,1,0,0,0,0,0,0,0
-0.511999346,510,0,0,-0.591781216,-0.496794336,-0.829496721,-0.483953644,0.31307378,-0.448724953,0.313727777,0.587170544,-0.930373191,0.586680569,1.238732138,-0.594841643,1.239471619,-0.432980172,0,0,0,0,0,0,0,0,0,0,0,0,0,0,0,0,0,0,0,0,0,0,0,0,0,0,0,0,0,0,0,0,0,0,0,0,0,0,0,0,0,0,0,0,1,0,0,0,0,0,0
-0.016945581,510,0,0,-0.591781216,-1.761159218,0.384794367,-1.716006817,1.521999034,-1.144064077,1.522655683,-1.115235753,0.564563894,-1.116401979,0.880345346,-1.002872215,0.881062982,-0.432980172,0,0,0,0,0,0,0,0,0,0,0,0,0,0,0,0,0,0,0,0,0,0,0,0,0,0,0,0,0,0,0,0,0,0,0,0,0,0,0,0,0,0,0,0,0,0,0,1,0,0,0
0.634440952,408,0,0,-0.591781216,-1.451478584,-0.272946639,-1.414210306,-0.867643219,0.643950812,-0.866754767,-0.175131435,-1.600517401,-0.176300412,-0.768233898,-0.594841643,-0.764961871,-0.432980172,0,0,0,0,0,0,0,0,0,0,0,0,0,0,0,0,0,0,0,0,0,0,0,0,0,0,0,0,0,0,0,0,0,0,0,1,0,0,0,0,0,0,0,0,0,0,0,0,0,0,0
-0.173278349,510,0,0,-0.591781216,1.28830741,0.587176215,1.254484686,-0.408251622,-0.448724953,-0.40925852,1.263636912,0.255266566,1.263372035,-0.194815031,0.629250074,-0.19416293,-0.432980172,0,0,0,0,0,0,0,0,0,0,0,0,0,0,0,1,0,0,0,0,0,0,0,0,0,0,0,0,0,0,0,0,0,0,0,0,0,0,0,0,0,0,0,0,0,0,0,0,0,0,0
-1.423940492,408,0,0,-0.591781216,0.335595649,-0.778901259,0.326488672,0.105541611,-1.293065318,0.105128452,0.317401479,0.616113449,0.318728915,0.342765158,0.221219501,0.336812829,1.088602382,0,0,0,0,0,0,0,0,0,0,0,0,0,0,0,0,0,0,0,0,0,0,0,0,0,0,0,0,0,0,0,0,0,0,0,0,0,0,0,0,0,0,0,0,0,0,1,0,0,0,0
-0.720443036,408,0,1,1.313805663,-0.956384067,-0.121160253,-0.932692277,-1.897244561,-0.150722472,-1.897899158,0.421630436,-0.208679425,0.423184645,-0.015621635,0.629250074,-0.021595808,0.327811105,0,0,0,0,0,0,0,0,0,0,0,0,0,0,0,0,0,0,0,0,0,0,0,0,0,0,1,0,0,0,0,0,0,0,0,0,0,0,0,0,0,0,0,0,0,0,0,0,0,0,0
1.181605639,408,0,1,1.093930254,-0.593446253,-0.222351177,-0.578900861,0.78858438,1.190288695,0.787817152,1.889010654,1.801753206,1.890106413,-1.019104652,-0.186811071,-1.017175357,0.327811105,0,0,0,0,0,0,1,0,0,0,0,0,0,0,0,0,0,0,0,0,0,0,0,0,0,0,0,0,0,0,0,0,0,0,0,0,0,0,0,0,0,0,0,0,0,0,0,0,0,0,0
-0.19933381,415,0,0,-0.591781216,1.185738028,-1.537833189,1.155016173,1.030369431,-0.051388311,1.029602733,-0.66357694,0.616113449,-0.662246633,0.23524912,2.261372362,0.230617677,-0.432980172,0,0,0,0,0,0,0,0,0,0,0,0,0,0,0,0,0,0,0,0,0,0,0,0,0,0,0,0,0,0,0,0,1,0,0,0,0,0,0,0,0,0,0,0,0,0,0,0,0,0,0
-1.267607724,408,0,1,1.680264679,-0.741382862,-1.183664955,-0.722452011,-0.154377319,-0.150722472,-0.153250258,1.069484933,-0.621075863,1.068085236,0.271087799,-0.186811071,0.270440859,-0.432980172,0,0,0,0,0,0,0,0,0,0,0,0,0,0,0,0,0,0,0,0,0,0,0,0,0,0,0,0,0,0,0,0,0,0,0,1,0,0,0,0,0,0,0,0,0,0,0,0,0,0,0
2.640711472,510,0,0,-0.591781216,-1.268037189,1.852062764,-1.235619112,-0.442504505,-1.491733639,-0.442444776,-0.314103378,0.667663003,-0.312547016,-1.520846161,-0.594841643,-1.521602328,1.088602382,0,0,0,0,0,0,0,0,0,0,1,0,0,0,0,0,0,0,0,0,0,0,0,0,0,0,0,0,0,0,0,0,0,0,0,0,0,0,0,0,0,0,0,0,0,0,0,0,0,0,0
0.738662797,510,0,1,1.680264679,0.262613589,-0.070564791,0.255278259,0.486353066,-0.647393275,0.486770399,-0.070902478,-0.466427199,-0.071844683,0.020217045,1.445311218,0.018227373,0.327811105,0,0,0,0,0,0,0,0,0,0,0,0,0,0,0,0,0,0,0,0,0,0,0,1,0,0,0,0,0,0,0,0,0,0,0,0,0,0,0,0,0,0,0,0,0,0,0,0,0,0,0
-0.173278349,415,0,0,-0.591781216,0.521009532,-2.600337891,0.507340514,0.482323315,0.743284973,0.482029505,1.1369272,-1.342769628,1.136208538,0.987861383,-1.410902787,0.987258134,-0.432980172,0,0,0,0,0,0,1,0,0,0,0,0,0,0,0,0,0,0,0,0,0,0,0,0,0,0,0,0,0,0,0,0,0,0,0,0,0,0,0,0,0,0,0,0,0,0,0,0,0,0,0
-0.016945581,415,0,0,-0.591781216,-0.382390025,1.902658226,-0.373181891,0.415832426,-0.399057873,0.415656992,-1.035531257,1.028509886,-1.034654016,0.342765158,-1.002872215,0.336812829,-1.19377145,0,1,0,0,0,0,0,0,0,0,0,0,0,0,0,0,0,0,0,0,0,0,0,0,0,0,0,0,0,0,0,0,0,0,0,0,0,0,0,0,0,0,0,0,0,0,0,0,0,0,0
-1.502106876,415,0,0,-0.591781216,0.398715269,0.384794367,0.387526169,1.767813836,-0.995062836,1.766811711,-0.418332335,0.152167457,-0.417002746,0.378603837,1.037280646,0.376636011,-0.432980172,0,0,0,0,0,0,0,0,0,0,0,0,0,0,0,0,0,0,0,0,0,0,0,0,0,0,0,0,0,0,0,0,0,0,0,0,0,0,0,0,0,0,0,0,0,0,0,0,0,1,0
0.764718258,415,0,0,-0.591781216,0.659083701,0.233007981,0.641849071,0.111586237,0.395615411,0.112239792,-0.769849602,-0.363328089,-0.771243916,-0.481524464,-0.594841643,-0.486199598,-1.19377145,0,0,0,0,0,0,0,0,0,0,0,0,0,0,0,0,0,0,0,0,0,0,0,0,0,0,0,0,0,0,1,0,0,0,0,0,0,0,0,0,0,0,0,0,0,0,0,0,0,0,0
0.60838549,415,0,0,-0.591781216,-0.027342164,0.081221595,-0.027302744,0.691870359,0.991620374,0.692999277,0.789497343,0.976960331,0.791050475,0.23524912,-1.410902787,0.230617677,1.088602382,0,0,0,0,0,0,0,0,0,0,0,0,0,0,0,0,0,0,0,0,0,0,0,0,0,0,0,0,0,0,0,0,0,0,0,0,0,0,0,0,0,0,0,0,0,0,0,0,0,0,1
-0.225389272,510,1,0,-0.591781216,1.432299042,0.99193991,1.394644863,0.127705241,0.594283732,0.128832921,1.707120906,-0.26022898,1.708444274,0.629474591,0.221219501,0.628849496,1.088602382,1,0,0,0,0,0,0,0,0,0,0,0,0,0,0,0,0,0,0,0,0,0,0,0,0,0,0,0,0,0,0,0,0,0,0,0,0,0,0,0,0,0,0,0,0,1,0,0,0,0,0
-1.371829569,415,0,0,-0.591781216,0.355320531,-1.841405961,0.34570418,-1.288752183,1.289622856,-1.288694311,0.88555148,-0.981922745,0.886423098,1.059538742,0.221219501,1.053630104,1.849393659,0,0,0,0,0,0,0,0,0,0,0,0,0,0,0,0,0,0,0,0,0,0,0,0,0,0,0,0,0,0,0,0,0,0,0,0,0,0,0,0,0,0,0,0,0,0,1,0,0,0,0
-0.069056504,510,0,1,1.533681072,-1.352854178,0.233007981,-1.318132765,0.347326662,0.047945849,0.346914033,0.961168566,0.40991523,0.959087953,-1.305814086,-0.594841643,-1.309212024,0.327811105,0,0,0,0,0,0,0,0,0,0,0,0,0,0,0,0,0,0,0,0,0,0,0,0,0,0,0,0,0,0,0,0,0,0,0,1,0,0,0,0,0,0,0,0,0,0,0,0,0,0,0
-0.016945581,415,0,0,-0.591781216,-1.640837443,-0.728305797,-1.59845312,0.192181254,1.637292418,0.192834986,-1.117279458,0.306816121,-1.116401979,0.808667987,-0.594841643,0.814691012,-0.432980172,1,0,0,0,0,0,0,0,0,0,0,0,0,0,0,0,0,0,0,0,0,0,0,0,0,0,1,0,0,0,0,0,0,0,0,0,0,0,0,0,0,0,0,0,0,0,0,0,0,0,0
-0.564110269,415,0,0,-0.591781216,-0.449454621,0.435389829,-0.438740684,-1.580909119,-0.647393275,-1.580259276,-0.244617407,0.152167457,-0.244423714,0.378603837,0.221219501,0.376636011,1.088602382,0,0,0,0,0,0,0,0,0,0,0,0,0,0,0,0,0,0,0,1,0,0,0,0,0,0,0,0,0,0,0,0,0,0,0,0,0,0,0,0,0,0,0,0,0,0,0,0,0,0,0
1.650603943,415,0,0,-0.591781216,-1.112210628,-1.133069493,-1.084155695,-0.617798667,-0.746727435,-0.617857845,-0.718756976,-1.136571409,-0.716745274,0.880345346,-1.002872215,0.881062982,-0.432980172,0,0,0,0,0,0,0,0,0,0,0,0,0,0,0,0,0,0,0,0,0,0,0,0,0,0,0,0,0,0,0,0,0,0,0,0,0,0,0,0,0,0,0,0,0,1,0,0,0,0,0
-0.303555655,408,1,0,-0.591781216,0.536789437,1.700276378,0.522034726,-0.664140801,0.24661417,-0.665266783,-0.92721489,-0.724174972,-0.925656733,0.23524912,-0.186811071,0.230617677,-1.19377145,0,0,1,0,0,0,0,0,0,0,0,0,0,0,0,0,0,0,0,0,0,0,0,0,0,0,0,0,0,0,0,0,0,0,0,0,0,0,0,0,0,0,0,0,0,0,0,0,0,0,0
0.660496413,415,0,0,-0.591781216,1.382986839,-0.222351177,1.347171255,1.233871849,-0.399057873,1.233461164,-0.700363631,0.40991523,-0.69857906,0.880345346,-0.186811071,0.881062982,1.088602382,1,0,0,0,0,0,0,0,0,0,0,0,0,0,0,0,0,0,0,0,0,0,0,0,0,0,0,0,0,1,0,0,0,0,0,0,0,0,0,0,0,0,0,0,0,0,0,0,0,0,0
-0.121167426,408,0,0,-0.591781216,-0.703905588,0.081221595,-0.686281643,0.484338191,-1.342732398,0.484399952,0.544252738,-0.466427199,0.545806588,-0.087298993,1.037280646,-0.087967778,-0.432980172,0,0,0,0,0,0,0,0,0,0,0,0,0,0,0,0,0,0,0,0,0,0,0,0,0,0,0,0,0,0,0,0,0,0,0,0,0,0,0,0,0,0,0,0,0,0,0,0,0,0,1
0.504163645,415,0,1,1.826848285,0.004217646,-0.880092183,2.302295045,-0.750780445,-0.796394515,-0.75060287,-1.111148343,-0.621075863,-1.111860425,0.486119874,0.221219501,0.482831163,-1.19377145,0,0,0,0,0,0,0,0,0,0,0,0,1,0,0,0,0,0,0,0,0,0,0,0,0,0,0,0,0,0,0,0,0,0,0,0,0,0,0,0,0,0,0,0,0,0,0,0,0,0,0
2.901266085,415,0,0,-0.591781216,0.913534668,1.346108144,0.88939003,2.094223655,-0.846061596,2.09393338,-0.406070105,1.647104542,-0.407919639,0.844506666,-0.186811071,0.8412398,0.327811105,1,0,0,0,0,0,0,0,0,0,0,0,0,0,0,0,0,0,0,0,0,0,0,0,0,0,0,0,0,0,0,0,0,0,0,0,0,0,0,0,1,0,0,0,0,0,0,0,0,0,0
-0.746498498,415,0,0,-0.591781216,0.004217646,0.283603443,-0.80948696,-1.151740654,-0.299723713,-1.151208392,1.484357056,0.51301434,1.485908155,-0.23065371,0.629250074,-0.233986112,0.327811105,0,0,0,0,0,0,0,0,0,0,0,0,0,0,0,0,0,0,0,0,0,0,0,0,0,0,0,1,0,0,0,0,0,0,0,0,0,0,0,0,0,0,0,0,0,0,0,0,0,0,0
1.416104791,415,1,1,1.313805663,0.631468867,1.042535372,0.614721295,-1.238380297,1.140621615,-1.238914926,-1.111148343,-0.569526308,-1.111860425,0.306926478,-0.594841643,0.310264041,-0.432980172,0,0,0,0,0,0,0,0,0,0,0,1,0,0,0,0,0,0,0,0,0,0,0,0,0,0,0,0,0,0,0,0,0,0,0,0,0,0,0,0,0,0,0,0,0,0,0,0,0,0,0
-0.303555655,415,0,0,-0.591781216,-1.774966635,-1.031878569,-1.729570706,-0.420340875,-0.945395756,-0.421110754,-1.131585394,1.028509886,-1.130026639,-0.266492389,-0.186811071,-0.2605349,0.327811105,0,0,0,0,0,0,0,0,0,0,0,0,0,0,0,0,0,0,0,0,0,0,0,0,0,0,0,0,0,0,0,0,0,0,0,0,0,0,0,0,0,0,0,0,1,0,0,0,0,0,0
0.660496413,408,1,0,-0.591781216,0.353348043,1.295512682,0.343443532,0.923581033,0.594283732,0.922932624,1.721426841,0.203717012,1.722068935,0.808667987,1.445311218,0.814691012,0.327811105,0,0,0,0,0,0,0,0,0,0,0,0,0,0,0,0,0,0,0,0,0,0,0,0,0,0,0,0,0,0,0,0,0,0,0,0,0,0,0,0,0,0,0,0,0,0,0,0,0,0,1
1.859047633,408,0,0,-0.591781216,0.004217646,0.081221595,1.734872391,1.127083451,0.544616652,1.126791055,-0.665620645,0.203717012,-0.666788186,0.629474591,0.221219501,0.628849496,0.327811105,1,1,0,0,0,0,0,0,0,0,0,0,0,0,0,0,0,0,0,0,0,0,0,0,0,0,0,0,0,0,0,0,0,0,0,0,0,0,0,0,0,0,0,0,0,0,0,0,0,0,0
1.103439255,510,0,0,-0.591781216,0.288255935,-0.070564791,0.280145388,-1.552700864,1.637292418,-1.551813914,0.581039429,-0.054030762,0.582139016,-0.015621635,-1.002872215,-0.021595808,0.327811105,0,0,0,0,0,0,0,0,0,0,0,0,0,0,0,0,0,0,0,0,0,0,0,0,0,0,0,0,0,0,0,0,0,0,0,0,0,0,0,0,0,0,0,0,0,0,0,0,1,0,0
1.702714865,510,1,0,-0.591781216,-2.603411644,-0.576519411,-2.53662205,1.284243734,-0.250056632,1.283240549,0.697530616,-0.157129871,0.695677852,1.059538742,-0.594841643,1.053630104,-1.19377145,1,0,0,0,0,0,0,0,0,1,0,0,0,0,0,0,0,0,0,0,0,0,0,0,0,0,0,0,0,0,0,0,0,0,0,0,0,0,0,0,0,0,0,0,0,0,0,0,0,0,0
0.816829181,415,0,0,-0.591781216,0.205411434,0.233007981,0.199892383,-0.371983865,0.792952053,-0.37133137,1.609023064,0.255266566,1.608530098,0.987861383,-1.002872215,0.987258134,-0.432980172,0,0,0,0,0,0,0,0,0,0,0,0,0,0,0,0,1,0,0,0,0,0,0,0,0,0,0,0,0,0,0,0,0,0,0,0,0,0,0,0,0,0,0,0,0,0,0,0,0,0,0
-0.043001042,415,0,0,-0.591781216,0.057474825,-0.880092183,0.055210909,-0.930104357,0.544616652,-0.930756833,-0.103601759,-2.219112057,-0.103635557,0.66531327,0.221219501,0.668672678,-1.19377145,0,0,0,0,0,0,0,0,0,0,0,0,0,0,0,0,0,0,0,0,0,0,0,0,0,0,0,0,0,0,0,0,0,0,1,0,0,0,0,0,0,0,0,0,0,0,0,0,0,0,0
0.921051026,415,0,1,1.973431891,0.509174604,-0.728305797,0.496037274,1.971316254,0.941953294,1.970670142,0.268352558,0.203717012,0.268771827,-1.198298048,-0.186811071,-1.203016872,-0.432980172,0,0,0,0,0,0,0,0,0,0,0,0,0,0,0,0,0,0,0,0,0,0,0,0,0,0,0,0,0,0,0,0,0,0,0,0,0,0,0,0,0,0,0,0,0,1,0,0,0,0,0
0.478108184,415,0,0,-0.591781216,1.022021514,-0.930687645,0.995640487,1.33461562,-0.150722472,1.33539038,0.202953997,0.925410777,0.200648525,-1.019104652,2.261372362,-1.017175357,-0.432980172,0,0,0,0,0,0,0,0,0,0,0,0,0,0,0,0,1,0,0,0,0,0,0,0,0,0,0,0,0,0,0,0,0,0,0,0,0,0,0,0,0,0,0,0,0,0,0,0,0,0,0
0.373886338,510,1,0,-0.591781216,1.412574161,-1.588428651,1.375429355,1.044473559,-0.200389552,1.043825414,-1.691560574,0.616113449,-1.693179268,-0.123137672,-1.410902787,-0.12779096,1.088602382,1,0,0,0,0,0,0,0,0,0,0,0,0,0,0,0,0,0,0,0,0,0,0,0,0,0,0,1,0,0,0,0,0,0,0,0,0,0,0,0,0,0,0,0,0,0,0,0,0,0,0
1.546382097,415,0,0,-0.591781216,-0.16738882,0.131817057,-0.164071949,0.863134771,1.041287454,0.863671452,-0.467381256,-0.414877644,-0.466959834,0.987861383,-0.594841643,0.987258134,0.327811105,0,0,0,0,0,0,0,0,0,0,0,0,0,0,0,0,0,0,0,0,0,0,0,0,1,0,0,0,0,0,0,0,0,0,0,0,0,0,0,0,0,0,0,0,0,0,0,0,0,0,0
1.702714865,510,0,0,-0.591781216,0.359265507,-0.576519411,0.349095152,1.014250427,0.643950812,1.015380052,-1.282819567,-0.775724527,-1.284439457,0.342765158,-1.002872215,0.336812829,0.327811105,0,0,0,0,0,0,0,0,0,0,0,0,0,0,0,0,0,0,0,0,0,0,0,0,0,0,0,0,1,0,0,0,0,0,0,0,0,0,0,0,0,0,0,0,0,0,0,0,0,0,0
0.504163645,510,0,0,-0.591781216,-0.885374495,-0.323542101,-0.862612188,0.069273853,0.29628125,0.069571749,0.762929177,0.461464785,0.763801154,-1.269975407,1.445311218,-1.269388842,-0.432980172,0,0,0,0,1,0,0,0,0,0,0,0,0,0,0,0,0,0,0,0,0,0,0,0,0,0,0,0,0,0,0,0,0,0,0,0,0,0,0,0,0,0,0,0,0,0,0,0,0,0,0
1.885103094,415,0,0,-0.591781216,0.231053779,0.688367139,0.224759511,-0.648021798,1.885627819,-0.648673654,-1.875494028,-0.054030762,-1.874841407,0.020217045,-0.594841643,0.018227373,-0.432980172,0,0,0,0,0,0,0,0,0,0,0,0,0,0,0,0,0,0,0,0,0,0,0,0,0,0,0,0,0,0,0,0,0,0,0,0,0,0,0,0,0,0,0,0,0,0,0,0,0,1,0
1.442160252,415,0,0,-0.591781216,-0.102296712,-1.790810499,-0.09964348,-0.0657228,0.792952053,-0.065543723,0.764972883,-0.724174972,0.763801154,0.127733082,-1.002872215,0.124422525,-1.19377145,0,0,0,0,0,0,0,0,0,0,0,0,0,0,1,0,0,0,0,0,0,0,0,0,0,0,0,0,0,0,0,0,0,0,0,0,0,0,0,0,0,0,0,0,0,0,0,0,0,0,0
-0.79860942,415,0,0,-0.591781216,-0.045094557,1.24491722,-0.044257604,0.514561322,0.19694709,0.515215761,1.083790869,-1.445868737,1.081709897,0.23524912,-0.186811071,0.230617677,-1.19377145,0,0,0,0,0,0,0,0,0,0,0,0,0,0,0,0,0,0,0,0,0,0,0,0,0,0,0,0,0,0,0,0,0,0,1,0,0,0,0,0,0,0,0,0,0,0,0,0,0,0,0
-1.554217798,510,0,0,-0.591781216,0.047612385,-0.576519411,0.046168317,0.218374635,0.19694709,0.218909902,0.129380615,1.234708105,0.12798367,-1.234136727,-1.410902787,-1.22956566,-0.432980172,0,0,0,0,0,0,0,0,0,0,0,0,0,0,0,0,0,0,0,0,0,0,0,0,0,0,0,0,0,0,0,0,0,1,0,0,0,0,0,0,0,0,0,0,0,0,0,0,0,0,0
-0.016945581,408,0,0,-0.591781216,0.842525095,-0.778901259,0.820440265,-0.710482936,-1.193731157,-0.710305273,0.149817666,-0.157129871,0.150691437,0.342765158,-0.186811071,0.336812829,-1.19377145,0,1,0,0,0,0,0,0,0,0,0,0,0,0,0,0,0,0,0,0,0,0,0,0,0,0,0,0,0,0,0,0,0,0,0,0,0,0,0,0,0,0,0,0,0,0,0,0,0,0,0
-1.39788503,510,1,0,-0.591781216,-2.601439156,0.99193991,-2.534361402,-0.438474754,1.140621615,-0.437703883,-0.990569746,-0.208679425,-0.989238482,1.095377421,1.037280646,1.093453286,-1.19377145,1,0,0,0,0,0,0,0,0,0,0,0,0,0,0,0,1,0,0,0,0,0,0,0,0,0,0,0,0,0,0,0,0,0,0,0,0,0,0,0,0,0,0,0,0,0,0,0,0,0,0
1.546382097,510,0,0,-0.591781216,0.004217646,-0.171755715,-1.112413795,-2.243803134,-0.150722472,-2.243984401,-1.029400142,-0.414877644,-1.030112463,0.020217045,0.221219501,0.018227373,-0.432980172,0,0,0,0,0,0,0,0,0,0,0,0,0,0,0,0,0,0,0,0,0,0,0,0,0,0,0,0,1,0,0,0,0,0,0,0,0,0,0,0,0,0,0,0,0,0,0,0,0,0,0
-0.016945581,415,0,0,-0.591781216,-0.713768028,1.042535372,-0.695324235,-0.22892771,0.544616652,-0.229104558,-0.534823522,-0.930373191,-0.535083136,-0.517363143,0.221219501,-0.512748386,1.088602382,0,0,0,0,0,0,0,0,0,0,0,0,0,0,0,0,0,0,0,0,0,0,0,0,0,0,0,0,0,0,0,0,0,0,0,0,1,0,0,0,0,0,0,0,0,0,0,0,0,0,0
-0.19933381,415,0,0,-0.591781216,-0.291655572,-1.639024113,-0.285016618,0.196211005,-0.697060355,0.195205433,0.578995724,0.203717012,0.577597462,-0.875749935,-0.186811071,-0.871157023,0.327811105,0,0,0,0,0,0,0,0,0,0,0,0,0,0,0,0,0,0,0,0,0,0,0,0,0,0,0,0,0,0,0,0,0,0,0,0,0,0,0,0,0,0,0,0,1,0,0,0,0,0,0
0.217553571,415,0,0,-0.591781216,0.274448518,-2.144978733,0.266581499,-1.046967132,0.743284973,-1.046908729,1.6642031,0.255266566,1.66302874,1.023700062,-1.410902787,1.027081316,0.327811105,0,0,0,0,0,0,0,0,0,0,0,0,0,0,0,0,0,0,0,0,0,0,0,0,0,0,0,0,0,0,0,0,0,0,0,1,0,0,0,0,0,0,0,0,0,0,0,0,0,0,0
-0.538054807,510,0,0,-0.591781216,-1.55010299,1.042535372,-1.510287847,1.260065229,0.494949571,1.25953608,-1.295081797,-1.342769628,-1.293522564,-1.054943331,0.221219501,-1.056998539,-1.19377145,0,0,0,0,0,0,0,0,0,0,0,0,0,0,0,0,0,0,0,0,0,0,0,0,0,0,0,0,0,0,0,0,0,0,0,0,0,0,0,0,0,0,0,0,0,0,0,0,0,0,1
-1.215496801,415,0,1,1.167222057,-1.723681944,-0.627114873,-1.679836449,-0.152362443,-0.101055392,-0.153250258,-2.079864532,0.976960331,-2.079211313,0.486119874,-0.594841643,0.482831163,0.327811105,0,0,0,0,0,0,0,0,0,0,0,0,0,0,0,0,0,0,0,0,0,0,0,0,0,0,0,0,0,0,0,0,1,0,0,0,0,0,0,0,0,0,0,0,0,0,0,0,0,0,0
0.530219106,415,0,0,-0.591781216,0.004217646,1.396703606,-0.208154586,-1.546656237,-0.051388311,-1.54707302,1.333122883,0.255266566,1.331495337,-2.631845216,1.037280646,-2.636651422,0.327811105,0,1,0,0,0,0,0,0,0,0,0,0,0,0,0,0,0,0,0,0,0,0,0,0,0,0,0,0,0,0,0,0,0,0,0,0,0,0,0,0,0,0,0,0,0,0,0,0,0,0,0
-0.016945581,510,0,1,1.533681072,0.779405476,0.081221595,0.758272445,0.107556486,0.445282491,0.107498899,-0.177175141,0.873861222,-0.176300412,1.704634967,0.221219501,1.704075409,-0.432980172,0,0,0,0,0,0,0,1,0,0,0,0,0,0,0,0,0,0,0,0,0,0,0,0,0,0,0,0,0,0,0,0,0,0,0,0,0,0,0,0,0,0,0,0,0,0,0,0,0,0,0
1.80693671,510,0,1,2.120015497,-0.03128714,1.49789453,-0.030693716,0.849030643,0.14728001,0.84944877,0.856939609,-0.363328089,0.854632223,0.987861383,-0.186811071,0.987258134,-1.19377145,0,0,0,0,0,0,0,0,0,0,0,0,0,1,0,0,0,0,0,0,0,0,0,0,0,0,0,0,0,0,0,0,0,0,0,0,0,0,0,0,0,0,0,0,0,0,0,0,0,0,0
0.973161949,510,0,0,-0.591781216,-0.654593385,0.030626133,-0.63767771,1.689233695,2.08429614,1.688586964,-0.512342767,-0.105580316,-0.512375368,1.346248175,0.629250074,1.345666771,1.088602382,0,0,1,0,0,0,0,0,0,0,0,0,0,0,0,0,0,0,0,0,0,0,0,0,0,0,0,0,0,0,0,0,0,0,0,0,0,0,0,0,0,0,0,0,0,0,0,0,0,0,0
-0.225389272,415,0,1,1.680264679,-0.145691451,0.789558062,-0.142595793,1.320511492,-0.448724953,1.321167699,0.554471263,-0.517976753,0.554889695,0.557797233,0.221219501,0.562477527,-0.432980172,0,0,0,0,0,0,0,0,0,0,0,0,0,1,0,0,0,0,0,0,0,0,0,0,0,0,0,0,0,0,0,0,0,0,0,0,0,0,0,0,0,0,0,0,0,0,0,0,0,0,0
1.728770326,415,0,0,-0.591781216,-0.206838583,1.194321758,-0.202502965,-0.551307778,0.395615411,-0.551485333,0.315357774,-1.858265174,0.314187362,0.772829308,-0.186811071,0.77486783,1.849393659,1,0,0,0,0,0,0,0,0,0,0,0,0,0,0,0,0,0,0,0,0,0,0,0,0,0,0,0,0,0,0,0,0,0,0,0,0,0,0,0,0,0,0,0,0,0,0,1,0,0,0
-0.251444733,510,0,0,-0.591781216,-1.102348187,0.334198905,-1.073982779,2.384365716,1.239955775,2.385498345,0.746579537,-1.136571409,0.74563494,-1.054943331,-0.186811071,-1.056998539,0.327811105,0,0,0,0,0,0,0,0,0,0,0,0,0,0,0,0,0,0,0,0,0,0,0,0,0,0,0,0,0,0,0,0,0,0,0,0,0,0,0,0,0,0,0,0,1,0,0,0,0,0,0
0.686551874,510,0,0,-0.591781216,-1.650699884,0.840153524,-1.608626036,-0.476757387,-1.591067799,-0.475631033,-0.794374062,1.389356769,-0.793951683,-0.194815031,-0.186811071,-0.19416293,1.088602382,0,0,0,0,0,0,0,0,0,0,0,0,0,0,0,0,0,0,0,0,0,0,0,0,0,0,0,0,0,0,0,0,0,0,0,0,0,0,0,1,0,0,0,0,0,0,0,0,0,0,0
-0.329611117,408,0,1,1.387097466,-1.701984575,0.283603443,-1.658360293,1.034399182,-0.399057873,1.034343627,-0.246661112,0.203717012,-0.248965268,0.23524912,-1.410902787,0.230617677,-0.432980172,0,0,0,0,0,0,0,0,0,0,0,0,0,0,0,0,0,0,0,0,0,0,0,0,0,0,0,1,0,0,0,0,0,0,0,0,0,0,0,0,0,0,0,0,0,0,0,0,0,0,0
0.582330029,408,0,0,-0.591781216,1.542758377,-0.424733025,1.502025644,0.22038951,-1.442066559,0.221280349,-0.240529997,0.203717012,-0.239882161,-0.302331068,-1.002872215,-0.300358082,0.327811105,0,0,0,0,0,0,0,0,0,0,0,0,0,0,0,0,0,0,0,0,0,0,0,0,0,0,0,0,0,0,0,0,0,0,0,0,0,0,0,0,0,0,0,1,0,0,0,0,0,0,0
0.921051026,408,1,1,1.533681072,-1.8637286,-0.121160253,-1.816605654,0.59918609,-0.746727435,0.598181402,0.869201839,0.203717012,0.868256884,-0.445685785,-0.594841643,-0.446376416,0.327811105,0,0,0,0,0,0,0,0,1,0,0,0,0,0,0,0,0,0,0,0,0,0,0,0,0,0,0,0,0,0,0,0,0,0,0,0,0,0,0,0,0,0,0,0,0,0,0,0,0,0,0
-0.850720343,415,0,1,1.900140088,-0.388307489,-1.436642265,-0.378833511,-0.32564173,0.941953294,-0.326292879,0.147773961,0.049068348,0.146149883,-1.485007482,2.261372362,-1.481779146,-0.432980172,0,0,0,0,0,0,0,0,0,0,0,0,0,0,0,0,0,0,0,0,0,0,0,0,0,1,0,0,0,0,0,0,0,0,0,0,0,0,0,0,0,0,0,0,0,0,0,0,0,0,0
0.816829181,415,0,1,0.141136814,0.063392289,-2.347360581,0.060862529,1.848408853,-1.591067799,1.847406905,-1.201071365,0.822311667,-1.202691495,0.450281195,-0.186811071,0.456282375,-1.19377145,0,0,0,0,0,0,0,0,0,0,0,0,0,0,0,0,0,0,0,0,0,0,0,0,0,0,0,0,0,0,0,0,0,0,0,1,0,0,0,0,0,0,0,0,0,0,0,0,0,0,0
0.842884642,415,0,0,-0.591781216,0.720230832,-1.689619575,0.70062592,0.433966305,1.637292418,0.434620567,-0.185349961,-0.26022898,-0.185383519,-2.560167858,-1.410902787,-2.557005058,0.327811105,0,0,0,0,0,0,0,0,0,0,0,0,0,0,0,0,0,0,1,0,0,0,0,0,0,0,0,0,0,0,0,0,0,0,0,0,0,0,0,0,0,0,0,0,0,0,0,0,0,0,0
0.686551874,415,0,0,-0.591781216,1.617712925,0.233007981,1.575496705,-0.380043366,0.345948331,-0.380813158,-2.047165251,1.595554987,-2.047420438,-2.4884905,0.221219501,-2.490633088,-1.19377145,0,0,0,0,0,0,0,0,0,1,0,0,0,0,0,0,0,0,0,0,0,0,0,0,0,0,0,0,0,0,0,0,0,0,0,0,0,0,0,0,0,0,0,0,0,0,0,0,0,0,0
0.530219106,510,0,0,-0.591781216,-0.049039533,2.105040074,-0.0487789,-1.554715739,-0.597726194,-1.554184361,0.247915508,-2.528409385,0.24606406,-0.66071786,0.629250074,-0.658766719,-0.432980172,0,0,0,0,0,0,0,0,0,0,0,0,0,0,0,0,0,0,0,0,0,0,0,0,0,0,0,0,0,0,0,0,0,0,0,0,0,0,0,0,0,0,0,0,0,0,0,0,0,1,0
0.3999418,510,0,0,-0.591781216,-1.778911611,1.396703606,-1.732961678,-0.400192121,1.835960739,-0.399776733,-0.162869205,-0.311778535,-0.162675752,1.346248175,-0.594841643,1.345666771,0.327811105,0,0,0,0,0,0,0,0,0,0,0,0,0,0,0,0,0,0,0,0,0,0,0,0,0,0,0,0,0,0,0,0,0,0,1,0,0,0,0,0,0,0,0,0,0,0,0,0,0,0,0
-0.095111965,510,0,0,-0.591781216,-0.684180707,0.131817057,-0.667066134,1.886691486,-0.349390793,1.887704502,0.791541048,1.028509886,0.791050475,0.271087799,-1.002872215,0.270440859,1.849393659,1,0,0,0,0,0,0,0,0,0,0,0,0,0,0,0,0,0,0,0,0,0,0,0,0,0,0,0,0,0,0,0,0,0,0,0,0,0,1,0,0,0,0,0,0,0,0,0,0,0,0
-1.502106876,510,0,0,-0.591781216,-0.39816993,-0.070564791,-0.387876103,-1.631281005,2.431965702,-1.632409108,-0.555260573,1.337807214,-0.55324935,-1.234136727,-0.594841643,-1.22956566,0.327811105,0,0,0,0,0,0,0,0,0,0,0,0,0,0,0,0,0,0,0,0,0,0,0,0,0,1,0,0,0,0,0,0,0,0,0,0,0,0,0,0,0,0,0,0,0,0,0,0,0,0,0
0.243609032,415,0,0,-0.591781216,-0.550051515,0.283603443,-0.535948549,-1.262558802,1.289622856,-1.262619395,0.662787631,0.616113449,0.663886978,0.342765158,1.445311218,0.336812829,1.088602382,0,0,0,0,0,0,0,0,0,0,0,0,0,0,0,1,0,0,0,0,0,0,0,0,0,0,0,0,0,0,0,0,0,0,0,0,0,0,0,0,0,0,0,0,0,0,0,0,0,0,0
-0.876775804,408,0,0,-0.591781216,-0.068764414,0.99193991,-0.067994408,0.712019114,1.885627819,0.711962852,-0.992613451,0.203717012,-0.993780035,0.127733082,-0.186811071,0.124422525,-0.432980172,0,0,0,0,0,0,0,0,0,0,0,0,0,0,0,0,0,0,0,0,0,0,0,0,0,0,0,0,0,0,0,0,0,0,0,0,0,0,0,0,0,0,0,0,0,1,0,0,0,0,0
1.702714865,408,0,0,-0.591781216,-0.54413405,-0.272946639,-0.530296929,-1.605087625,0.24661417,-1.603963745,-0.062727658,1.337807214,-0.062761576,-0.158976351,0.221219501,-0.154339748,-1.19377145,0,0,0,0,0,0,0,0,0,0,0,0,0,0,0,0,0,0,0,0,0,0,0,1,0,0,0,0,0,0,0,0,0,0,0,0,0,0,0,0,0,0,0,0,0,0,0,0,0,0,0
0.738662797,408,0,0,-0.591781216,-0.362665144,1.093130834,-0.353966383,0.401728298,-0.250056632,0.401434311,0.482941587,0.203717012,0.48222484,-0.23065371,-0.594841643,-0.233986112,-0.432980172,0,0,0,0,0,0,0,0,1,0,0,0,0,0,0,0,0,0,0,0,0,0,0,0,0,0,0,0,0,0,0,0,0,0,0,0,0,0,0,0,0,0,0,0,0,0,0,0,0,0,0
0.061220803,510,0,0,-0.591781216,-0.15752638,-1.133069493,-0.153899033,-1.1315919,-0.697060355,-1.132244817,-0.882253379,0.306816121,-0.880241199,-1.234136727,-0.594841643,-1.22956566,1.088602382,0,0,0,0,0,0,0,0,0,0,0,0,0,0,0,0,0,0,0,0,0,0,0,0,0,0,0,0,0,0,0,0,0,0,0,0,0,1,0,0,0,0,0,0,0,0,0,0,0,0,0
-0.772553959,415,0,0,-0.591781216,1.956980881,0.485985291,1.905551317,-0.210793831,-1.64073488,-0.210140983,1.106271624,-0.827274081,1.104417664,0.521958554,1.037280646,0.522654345,-1.19377145,1,0,0,0,0,0,0,0,0,0,0,0,0,0,0,0,0,0,0,0,0,0,0,0,0,0,0,0,0,0,0,0,0,0,0,0,0,0,0,0,0,0,0,0,1,0,0,0,0,0,0
0.295719955,415,0,1,1.387097466,0.657111212,1.042535372,0.639588423,0.514561322,0.047945849,0.515215761,-0.230311472,-0.054030762,-0.230799054,0.306926478,-0.594841643,0.310264041,1.849393659,0,0,0,0,0,0,1,0,0,0,0,0,0,0,0,0,0,0,0,0,0,0,0,0,0,0,0,0,0,0,0,0,0,0,0,0,0,0,0,0,0,0,0,0,0,0,0,0,0,0,0
-2.414048021,415,0,1,2.046723694,1.246885159,-1.689619575,1.213793021,-0.599664788,-2.038071522,-0.59889427,-0.485774601,1.544005432,-0.485126048,-1.950910312,3.077433506,-1.946382935,-0.432980172,0,1,0,0,0,0,0,0,0,0,0,0,0,0,0,0,0,0,0,0,0,0,0,0,0,0,0,0,0,0,0,0,0,0,0,0,0,0,0,0,0,0,0,0,0,0,0,0,0,0,0
-0.069056504,415,0,0,-0.591781216,0.739955713,1.042535372,0.719841428,2.07004515,-1.342732398,2.070228911,-0.081121004,-1.497418292,-0.08092779,0.772829308,-1.002872215,0.77486783,-1.19377145,1,0,0,0,0,0,0,0,0,0,0,0,0,0,0,0,0,0,0,0,0,0,0,0,0,0,0,0,0,0,0,0,0,0,0,0,0,0,0,0,0,0,0,1,0,0,0,0,0,0,0
-0.277500194,415,0,0,-0.591781216,-0.074681879,0.536580753,-0.073646028,1.703337823,0.743284973,1.702809645,-1.027356437,1.131608995,-1.02557091,0.987861383,1.037280646,0.987258134,-0.432980172,0,0,0,0,0,0,1,0,0,0,0,0,0,0,0,0,0,0,0,0,0,0,0,0,0,0,0,0,0,0,0,0,0,0,0,0,0,0,0,0,0,0,0,0,0,0,0,0,0,0,0
-0.016945581,415,0,0,-0.591781216,2.436295493,1.649680916,2.372375134,-0.607724289,-0.697060355,-0.608376058,0.542209033,-1.0334723,0.541265035,0.450281195,-0.594841643,0.456282375,-1.19377145,1,0,0,0,0,0,0,0,0,0,0,0,0,0,0,0,0,0,0,0,0,0,0,0,0,1,0,0,0,0,0,0,0,0,0,0,0,0,0,0,0,0,0,0,0,0,0,0,0,0,0
-1.111274956,415,0,0,-0.591781216,1.167985635,0.334198905,1.136930989,-0.271240093,-0.597726194,-0.271772601,-0.40811381,-0.827274081,-0.407919639,0.557797233,-0.594841643,0.562477527,0.327811105,0,0,1,0,0,0,0,0,0,0,0,0,0,0,0,0,0,0,0,0,0,0,0,0,0,0,0,0,0,0,0,0,0,0,0,0,0,0,0,0,0,0,0,0,0,0,0,0,0,0,0
0.947106487,415,0,1,1.020638451,0.195548993,-2.954506125,0.189719467,-0.436459878,1.835960739,-0.435333436,-0.438769386,1.337807214,-0.439710513,0.414442516,0.221219501,0.416459193,0.327811105,0,0,0,0,1,0,0,0,0,0,0,0,0,0,0,0,0,0,0,0,0,0,0,0,0,0,0,0,0,0,0,0,0,0,0,0,0,0,0,0,0,0,0,0,0,0,0,0,0,0,0
0.3999418,408,0,0,-0.591781216,-0.914961816,-0.323542101,-0.892000613,0.949774414,1.289622856,0.949007539,0.3664504,-1.136571409,0.368686003,0.378603837,0.221219501,0.376636011,2.610184936,1,0,0,0,0,0,0,0,0,0,0,0,0,0,0,0,0,0,0,0,0,0,1,0,0,0,0,0,0,0,0,0,0,0,0,0,0,0,0,0,0,0,0,0,0,0,0,0,0,0,0
-0.173278349,415,0,1,1.460389269,-1.715791992,0.334198905,-1.671924181,-1.468076096,-0.697060355,-1.468848273,0.501334932,-0.724174972,0.500391053,-0.123137672,-0.186811071,-0.12779096,1.088602382,0,0,0,0,0,0,0,0,0,0,0,0,0,0,0,0,0,0,0,0,0,0,0,0,0,0,0,0,0,0,0,0,0,0,0,0,0,0,0,0,0,0,0,0,0,0,0,0,0,1,0
-0.355666578,415,0,0,-0.591781216,-0.049039533,-1.436642265,-0.0487789,0.971938043,0.24661417,0.972712008,-0.005503917,-0.672625417,-0.003721381,-0.589040502,1.037280646,-0.592394749,1.088602382,0,0,0,0,0,0,0,0,1,0,0,0,0,0,0,0,0,0,0,0,0,0,0,0,0,0,0,0,0,0,0,0,0,0,0,0,0,0,0,0,0,0,0,0,0,0,0,0,0,0,0
0.504163645,415,0,0,-0.591781216,0.094952099,0.131817057,0.092511602,0.168002749,-0.697060355,0.169130517,-0.641096184,-1.548967846,-0.639538865,-0.015621635,0.629250074,-0.021595808,0.327811105,0,0,0,0,0,0,0,0,0,1,0,0,0,0,0,0,0,0,0,0,0,0,0,0,0,0,0,0,0,0,0,0,0,0,0,0,0,0,0,0,0,0,0,0,0,0,0,0,0,0,0
-0.095111965,415,0,1,1.167222057,-0.070736902,0.435389829,-0.069124732,-0.831375462,-0.945395756,-0.831198064,1.390346624,-0.311778535,1.390535532,0.66531327,1.85334179,0.668672678,-1.19377145,0,0,0,0,0,0,0,0,0,0,0,0,0,0,0,0,0,0,0,0,0,0,0,0,0,0,0,0,0,0,0,0,0,0,0,0,0,0,0,0,0,0,0,0,0,0,0,0,0,0,0
0.868940103,415,0,0,-0.591781216,0.493394699,0.384794367,0.480212738,-1.159800156,0.24661417,-1.160690179,-0.720800681,-0.827274081,-0.721286828,0.271087799,-0.186811071,0.270440859,3.370976214,0,0,0,0,0,0,0,0,0,0,0,0,0,1,0,0,0,0,0,0,0,0,0,0,0,0,0,0,0,0,0,0,0,0,0,0,0,0,0,0,0,0,0,0,0,0,0,0,0,0,0
-0.850720343,510,0,0,-0.591781216,-0.71179554,-1.031878569,-0.694193911,-1.337109193,-1.74006904,-1.336103248,0.296964429,-0.827274081,0.296021148,1.883828363,0.221219501,1.889916924,0.327811105,0,0,0,0,0,0,0,0,0,0,0,0,0,0,0,0,0,0,0,0,0,0,0,0,0,0,0,0,0,0,0,0,0,0,0,1,0,0,0,0,0,0,0,0,0,0,0,0,0,0,0
-0.19933381,408,0,0,-0.591781216,-0.007617283,-0.374137563,-0.008087235,-0.239002087,-1.74006904,-0.238586345,1.065397523,-0.621075863,1.063543683,0.66531327,0.221219501,0.668672678,-0.432980172,0,0,0,0,0,0,0,0,0,0,0,0,0,0,0,0,0,0,0,0,0,0,0,0,0,0,0,0,0,0,1,0,0,0,0,0,0,0,0,0,0,0,0,0,0,0,0,0,0,0,0
0.504163645,415,0,0,-0.591781216,-0.836062292,-0.019969329,-0.81513858,0.232478763,1.438624096,0.233132583,-0.988526041,-0.414877644,-0.989238482,0.091894403,-1.002872215,0.097873737,-0.432980172,0,0,0,0,0,0,0,0,0,0,0,0,0,0,0,0,0,0,0,1,0,0,0,0,0,0,0,0,0,0,0,0,0,0,0,0,0,0,0,0,0,0,0,0,0,0,0,0,0,0,0
-1.554217798,408,0,0,-0.591781216,1.146288265,-0.424733025,1.116585156,0.460159686,2.729968183,0.460695483,0.333751119,-0.517976753,0.332353575,-0.015621635,0.629250074,-0.021595808,0.327811105,0,0,0,0,0,0,0,0,0,0,0,0,0,0,0,0,0,0,0,0,0,0,0,0,0,0,0,0,0,0,0,0,0,0,0,0,0,0,0,0,1,0,0,0,0,0,0,0,0,0,0
-0.538054807,510,0,0,-0.591781216,0.473669818,-0.424733025,0.460997229,0.31710353,-0.150722472,0.316098224,-0.957870465,-1.755166065,-0.957447608,-0.947427294,0.221219501,-0.950803387,0.327811105,0,0,0,0,0,0,0,0,0,0,0,0,0,0,0,0,0,0,0,0,0,0,0,0,0,0,0,0,0,0,0,0,0,0,0,0,0,1,0,0,0,0,0,0,0,0,0,0,0,0,0
-0.016945581,415,0,1,1.24051386,0.229081291,-0.272946639,0.222498863,1.008205801,1.786293658,1.008268711,0.987736732,-0.724174972,0.986337274,2.636440627,0.221219501,2.633282987,0.327811105,0,0,0,0,0,0,0,0,0,0,0,0,0,0,0,0,0,0,0,0,0,0,0,0,0,0,0,0,0,0,0,0,0,0,0,1,0,0,0,0,0,0,0,0,0,0,0,0,0,0,0
0.217553571,510,1,0,-0.591781216,0.580184176,2.054444612,0.564987039,0.087407732,-0.349390793,0.088535324,-1.669079819,0.564563894,-1.670471501,-0.875749935,-0.594841643,-0.871157023,0.327811105,0,0,0,0,0,0,0,0,0,0,0,0,0,0,0,0,0,0,0,0,0,0,0,0,0,0,0,1,0,0,0,0,0,0,0,0,0,0,0,0,0,0,0,0,0,0,0,0,0,0,0
-0.902831266,510,0,1,1.826848285,-1.792719028,0.182412519,-1.746525566,-1.834783423,-0.299723713,-1.833897092,-0.579785033,0.358365676,-0.58049867,-1.12662069,1.85334179,-1.123370509,1.088602382,0,0,0,0,0,0,0,0,0,0,0,0,0,0,0,0,0,1,0,0,0,0,0,0,0,0,0,0,0,0,0,0,0,0,0,0,0,0,0,0,0,0,0,0,0,0,0,0,0,0,0
-0.303555655,510,0,0,-0.591781216,-0.824227363,-0.222351177,-0.80383534,-0.162436821,-1.839403201,-0.162732045,1.116490149,1.286257659,1.118042324,0.271087799,0.221219501,0.270440859,-0.432980172,0,0,0,0,0,0,0,0,0,0,0,0,0,0,0,0,0,0,0,0,0,0,0,0,0,0,0,0,0,0,0,0,0,0,0,0,0,0,0,0,0,0,0,0,0,0,0,1,0,0,0
0.425997261,408,0,1,0.361012224,0.550596854,-1.790810499,0.535598614,-0.966372115,-1.144064077,-0.966313536,0.648481695,-0.26022898,0.650262318,-0.194815031,-0.594841643,-0.19416293,-0.432980172,0,0,0,0,0,0,0,0,0,0,0,0,0,0,0,0,0,0,0,0,0,0,0,0,0,0,0,0,0,0,0,0,0,0,0,0,0,0,0,1,0,0,0,0,0,0,0,0,0,0,0
-0.016945581,510,0,0,-0.591781216,1.743952165,-0.272946639,1.698702022,-1.615162002,1.289622856,-1.615815979,0.403237091,1.080059441,0.405018431,1.489602892,0.629250074,1.491685105,0.327811105,0,0,0,0,0,0,0,0,0,0,0,0,0,0,0,0,1,0,0,0,0,0,0,0,0,0,0,0,0,0,0,0,0,0,0,0,0,0,0,0,0,0,0,0,0,0,0,0,0,0,0
-0.329611117,415,0,0,-0.591781216,-0.256150785,-1.993192347,-0.249976574,-0.430415252,-0.597726194,-0.430592542,0.850808494,1.595554987,0.85009067,-1.234136727,1.037280646,-1.22956566,1.849393659,1,0,0,0,0,0,0,0,0,0,0,0,0,0,0,0,0,0,0,0,0,0,0,0,0,0,0,0,0,0,0,0,0,1,0,0,0,0,0,0,0,0,0,0,0,0,0,0,0,0,0
-2.049271563,415,0,0,-0.591781216,0.04169492,0.384794367,0.040516697,-0.041544295,2.382298621,-0.041839254,0.113030975,-0.208679425,0.114359009,-0.338169747,-0.594841643,-0.340181264,0.327811105,0,0,0,0,0,0,0,0,0,1,0,0,0,0,0,0,0,0,0,0,0,0,0,0,0,0,0,0,0,0,0,0,0,0,0,0,0,0,0,0,0,0,0,0,0,0,0,0,0,0,0
-0.59016573,415,0,0,-0.591781216,-0.642758456,-1.031878569,-0.62637447,-0.019380665,-0.001721231,-0.020505233,-0.825029638,0.306816121,-0.825742557,1.238732138,1.037280646,1.239471619,-1.19377145,0,0,0,0,0,0,0,0,0,0,0,0,0,0,0,0,0,0,0,0,0,0,0,0,0,0,0,0,0,0,0,0,0,0,0,0,0,0,0,0,0,0,0,0,0,0,0,0,0,0,1
2.380156859,415,0,0,-0.591781216,0.10481454,-0.627114873,0.101554194,0.488367942,-0.101055392,0.489140846,0.231565867,0.255266566,0.232439399,0.414442516,-0.594841643,0.416459193,0.327811105,0,0,0,0,0,1,0,0,0,0,0,0,0,0,0,0,0,0,0,0,0,0,0,0,0,0,0,0,0,0,0,0,0,0,0,0,0,0,0,0,0,0,0,0,0,0,0,0,0,0,0
-0.79860942,415,0,0,-0.591781216,-0.459317061,0.384794367,-0.447783276,-0.597649912,0.792952053,-0.596523823,-0.101558054,-0.208679425,-0.103635557,-0.589040502,-0.186811071,-0.592394749,0.327811105,0,0,0,0,0,0,0,0,0,0,0,0,0,0,0,0,0,0,0,0,0,0,0,0,0,0,0,0,0,0,0,0,0,0,0,0,0,0,0,0,0,0,0,0,0,0,0,0,1,0,0
1.233716562,510,0,0,-0.591781216,1.175875587,-0.829496721,1.144843257,-0.099975682,-0.746727435,-0.101100426,0.644394285,0.203717012,0.645720764,0.23524912,-0.594841643,0.230617677,-0.432980172,0,0,0,0,0,0,0,0,0,0,0,0,0,0,0,0,1,0,0,0,0,0,0,0,0,0,0,0,0,0,0,0,0,0,0,0,0,0,0,0,0,0,0,0,0,0,0,0,0,0,0
0.478108184,510,0,0,-0.591781216,-0.883402006,-1.537833189,-0.861481864,0.218374635,-1.293065318,0.218909902,-0.256879637,0.255266566,-0.258048375,0.378603837,0.629250074,0.376636011,-0.432980172,0,0,0,0,0,0,0,0,0,0,0,0,0,0,0,0,0,0,0,0,0,0,0,0,0,0,1,0,0,0,0,0,0,0,0,0,0,0,0,0,0,0,0,0,0,0,0,0,0,0,0
-0.538054807,415,0,0,-0.591781216,0.298118375,0.789558062,0.290318304,0.186136628,-0.349390793,0.185723646,-0.142432155,-0.002481207,-0.144509538,0.916184025,-0.594841643,0.920886164,-1.19377145,0,0,0,0,0,1,0,0,0,0,0,0,0,0,0,0,0,0,0,0,0,0,0,0,0,0,0,0,0,0,0,0,0,0,0,0,0,0,0,0,0,0,0,0,0,0,0,0,0,0,0
0.321775416,510,0,0,-0.591781216,-1.71776448,-0.778901259,-1.674184829,-0.464668134,-0.399057873,-0.463778798,-0.843422983,-1.445868737,-0.843908771,1.489602892,-0.186811071,1.491685105,1.088602382,0,0,0,0,0,0,0,0,0,1,0,0,0,0,0,0,0,0,0,0,0,0,0,0,0,0,0,0,0,0,0,0,0,0,0,0,0,0,0,0,0,0,0,0,0,0,0,0,0,0,0
-0.668332114,510,0,0,-0.591781216,0.58610164,1.649680916,0.570638659,0.218374635,1.041287454,0.218909902,1.842005438,1.18315855,1.840149325,-1.090782011,-0.186811071,-1.096821721,-0.432980172,0,0,0,0,0,0,0,0,0,0,0,0,0,0,0,0,0,0,0,0,0,0,0,0,0,0,0,0,0,0,0,0,0,0,0,0,0,0,0,0,0,0,0,0,0,0,1,0,0,0,0
-0.538054807,415,0,0,-0.591781216,0.353348043,-0.880092183,0.343443532,-0.728616815,-0.697060355,-0.729268848,-2.188180899,-0.105580316,-2.188208596,-1.377491444,0.629250074,-1.375583994,-0.432980172,0,0,0,0,0,0,0,0,0,0,0,0,0,0,0,0,0,0,0,0,0,0,0,0,0,0,0,0,0,0,0,0,0,0,0,1,0,0,0,0,0,0,0,0,0,0,0,0,0,0,0
-0.016945581,415,0,1,1.460389269,0.446054984,-0.171755715,0.433869453,-2.648793094,-0.796394515,-2.649330817,1.155320545,-1.858265174,1.154374752,-1.269975407,-0.594841643,-1.269388842,-0.432980172,0,0,0,0,0,0,0,0,0,1,0,0,0,0,0,0,0,0,0,0,0,0,0,0,0,0,0,0,0,0,0,0,0,0,0,0,0,0,0,0,0,0,0,0,0,0,0,0,0,0,0
1.702714865,415,0,0,-0.591781216,-0.859732149,0.789558062,-0.83774506,-0.388102868,-0.349390793,-0.387924498,-1.423835214,0.40991523,-1.425227614,0.378603837,-0.186811071,0.376636011,-1.19377145,0,0,0,0,0,0,0,0,0,0,0,0,0,0,0,0,0,0,0,0,1,0,0,0,0,0,0,0,0,0,0,0,0,0,0,0,0,0,0,0,0,0,0,0,0,0,0,0,0,0,0
-0.173278349,408,0,0,-0.591781216,0.538761925,0.435389829,0.524295374,-0.670185428,-0.995062836,-0.670007676,0.758841767,0.873861222,0.759259601,-2.739361254,0.629250074,-2.742846574,-0.432980172,0,0,0,0,0,0,0,0,0,0,0,0,0,0,0,0,0,0,0,0,0,0,0,0,0,0,0,0,0,0,0,0,0,0,0,0,0,0,0,0,0,0,0,0,0,0,0,0,0,0,1
-0.407777501,408,0,1,1.826848285,0.556514319,-0.272946639,0.541250234,0.661647228,-0.597726194,0.662183467,0.413455616,-0.414877644,0.414101538,1.167054779,-0.594841643,1.173099649,-0.432980172,0,0,0,0,0,0,0,0,0,1,0,0,0,0,0,0,0,0,0,0,0,0,0,0,0,0,0,0,0,0,0,0,0,0,0,0,0,0,0,0,0,0,0,0,0,0,0,0,0,0,0
-0.538054807,415,1,0,-0.591781216,1.909641166,1.093130834,1.860338356,-0.101990558,-1.044729917,-0.101100426,0.188648061,-1.136571409,0.187023865,-1.090782011,-0.594841643,-1.096821721,-0.432980172,1,0,0,0,0,0,0,0,0,0,0,0,0,0,0,0,0,0,0,0,0,0,0,0,0,0,0,0,0,0,0,0,0,0,0,0,0,0,0,0,0,0,1,0,0,0,0,0,0,0,0
2.849155163,415,0,1,1.680264679,2.645379234,-0.677710335,2.57696378,-1.067115886,0.14728001,-1.068242751,-0.171044025,-0.157129871,-0.171758859,-0.051460314,1.037280646,-0.048144596,1.088602382,0,0,0,0,0,0,0,0,0,0,0,0,0,0,0,0,0,0,0,0,0,0,0,0,0,0,0,1,0,0,0,0,0,0,0,0,0,0,0,0,0,0,0,0,0,0,0,0,0,0,0
-0.329611117,415,1,1,1.24051386,2.14633974,0.688367139,2.090924455,0.055169725,-1.293065318,0.055349067,0.558558674,0.873861222,0.559431248,0.987861383,0.221219501,0.987258134,-0.432980172,0,0,0,0,0,0,0,0,0,0,0,0,0,0,0,1,0,0,0,0,0,0,0,0,0,0,0,0,0,0,0,0,0,0,0,0,0,0,0,0,0,0,0,0,0,0,0,0,0,0,0
1.390049329,408,0,1,1.973431891,0.004217646,-1.234260417,-2.206567439,-0.333701232,-0.448724953,-0.33340422,-1.011006796,-1.291220073,-1.011946249,1.56128025,-1.410902787,1.558057075,-0.432980172,0,0,0,0,0,0,0,0,0,0,0,0,0,0,0,0,0,0,0,0,0,0,0,0,0,0,0,0,0,0,0,0,0,0,0,0,0,0,0,0,0,0,0,0,0,0,0,0,0,1,0
-1.78871695,510,0,1,1.313805663,1.258720088,1.852062764,1.226226586,0.728138117,0.395615411,0.72855598,-0.567522803,2.523446971,-0.56687401,-0.445685785,1.85334179,-0.446376416,-0.432980172,0,0,0,0,0,0,0,0,0,0,0,0,0,0,0,0,0,0,0,0,0,0,0,0,0,0,0,0,0,0,0,0,0,0,0,0,0,0,0,0,0,0,0,0,1,0,0,0,0,0,0
-2.153493408,408,0,0,-0.591781216,0.341513114,-0.171755715,0.332140292,0.061214352,0.345948331,0.060089961,0.019020543,0.255266566,0.018986387,-0.553201823,-0.594841643,-0.552571568,1.088602382,0,0,0,0,0,0,0,0,0,0,1,0,0,0,0,0,0,0,0,0,0,0,0,0,0,0,0,0,0,0,0,0,0,0,0,0,0,0,0,0,0,0,0,0,0,0,0,0,0,0,0
0.660496413,415,0,1,1.680264679,1.939228488,-0.627114873,1.888596456,1.058577687,-1.74006904,1.058048095,0.452286012,0.719212558,0.450433965,-0.553201823,-0.186811071,-0.552571568,-1.19377145,0,0,0,0,0,0,0,0,0,0,0,0,0,0,0,0,0,0,0,0,0,0,0,0,0,0,0,0,0,0,0,0,0,0,0,0,0,0,0,0,0,0,0,0,0,0,0,0,0,0,0
1.129494716,510,0,1,2.120015497,0.793212892,0.081221595,0.771836333,0.43195143,-1.144064077,0.432250121,-1.687473164,0.564563894,-1.688637715,-0.087298993,-0.186811071,-0.087967778,-0.432980172,0,0,0,0,0,0,0,0,0,0,0,0,0,0,0,0,0,0,0,0,0,0,0,0,0,0,0,0,0,0,0,0,0,0,0,0,0,0,0,0,0,0,0,0,1,0,0,0,0,0,0
-0.381722039,408,0,1,0.580887633,-0.67037329,-0.627114873,-0.653502246,-0.194674827,1.438624096,-0.193547854,0.294920724,-0.930373191,0.296021148,0.378603837,1.037280646,0.376636011,-1.19377145,0,0,1,0,0,0,0,0,0,0,0,0,0,0,0,0,0,0,0,0,0,0,0,0,0,0,0,0,0,0,0,0,0,0,0,0,0,0,0,0,0,0,0,0,0,0,0,0,0,0,0
-0.016945581,415,0,1,2.120015497,-2.049142483,0.081221595,-1.996327172,-0.545263151,2.332631541,-0.544373992,-0.786199242,-0.208679425,-0.784868576,-0.732395219,3.485464078,-0.738413083,-1.19377145,0,0,0,0,0,0,0,0,0,0,0,0,0,0,0,0,0,0,0,0,0,0,0,0,0,0,0,0,0,0,0,0,0,0,0,0,0,0,0,0,0,0,0,0,0,0,0,0,0,0,0
1.181605639,415,0,0,-0.591781216,0.319815745,-0.728305797,0.310664136,0.562918332,-0.895728676,0.562624699,2.093381158,-0.311778535,2.094476318,0.70115195,-0.186811071,0.695221466,1.088602382,0,0,0,0,0,0,0,0,0,0,0,0,0,0,0,0,0,0,0,0,0,0,0,0,0,0,0,0,0,0,0,0,0,0,0,0,0,0,0,0,0,0,0,0,0,0,0,0,0,0,0
-0.694387575,510,0,0,-0.591781216,-1.098403211,0.081221595,-1.070591807,1.237901599,0.047945849,1.238202058,1.371953279,-0.105580316,1.372369318,0.521958554,-1.002872215,0.522654345,0.327811105,0,0,0,0,0,0,0,0,0,0,0,0,0,0,0,0,0,0,0,0,0,0,0,0,0,0,0,0,0,0,0,0,0,0,0,0,0,0,0,0,0,0,0,0,0,0,0,0,0,1,0
-1.371829569,415,0,0,-0.591781216,-0.153581403,-0.121160253,-0.150508061,-0.839434963,1.339289936,-0.838309404,-1.258295106,0.049068348,-1.257190136,-0.947427294,-0.594841643,-0.950803387,0.327811105,0,0,0,0,0,0,1,0,0,0,0,0,0,0,0,0,0,0,0,0,0,0,0,0,0,0,0,0,0,0,0,0,0,0,0,0,0,0,0,0,0,0,0,0,0,0,0,0,0,0,0
-0.694387575,510,0,1,1.680264679,1.375096887,-1.537833189,1.339258987,0.178077126,-2.038071522,0.178612305,-0.418332335,-1.291220073,-0.417002746,-0.123137672,-1.002872215,-0.12779096,1.849393659,0,0,0,0,0,0,0,0,0,0,1,0,0,0,0,0,0,0,0,0,0,0,0,0,0,0,0,0,0,0,0,0,0,0,0,0,0,0,0,0,0,0,0,0,0,0,0,0,0,0,0
0.113331725,415,1,0,-0.591781216,0.960874382,-0.019969329,0.935733314,-1.119502647,0.395615411,-1.120392583,0.903944825,2.059500979,0.904589312,-0.911588615,1.037280646,-0.910980205,-1.19377145,0,0,0,0,0,0,0,0,0,0,0,0,0,0,0,0,0,0,0,0,0,0,0,0,0,0,0,0,0,0,0,0,0,1,0,0,0,0,0,0,0,0,0,0,0,0,0,0,0,0,0
1.468215713,510,0,0,-0.591781216,-0.218673511,-1.487237727,-0.213806206,0.089422608,-2.584409405,0.088535324,-0.516430177,-0.621075863,-0.516916922,-1.55668484,-1.002872215,-1.56142551,1.088602382,0,0,0,0,0,0,0,0,0,0,0,0,0,0,0,0,0,0,0,0,0,0,0,0,0,0,0,0,0,0,0,0,0,0,0,0,0,0,0,0,0,0,0,0,0,0,1,0,0,0,0
3.031543392,415,0,0,-0.591781216,-1.104320675,1.902658226,-1.076243427,0.963878542,0.24661417,0.96323022,1.40056515,-1.136571409,1.399618639,1.095377421,-0.186811071,1.093453286,-1.19377145,0,0,0,0,0,0,0,1,0,0,0,0,0,0,0,0,0,0,0,0,0,0,0,0,0,0,0,0,0,0,0,0,0,0,0,0,0,0,0,0,0,0,0,0,0,0,0,0,0,0,0
-0.850720343,415,0,0,-0.591781216,-0.019452211,-1.993192347,-0.019390476,1.040443808,-0.796394515,1.041454967,1.116490149,-1.239670518,1.118042324,-0.66071786,-0.186811071,-0.658766719,-0.432980172,0,0,0,0,0,0,0,0,0,0,0,0,0,0,0,0,0,0,0,0,0,0,0,0,0,0,0,0,0,0,0,0,0,0,0,0,0,0,0,0,0,0,1,0,0,0,0,0,0,0,0
-0.538054807,415,0,0,-0.591781216,-1.311431928,-0.728305797,-1.278571425,-0.305492976,-0.150722472,-0.304958858,0.740448422,2.317248752,0.741093387,-0.266492389,0.221219501,-0.2605349,-0.432980172,0,0,0,0,0,0,0,0,0,0,0,0,0,0,0,0,0,0,0,0,0,0,0,0,0,0,0,0,0,0,0,0,0,0,0,0,0,1,0,0,0,0,0,0,0,0,0,0,0,0,0
-1.632384182,415,0,1,1.24051386,-0.735465398,0.283603443,-0.716800391,2.277577319,0.445282491,2.276457789,-1.521933056,0.873861222,-1.520600237,1.1312161,0.629250074,1.133276468,0.327811105,0,0,0,0,0,0,0,0,0,0,0,0,0,0,0,0,0,0,0,0,0,0,0,0,0,1,0,0,0,0,0,0,0,0,0,0,0,0,0,0,0,0,0,0,0,0,0,0,0,0,0
0.165442648,415,0,1,2.1933073,0.004217646,-2.195574195,0.470039822,0.105541611,-0.399057873,0.105128452,1.745951301,-1.0334723,1.744776702,-0.696556539,-0.186811071,-0.698589901,-1.19377145,0,0,0,0,0,0,0,0,0,0,0,0,0,0,0,0,0,0,0,0,0,0,0,0,0,0,0,1,0,0,0,0,0,0,0,0,0,0,0,0,0,0,0,0,0,0,0,0,0,0,0
1.025272871,415,0,0,-0.591781216,-0.591473765,-1.487237727,-0.576640213,0.238523389,-0.150722472,0.237873477,0.916207055,-1.70361651,0.918213972,0.844506666,-0.186811071,0.8412398,1.088602382,0,0,0,0,0,1,0,0,0,0,0,0,0,0,0,0,0,0,0,0,0,0,0,0,0,0,0,0,0,0,0,0,0,0,0,0,0,0,0,0,0,0,0,0,0,0,0,0,0,0,0
-0.069056504,415,0,0,-0.591781216,0.935232037,0.789558062,0.910866186,-1.615162002,0.14728001,-1.615815979,-1.71812874,0.100617902,-1.715887036,-1.986748991,-0.186811071,-1.986206117,2.610184936,1,0,1,0,0,0,0,0,0,0,0,0,0,0,0,0,0,0,0,0,0,0,0,0,0,0,0,0,0,0,0,0,0,0,0,0,0,0,0,0,0,0,0,0,0,0,0,0,0,0,0
0.347830877,415,0,0,-0.591781216,-0.481014431,-1.284855879,-0.469259432,-0.619813542,-0.647393275,-0.620228292,0.121205795,1.698654096,0.123442116,0.844506666,0.221219501,0.8412398,0.327811105,0,0,0,0,0,0,0,0,0,0,0,0,0,0,0,0,0,0,0,0,0,0,0,0,0,0,0,0,0,0,0,0,0,0,0,0,0,0,1,0,0,0,0,0,0,0,0,0,0,0,0
-1.423940492,408,0,0,-0.591781216,0.004217646,0.233007981,-0.447783276,-0.305492976,-0.101055392,-0.304958858,0.523815688,-0.208679425,0.523098821,0.557797233,-0.594841643,0.562477527,-0.432980172,0,0,0,0,0,0,0,0,0,0,0,0,0,0,0,0,0,0,0,0,0,0,0,1,0,0,0,0,0,0,0,0,0,0,0,0,0,0,0,0,0,0,0,0,0,0,0,0,0,0,0
0.452052722,415,0,1,2.486474512,-0.611198646,0.233007981,-0.595855722,-0.672200303,0.24661417,-0.672378123,1.4210022,0.255266566,1.422326406,0.056055724,1.037280646,0.058050555,-1.19377145,0,0,0,0,0,0,0,0,0,0,0,0,0,0,0,0,0,0,0,0,0,0,0,0,0,0,0,0,0,0,0,0,1,0,0,0,0,0,0,0,0,0,0,0,0,0,0,0,0,0,0
-1.658439643,510,0,0,-0.591781216,1.814961737,0.587176215,1.767651787,-0.918015105,-0.200389552,-0.918904598,-0.032072083,-0.157129871,-0.030970702,-1.305814086,-0.186811071,-1.309212024,1.088602382,0,0,0,0,0,0,0,0,0,0,0,0,0,0,0,0,0,0,0,0,0,0,0,0,0,0,0,0,0,0,0,0,0,0,0,0,0,0,0,0,0,0,0,0,1,0,0,0,0,0,0
-1.736606027,415,0,0,-0.591781216,0.276421006,-1.335451341,0.268842147,-1.486209974,-0.796394515,-1.485441401,0.411411911,3.3997894,0.409559984,-0.517363143,-0.186811071,-0.512748386,-1.19377145,0,0,0,0,0,0,0,0,0,0,0,0,0,0,0,0,0,0,0,0,0,0,0,0,0,0,0,0,0,1,0,0,0,0,0,0,0,0,0,0,0,0,0,0,0,0,0,0,0,0,0
0.321775416,510,0,0,-0.591781216,1.294224874,0.384794367,1.260136306,1.19357434,1.984961979,1.193163567,0.066025759,0.770762113,0.064401921,0.163571761,-1.002872215,0.164245707,1.088602382,1,0,0,0,0,0,0,0,0,0,0,0,0,0,0,0,0,0,0,0,0,0,0,0,0,0,0,0,0,0,0,0,0,1,0,0,0,0,0,0,0,0,0,0,0,0,0,0,0,0,0
-0.824664882,408,0,0,-0.591781216,0.323760721,-0.677710335,0.315185432,0.728138117,-1.69040196,0.72855598,-0.383589349,-1.291220073,-0.385211871,0.593635912,-1.410902787,0.589026314,-1.19377145,0,0,0,0,0,0,0,0,0,0,0,0,0,0,0,0,0,0,0,0,0,0,0,0,0,0,0,0,0,0,0,0,0,0,0,0,0,1,0,0,0,0,0,0,0,0,0,0,0,0,0
-1.085219495,510,1,1,1.680264679,0.893809786,-1.133069493,0.870174522,-0.188630201,-1.044729917,-0.188806961,0.523815688,-1.085021854,0.523098821,-0.409847106,-0.594841643,-0.406553234,-0.432980172,0,0,0,0,0,0,0,0,0,0,0,0,0,0,0,0,0,0,0,0,0,0,0,0,0,0,0,0,0,0,0,1,0,0,0,0,0,0,0,0,0,0,0,0,0,0,0,0,0,0,0
-1.085219495,510,0,0,-0.591781216,0.197521481,-0.019969329,0.191980115,-1.707846271,1.637292418,-1.708263408,0.399149681,0.770762113,0.400476877,-1.019104652,-0.186811071,-1.017175357,-1.19377145,0,0,0,0,0,0,0,0,0,0,0,0,0,0,0,0,0,0,0,0,0,0,0,0,0,0,0,0,0,0,0,0,0,0,0,0,0,0,0,0,0,0,0,0,0,0,0,0,0,1,0
2.328045936,415,0,0,-0.591781216,-0.725602957,-0.222351177,-0.707757799,-0.458623508,-0.200389552,-0.459037904,-1.793745826,0.873861222,-1.793093445,-1.305814086,-0.186811071,-1.309212024,-1.19377145,0,0,0,0,0,0,0,0,0,0,0,0,0,0,0,0,0,0,0,0,0,0,0,0,0,0,0,0,0,0,0,0,0,0,0,0,0,1,0,0,0,0,0,0,0,0,0,0,0,0,0
0.217553571,415,0,0,-0.591781216,-0.080599343,-1.031878569,-0.079297648,0.752316622,-0.299723713,0.752260449,-0.054552838,0.152167457,-0.053678469,-0.015621635,0.629250074,-0.021595808,-0.432980172,0,0,0,0,0,0,0,0,0,0,0,0,0,0,0,0,0,1,0,0,0,0,0,0,0,0,0,0,0,0,0,0,0,0,0,0,0,0,0,0,0,0,0,0,0,0,0,0,0,0,0
0.921051026,415,0,0,-0.591781216,-1.721709456,0.435389829,-1.677575801,0.369490292,0.743284973,0.370618502,0.235653277,-1.0334723,0.236980953,0.952022704,-0.186811071,0.947434952,0.327811105,0,0,0,0,0,0,0,0,0,0,0,0,0,0,0,0,0,0,0,0,0,0,0,0,1,0,0,0,0,0,0,0,0,0,0,0,0,0,0,0,0,0,0,0,0,0,0,0,0,0,0
-0.381722039,510,0,0,-0.591781216,-1.713819503,-0.424733025,-1.669663533,-0.827345711,-0.647393275,-0.82645717,-1.070274243,0.770762113,-1.070986444,-0.517363143,0.221219501,-0.512748386,-0.432980172,0,0,0,0,0,0,0,0,0,0,0,0,0,0,0,0,0,0,0,0,0,0,0,0,0,0,0,0,0,0,0,0,0,0,0,0,0,0,0,0,0,0,0,1,0,0,0,0,0,0,0
-0.016945581,415,0,1,1.387097466,0.004217646,-0.019969329,0.806876377,0.714033989,-1.491733639,0.714333299,-0.171044025,-0.466427199,-0.171758859,-0.804072577,-0.186811071,-0.804785053,-1.19377145,0,0,0,0,0,0,0,0,0,0,0,0,0,0,0,0,0,0,0,0,0,0,0,1,0,0,0,0,0,0,0,0,0,0,0,0,0,0,0,0,0,0,0,0,0,0,0,0,0,0,0
0.139387187,510,0,0,-0.591781216,-0.396197442,-0.323542101,-0.386745779,1.534088287,0.892286214,1.534507917,0.458417127,-1.806715619,0.459517072,-0.517363143,-0.594841643,-0.512748386,-1.19377145,0,0,0,0,0,0,0,0,0,1,0,0,0,0,0,0,0,0,0,0,0,0,0,0,0,0,0,0,0,0,0,0,0,0,0,0,0,0,0,0,0,0,0,0,0,0,0,0,0,0,0
0.738662797,415,0,0,-0.591781216,-0.406059882,-0.019969329,-0.395788372,0.037035846,-0.498392034,0.036385492,0.65461281,-0.208679425,0.654803871,0.450281195,0.629250074,0.456282375,0.327811105,0,0,0,0,0,0,0,0,0,0,0,0,0,0,0,0,0,0,0,0,0,0,0,0,0,0,0,0,0,0,0,0,0,0,0,0,0,0,0,0,0,0,0,0,0,0,0,0,0,1,0
2.718877856,510,0,0,-0.591781216,-2.560016905,1.143726296,-2.494800062,-1.006669623,-0.945395756,-1.006611133,-0.263010752,-1.70361651,-0.262589928,-0.051460314,-0.186811071,-0.048144596,0.327811105,0,0,0,0,0,0,0,0,0,0,0,0,0,0,0,1,0,0,0,0,0,0,0,0,0,0,0,0,0,0,0,0,0,0,0,0,0,0,0,0,0,0,0,0,0,0,0,0,0,0,0
-0.19933381,415,0,1,1.753556482,-1.238449867,0.99193991,-1.207361012,0.639483598,-0.150722472,0.638478999,-1.499452301,0.616113449,-1.49789247,0.271087799,1.85334179,0.270440859,-1.19377145,0,0,0,0,0,0,0,0,0,0,0,0,0,0,0,0,0,0,0,0,0,0,0,0,0,0,0,0,0,0,0,0,0,0,0,0,1,0,0,0,0,0,0,0,0,0,0,0,0,0,0
-0.043001042,415,0,0,-0.591781216,1.473721293,0.99193991,1.435336528,-0.833390337,-0.399057873,-0.833568511,1.294292488,-0.311778535,1.295162909,-1.520846161,0.221219501,-1.521602328,-0.432980172,0,0,0,0,0,0,0,0,1,0,0,0,0,0,0,0,0,0,0,0,0,0,0,0,0,0,0,0,0,0,0,0,0,0,0,0,0,0,0,0,0,0,0,0,0,0,0,0,0,0,0
-0.772553959,415,0,0,-0.591781216,0.538761925,0.587176215,0.524295374,-0.5412334,-0.200389552,-0.542003545,-0.463293846,-2.012913838,-0.46241828,0.66531327,-0.594841643,0.668672678,-0.432980172,0,0,0,0,0,0,0,0,0,0,0,0,0,0,1,0,0,0,0,0,0,0,0,0,0,0,0,0,0,0,0,0,0,0,0,0,0,0,0,0,0,0,0,0,0,0,0,0,0,0,0
-2.518269867,510,1,0,-0.591781216,-0.678263242,-0.576519411,-0.661414514,2.078104652,-0.349390793,2.077340252,0.10281245,-0.930373191,0.100734349,-0.481524464,-0.186811071,-0.486199598,-1.19377145,0,0,0,0,0,0,0,0,0,0,0,0,0,0,0,0,0,0,0,0,0,0,0,0,0,0,0,0,0,0,0,0,0,0,0,0,0,0,0,0,0,0,0,0,1,0,0,0,0,0,0
1.233716562,408,0,1,1.24051386,1.006241609,0.081221595,0.979815951,0.667691854,0.445282491,0.666924361,0.301051839,-0.517976753,0.300562701,1.167054779,-1.002872215,1.173099649,1.088602382,0,0,0,0,0,0,0,0,0,0,0,0,0,0,1,0,0,0,0,0,0,0,0,0,0,0,0,0,0,0,0,0,0,0,0,0,0,0,0,0,0,0,0,0,0,0,0,0,0,0,0
1.051328332,415,0,0,-0.591781216,-0.555968979,0.182412519,-0.541600169,0.83694139,0.693617893,0.837596536,2.107687093,0.461464785,2.108100979,0.199410441,-1.002872215,0.204068889,-0.432980172,0,0,0,0,0,0,0,0,0,0,0,0,0,0,0,0,0,0,0,0,0,0,0,0,0,0,0,0,0,0,0,0,0,0,0,0,0,0,0,0,0,0,0,0,0,0,0,1,0,0,0
-1.163385879,408,0,0,-0.591781216,-0.662483337,-2.195574195,-0.645589978,-0.089901305,-0.150722472,-0.089248192,2.22826569,0.51301434,2.226181369,-0.374008427,-0.594841643,-0.380004446,-1.19377145,0,0,0,0,0,0,0,0,0,0,0,0,0,0,0,0,0,0,0,0,0,0,0,0,0,0,0,0,0,0,0,0,1,0,0,0,0,0,0,0,0,0,0,0,0,0,0,0,0,0,0
-1.502106876,408,0,1,1.973431891,0.404632734,0.233007981,0.393177789,0.881268649,-0.597726194,0.88026458,0.125293205,-0.157129871,0.123442116,0.486119874,-0.186811071,0.482831163,1.088602382,0,0,0,0,0,0,0,0,0,0,0,0,0,0,0,0,0,0,0,0,0,0,0,0,0,0,0,0,0,0,0,0,0,0,0,0,0,0,0,0,0,0,0,0,0,1,0,0,0,0,0
-1.528162337,415,0,0,-0.591781216,-0.571748884,-2.448551505,-0.557424705,0.927610784,-0.200389552,0.927673517,-1.987897805,0.925410777,-1.988380243,-1.162459369,-0.186811071,-1.16319369,0.327811105,0,0,0,0,0,0,0,0,0,0,0,0,0,0,0,0,0,0,0,0,0,0,0,0,0,0,1,0,0,0,0,0,0,0,0,0,0,0,0,0,0,0,0,0,0,0,0,0,0,0,0
-0.016945581,415,1,0,-0.591781216,0.124539421,0.334198905,0.120769702,-2.713269108,-0.299723713,-2.713332882,0.245871803,0.255266566,0.24606406,0.952022704,-0.186811071,0.947434952,-0.432980172,0,0,0,0,0,0,1,0,0,0,0,0,0,0,0,0,0,0,0,0,0,0,0,0,0,0,0,0,0,0,0,0,0,0,0,0,0,0,0,0,0,0,0,0,0,0,0,0,0,0,0
0.139387187,415,0,0,-0.591781216,0.655138724,0.485985291,0.637327775,-0.275269844,-1.541400719,-0.274143048,-1.491277481,-1.497418292,-1.493350916,-1.413330123,-0.594841643,-1.415407176,1.088602382,0,1,0,0,0,0,0,0,0,0,0,0,0,0,0,0,0,0,0,0,0,0,0,0,0,0,0,0,0,0,0,0,0,0,0,0,0,0,0,0,0,0,0,0,0,0,0,0,0,0,0
0.139387187,510,0,0,-0.591781216,0.298118375,1.649680916,0.290318304,0.256657268,-1.342732398,0.256837052,-0.209874421,-0.414877644,-0.208091286,0.450281195,1.037280646,0.456282375,-1.19377145,0,0,0,0,0,0,0,0,0,0,0,0,0,0,0,0,0,0,0,0,0,0,0,0,0,0,0,0,0,0,0,0,0,0,0,0,0,0,0,0,0,0,0,0,0,0,0,0,0,1,0
-0.459888423,415,0,1,1.606972875,1.830741642,0.233007981,1.783476323,1.054547936,-0.846061596,1.055677649,-0.414244925,1.18315855,-0.412461192,-0.553201823,0.629250074,-0.552571568,1.088602382,0,0,0,0,0,0,0,0,0,0,0,0,0,0,0,0,0,0,0,0,0,0,0,0,1,0,0,0,0,0,0,0,0,0,0,0,0,0,0,0,0,0,0,0,0,0,0,0,0,0,0
0.243609032,415,0,0,-0.591781216,-0.87945703,0.435389829,-0.856960568,0.091437483,-0.051388311,0.090905771,-0.710582156,0.976960331,-0.712203721,0.521958554,-0.186811071,0.522654345,-0.432980172,0,0,0,0,0,0,0,0,0,0,0,0,0,0,0,0,0,0,0,0,0,0,0,0,0,0,0,0,1,0,0,0,0,0,0,0,0,0,0,0,0,0,0,0,0,0,0,0,0,0,0
0.217553571,510,0,1,1.973431891,1.002296633,0.789558062,0.976424979,1.31245199,1.488291177,1.311685911,1.402608855,-1.600517401,1.404160192,0.127733082,0.629250074,0.124422525,2.610184936,0,0,0,0,0,0,0,0,0,0,1,0,0,0,0,0,0,0,0,0,0,0,0,0,0,0,0,0,0,0,0,0,0,0,0,0,0,0,0,0,0,0,0,0,0,0,0,0,0,0,0
0.60838549,510,0,0,-0.591781216,-0.717713005,0.99193991,-0.699845531,0.605230716,0.544616652,0.605292742,0.270396263,-0.466427199,0.268771827,-0.875749935,-1.002872215,-0.871157023,1.849393659,1,0,0,0,0,0,0,0,0,0,0,0,0,0,0,0,0,0,1,0,0,0,0,0,0,0,0,0,0,0,0,0,0,0,0,0,0,0,0,0,0,0,0,0,0,0,0,0,0,0,0
0.243609032,415,0,0,-0.591781216,1.803126808,0.384794367,1.756348547,0.732167868,1.090954535,0.733296874,0.793584753,1.131608995,0.795592028,-0.158976351,0.221219501,-0.154339748,0.327811105,1,0,0,0,0,0,0,0,0,0,0,0,0,0,0,0,0,0,0,0,0,0,0,0,0,0,0,0,0,0,0,0,0,0,0,0,0,0,0,0,0,0,0,0,1,0,0,0,0,0,0
0.60838549,415,0,0,-0.591781216,1.4559689,0.182412519,1.418381668,-1.667548763,1.140621615,-1.667965811,0.969343386,0.203717012,0.96817106,1.346248175,-1.002872215,1.345666771,-1.19377145,0,0,0,1,0,0,0,0,0,0,0,0,0,0,0,0,0,0,0,0,0,0,0,0,0,0,0,0,0,0,0,0,0,0,0,0,0,0,0,0,0,0,0,0,0,0,0,0,0,0,0
-0.485943885,415,0,0,-0.591781216,-0.248260833,-1.183664955,-0.242064306,-1.387481079,-1.044729917,-1.388253079,-0.279360392,-0.105580316,-0.280756142,-0.302331068,-1.410902787,-0.300358082,3.370976214,1,0,0,0,0,0,0,0,0,0,0,0,0,0,0,0,0,0,0,0,0,0,0,0,0,0,0,0,0,0,0,0,0,0,1,0,0,0,0,0,0,0,0,0,0,0,0,0,0,0,0
0.947106487,415,0,0,-0.591781216,-1.479093418,0.7389626,-1.441338083,0.990071922,2.1836303,0.989305136,-0.179218846,-0.054030762,-0.180841966,-0.481524464,-1.002872215,-0.486199598,-0.432980172,0,1,0,0,0,0,0,0,0,0,0,0,0,0,0,0,0,0,0,0,0,0,0,0,0,0,0,0,0,0,0,0,0,0,0,0,0,0,0,0,0,0,0,0,0,0,0,0,0,0,0
-0.824664882,510,0,0,-0.591781216,-0.873539566,0.030626133,-0.851308948,0.754331498,1.190288695,0.754630895,-0.111776579,0.100617902,-0.112718664,0.127733082,-1.002872215,0.124422525,-0.432980172,0,0,0,0,0,0,0,0,0,0,0,0,0,0,0,1,0,0,0,0,0,0,0,0,0,0,0,0,0,0,0,0,0,0,0,0,0,0,0,0,0,0,0,0,0,0,0,0,0,0,0
-2.205604331,510,0,0,-0.591781216,-0.688125683,-0.829496721,-0.670457106,-0.720557313,2.03462906,-0.719787061,0.62191353,-1.291220073,0.623012997,-0.732395219,-0.186811071,-0.738413083,0.327811105,0,0,0,0,0,0,0,0,0,0,0,0,0,0,0,0,0,0,0,0,0,0,0,0,0,0,0,0,0,0,0,0,1,0,0,0,0,0,0,0,0,0,0,0,0,0,0,0,0,0,0
0.478108184,415,0,0,-0.591781216,-1.595470216,-0.171755715,-1.554370484,-1.08323489,-1.591067799,-1.082465433,-0.211918126,0.255266566,-0.21263284,-0.087298993,-0.186811071,-0.087967778,1.088602382,0,1,0,0,0,0,0,0,0,0,0,0,0,0,0,0,0,0,0,0,0,0,0,0,0,0,0,0,0,0,0,0,0,0,0,0,0,0,0,0,0,0,0,0,0,0,0,0,0,0,0
0.60838549,510,1,0,-0.591781216,0.004217646,-1.487237727,-0.4206555,0.051139974,0.693617893,0.050608174,-0.661533235,-0.930373191,-0.662246633,-0.087298993,-1.002872215,-0.087967778,1.088602382,1,0,0,0,0,0,0,0,0,0,0,0,0,0,0,0,0,0,0,0,0,0,0,1,0,0,0,0,0,0,0,0,0,0,0,0,0,0,0,0,0,0,0,0,0,0,0,0,0,0,0
0.556274568,415,0,1,2.120015497,-0.329132846,0.334198905,-0.321186987,2.25944344,0.892286214,2.259864661,-0.021853558,-0.775724527,-0.021887595,0.486119874,0.221219501,0.482831163,-0.432980172,0,0,0,0,0,0,0,0,0,0,0,0,0,0,0,0,0,0,0,0,0,0,0,0,0,0,0,0,0,0,0,0,0,0,1,0,0,0,0,0,0,0,0,0,0,0,0,0,0,0,0
0.99921741,415,0,0,-0.591781216,0.037749944,0.941344448,0.035995401,2.720849912,0.892286214,2.719731355,-1.047793487,-1.858265174,-1.048278677,-0.696556539,0.629250074,-0.698589901,1.849393659,0,0,0,0,0,0,0,0,0,0,0,0,0,0,0,0,0,0,0,0,1,0,0,0,0,0,0,0,0,0,0,0,0,0,0,0,0,0,0,0,0,0,0,0,0,0,0,0,0,0,0
-0.876775804,510,0,0,-0.591781216,-0.999778805,-1.133069493,-0.974514266,-0.25512109,0.792952053,-0.255179473,0.693443206,0.100617902,0.695677852,0.342765158,-0.594841643,0.336812829,0.327811105,0,0,0,0,0,0,0,0,0,0,0,0,0,0,0,0,1,0,0,0,0,0,0,0,0,0,0,0,0,0,0,0,0,0,0,0,0,0,0,0,0,0,0,0,0,0,0,0,0,0,0
-0.433832962,408,0,0,-0.591781216,-1.847948695,-0.880092183,-1.800781118,1.209693344,-0.697060355,1.209756695,-2.094170467,0.461464785,-2.092835973,-0.481524464,-0.186811071,-0.486199598,-0.432980172,0,0,0,0,0,0,0,0,0,0,0,0,0,0,0,0,0,0,0,0,0,0,0,0,0,0,0,0,0,0,0,0,0,0,0,0,0,0,0,0,0,0,0,0,0,0,0,0,0,1,0
0.00910988,510,0,1,0.654179436,0.004217646,-1.487237727,0.272233119,-0.218853332,-0.945395756,-0.21962277,-0.097470644,-0.157129871,-0.099094003,0.844506666,1.037280646,0.8412398,-1.19377145,0,0,0,0,0,0,0,0,0,0,0,0,0,1,0,0,0,0,0,0,0,0,0,0,0,0,0,0,0,0,0,0,0,0,0,0,0,0,0,0,0,0,0,0,0,0,0,0,0,0,0
-0.016945581,510,0,0,-0.591781216,-1.386386476,0.334198905,-1.350912162,0.887313276,0.097612929,0.88737592,1.549755618,1.18315855,1.549489903,-1.12662069,1.037280646,-1.123370509,-1.19377145,0,0,0,0,0,0,0,0,0,0,0,0,0,0,0,0,0,0,1,0,0,0,0,0,0,0,0,0,0,0,0,0,0,0,0,0,0,0,0,0,0,0,0,0,0,0,0,0,0,0,0
-1.033108572,415,0,0,-0.591781216,0.181741576,0.233007981,0.176155578,-0.948238236,0.792952053,-0.947349961,0.249959213,0.306816121,0.250605613,-0.015621635,-1.002872215,-0.021595808,0.327811105,0,0,0,0,0,0,0,0,0,0,0,0,0,0,0,0,0,0,0,0,0,0,1,0,0,0,0,0,0,0,0,0,0,0,0,0,0,0,0,0,0,0,0,0,0,0,0,0,0,0,0
0.504163645,408,1,0,-0.591781216,0.004217646,-1.436642265,0.003216005,-0.617798667,-0.101055392,-0.617857845,-0.213961831,-0.569526308,-0.21263284,1.274570817,-1.002872215,1.279294801,-0.432980172,1,0,0,0,0,0,0,0,0,0,0,0,0,0,0,0,0,0,0,0,0,0,0,0,0,0,0,0,0,0,0,0,0,0,0,0,0,0,0,0,0,0,1,0,0,0,0,0,0,0,0
-0.147222888,415,0,0,-0.591781216,0.07325473,-0.121160253,0.071035445,1.624757681,-0.250056632,1.624584899,-1.959285935,0.667663003,-1.961130923,-0.732395219,1.445311218,-0.738413083,-0.432980172,0,0,0,0,1,0,0,0,0,0,0,0,0,0,0,0,0,0,0,0,0,0,0,0,0,0,0,0,0,0,0,0,0,0,0,0,0,0,0,0,0,0,0,0,0,0,0,0,0,0,0
-0.069056504,408,0,0,-0.591781216,2.138449788,0.030626133,2.083012187,-1.264573678,-0.349390793,-1.264989842,0.11098727,-0.621075863,0.109817456,-3.671166913,-1.818933359,-3.672054152,-1.19377145,0,0,0,0,0,0,0,0,0,1,0,0,0,0,0,0,0,0,0,0,0,0,0,0,0,0,0,0,0,0,0,0,0,0,0,0,0,0,0,0,0,0,0,0,0,0,0,0,0,0,0
0.347830877,415,0,0,-0.591781216,-0.206838583,-0.222351177,-0.202502965,-1.022788627,-0.846061596,-1.023204261,-0.085208414,0.976960331,-0.085469343,-2.02258767,-0.186811071,-2.026029299,0.327811105,0,0,0,0,0,0,0,0,0,0,0,0,0,0,0,0,0,0,1,0,0,0,0,0,0,0,0,0,0,0,0,0,0,0,0,0,0,0,0,0,0,0,0,0,0,0,0,0,0,0,0
-2.049271563,408,0,0,-0.591781216,0.552569342,0.789558062,0.537859262,0.200240756,-0.051388311,0.199946327,0.758841767,-0.621075863,0.759259601,-0.23065371,0.221219501,-0.233986112,-1.19377145,0,0,0,0,0,0,1,0,0,0,0,0,0,0,0,0,0,0,0,0,0,0,0,0,0,0,0,0,0,0,0,0,0,0,0,0,0,0,0,0,0,0,0,0,0,0,0,0,0,0,0
1.337938407,415,0,0,-0.591781216,-0.753217791,0.081221595,-0.733755251,1.256035478,-0.299723713,1.257165633,0.1232495,0.667663003,0.123442116,-2.45265182,-0.186811071,-2.450809906,0.327811105,0,0,0,0,0,0,0,0,0,0,0,0,0,0,0,0,0,0,0,0,0,0,0,0,0,0,0,0,0,0,0,0,0,0,0,0,0,0,0,0,0,0,0,1,0,0,0,0,0,0,0
0.452052722,408,0,0,-0.591781216,-0.490876871,-1.487237727,-0.478302024,0.873209148,-1.342732398,0.873153239,-0.847510393,-0.981922745,-0.848450325,0.916184025,-0.186811071,0.920886164,-1.19377145,0,0,0,0,0,0,0,0,0,0,0,0,0,0,0,0,0,0,0,0,0,0,0,0,0,0,0,0,0,0,0,0,0,0,0,0,0,0,0,0,0,0,0,0,0,1,0,0,0,0,0
0.00910988,415,1,0,-0.591781216,-0.91101684,-2.499146967,-0.887479317,0.381579544,-0.200389552,0.382470736,0.182516946,-1.342769628,0.182482311,0.521958554,-0.186811071,0.522654345,-0.432980172,0,0,0,0,0,0,0,0,0,0,0,0,0,0,0,0,0,0,0,0,0,0,0,0,1,0,0,0,0,0,0,0,0,0,0,0,0,0,0,0,0,0,0,0,0,0,0,0,0,0,0
0.452052722,408,0,0,-0.591781216,0.004217646,-0.323542101,0.862262254,0.508516696,0.991620374,0.508104421,1.388302919,0.255266566,1.390535532,0.808667987,1.445311218,0.814691012,0.327811105,0,0,0,0,0,0,0,0,0,0,0,0,0,0,0,0,0,0,0,0,0,0,0,0,0,0,0,0,1,0,0,0,0,0,0,0,0,0,0,0,0,0,0,0,0,0,0,0,0,0,0
0.113331725,415,0,0,-0.591781216,1.856383987,-0.171755715,1.808343452,1.794007217,0.29628125,1.792886627,1.390346624,1.337807214,1.390535532,-1.59252352,-0.594841643,-1.587974298,0.327811105,1,0,0,0,0,0,0,0,0,1,0,0,0,0,0,0,0,0,0,0,0,0,0,0,0,0,0,0,0,0,0,0,0,0,0,0,0,0,0,0,0,0,0,0,0,0,0,0,0,0,0
-0.772553959,415,0,0,-0.591781216,-1.492900834,-0.424733025,-1.454901971,-0.073782302,1.239955775,-0.072655064,-1.859144388,1.18315855,-1.861216746,1.56128025,1.445311218,1.558057075,-1.19377145,0,0,0,0,0,0,0,0,0,0,0,0,0,0,0,0,0,1,0,0,0,0,0,0,0,0,0,0,0,0,0,0,0,0,0,0,0,0,0,0,0,0,0,0,0,0,0,0,0,0,0
-0.772553959,415,0,1,1.680264679,-1.268037189,-0.525923949,-1.235619112,0.337252285,-1.094396997,0.337432246,0.793584753,0.100617902,0.795592028,1.023700062,-0.186811071,1.027081316,-0.432980172,0,0,0,0,0,0,0,0,0,0,0,0,0,0,0,0,0,0,0,0,1,0,0,0,0,0,0,0,0,0,0,0,0,0,0,0,0,0,0,0,0,0,0,0,0,0,0,0,0,0,0
-0.016945581,415,0,0,-0.591781216,0.836607631,0.334198905,0.814788645,-0.025425292,0.097612929,-0.025246126,-0.790286652,0.358365676,-0.78941013,-0.302331068,-0.594841643,-0.300358082,0.327811105,0,0,0,0,0,0,0,0,0,0,0,0,0,0,0,1,0,0,0,0,0,0,0,0,0,0,0,0,0,0,0,0,0,0,0,0,0,0,0,0,0,0,0,0,0,0,0,0,0,0,0
-0.902831266,415,0,0,-0.591781216,-1.248312308,-0.121160253,-1.216403604,-2.116865982,-1.293065318,-2.11598027,-0.39993899,-0.311778535,-0.398836532,0.091894403,-0.594841643,0.097873737,1.088602382,0,0,0,0,0,0,0,0,0,0,0,0,0,0,0,0,0,0,0,1,0,0,0,0,0,0,0,0,0,0,0,0,0,0,0,0,0,0,0,0,0,0,0,0,0,0,0,0,0,0,0
-0.016945581,415,0,0,-0.591781216,0.749818154,0.890748986,0.730014344,0.62537947,1.388957016,0.624256317,-0.322278198,1.440906323,-0.321630123,-3.671166913,-1.818933359,-3.672054152,1.088602382,0,0,0,0,0,0,0,0,0,0,0,0,0,0,0,0,0,0,0,0,0,0,0,0,0,0,0,0,1,0,0,0,0,0,0,0,0,0,0,0,0,0,0,0,0,0,0,0,0,0,0
0.3999418,415,0,0,-0.591781216,-0.991888853,-0.829496721,-0.966601998,-0.873687845,-0.548059114,-0.873866108,0.294920724,-1.188120964,0.296021148,1.095377421,-0.594841643,1.093453286,-1.19377145,0,0,0,0,0,0,0,0,0,0,0,0,0,0,0,0,0,0,0,0,0,0,0,0,0,0,0,0,0,0,0,0,0,0,0,0,0,0,0,0,0,0,0,0,0,0,1,0,0,0,0
-1.215496801,415,0,1,1.826848285,-0.352802703,-1.386046803,-0.343793467,1.457523021,-2.087738602,1.458653617,-0.964001581,-1.239670518,-0.961989161,1.238732138,-0.186811071,1.239471619,-1.19377145,0,0,0,0,0,0,1,0,0,0,0,0,0,0,0,0,0,0,0,0,0,0,0,0,0,0,0,0,0,0,0,0,0,0,0,0,0,0,0,0,0,0,0,0,0,0,0,0,0,0,0
0.295719955,408,0,1,1.533681072,0.3770179,1.093130834,0.367180336,0.764405875,0.693617893,0.764112683,1.807262452,-1.600517401,1.80835845,0.450281195,0.221219501,0.456282375,-0.432980172,0,0,0,0,0,0,0,0,0,0,0,0,0,0,0,0,0,0,0,0,0,0,0,0,0,0,0,0,0,0,0,0,0,0,0,0,0,0,0,0,0,0,0,0,0,1,0,0,0,0,0
0.556274568,408,0,1,2.706349921,-0.628951039,-0.778901259,-0.612810582,-1.073160512,-0.349390793,-1.072983645,0.049676119,0.51301434,0.050777261,1.346248175,0.221219501,1.345666771,-0.432980172,0,0,0,0,0,0,0,0,0,0,0,0,0,0,0,0,0,0,0,0,0,0,0,0,0,1,0,0,0,0,0,0,0,0,0,0,0,0,0,0,0,0,0,0,0,0,0,0,0,0,0
-0.694387575,415,0,0,-0.591781216,1.629547854,0.688367139,1.586799945,-0.035499669,-0.200389552,-0.034727914,-0.718756976,-0.517976753,-0.716745274,-1.305814086,0.221219501,-1.309212024,1.088602382,0,0,0,0,0,0,0,0,0,0,0,0,0,0,0,0,0,0,0,0,0,0,0,0,0,0,0,0,0,0,0,0,0,0,0,0,0,0,0,0,0,0,0,0,0,0,0,0,0,0,0
-0.277500194,415,0,0,-0.591781216,1.315922243,-0.880092183,1.281612462,-0.813241583,-0.597726194,-0.812234489,-0.616571724,-0.054030762,-0.616831098,-0.947427294,1.037280646,-0.950803387,-0.432980172,0,0,0,0,0,0,0,0,0,0,0,0,0,0,0,0,0,0,0,0,0,0,0,0,0,0,0,0,0,0,0,0,0,0,0,0,0,0,0,0,0,0,0,0,0,0,0,0,0,0,1
0.295719955,415,0,0,-0.591781216,-0.106241689,1.143726296,-0.104164776,-1.218231543,1.190288695,-1.217580904,0.292877018,-0.569526308,0.291479594,-0.445685785,0.629250074,-0.446376416,1.849393659,1,0,0,0,0,0,0,0,0,0,0,0,0,0,0,0,0,0,0,0,0,0,0,0,0,0,0,0,0,0,0,0,0,0,1,0,0,0,0,0,0,0,0,0,0,0,0,0,0,0,0
-0.407777501,510,0,0,-0.591781216,0.07325473,0.536580753,0.071035445,-0.641977172,-0.101055392,-0.641562314,-0.027984673,-0.157129871,-0.026429148,-0.123137672,-0.186811071,-0.12779096,1.849393659,0,0,0,0,0,0,0,0,0,0,0,0,0,0,0,0,0,0,0,0,0,0,0,0,0,0,0,1,0,0,0,0,0,0,0,0,0,0,0,0,0,0,0,0,0,0,0,0,0,0,0
-0.016945581,415,0,0,-0.591781216,0.24091622,-0.272946639,0.233802103,0.00479784,0.047945849,0.005569683,1.447570366,-1.342769628,1.449575727,2.851472702,-0.594841643,2.845673291,-0.432980172,0,0,0,0,0,0,0,0,0,0,0,0,0,0,1,0,0,0,0,0,0,0,0,0,0,0,0,0,0,0,0,0,0,0,0,0,0,0,0,0,0,0,0,0,0,0,0,0,0,0,0
0.347830877,415,0,0,-0.591781216,0.160044207,0.435389829,0.155809746,-0.928089482,-0.150722472,-0.928386386,0.262221443,0.100617902,0.264230273,-0.051460314,-0.594841643,-0.048144596,0.327811105,0,0,0,0,0,0,0,0,0,0,0,0,0,0,0,0,0,0,0,0,0,0,0,0,0,0,0,0,0,0,0,0,0,0,0,1,0,0,0,0,0,0,0,0,0,0,0,0,0,0,0
-0.459888423,510,0,0,-0.591781216,1.578263163,0.283603443,1.537065689,-0.966372115,0.792952053,-0.966313536,0.482941587,-0.414877644,0.48222484,-0.015621635,-1.002872215,-0.021595808,-1.19377145,0,0,0,0,0,0,0,0,0,0,0,0,0,0,0,0,0,0,0,0,0,0,0,0,0,0,0,0,0,0,0,0,0,0,0,0,0,0,0,1,0,0,0,0,0,0,0,0,0,0,0
1.468215713,415,1,0,-0.591781216,0.014080087,1.143726296,0.013388921,-0.134228565,-0.101055392,-0.134286683,0.536077918,-0.621075863,0.536723481,-0.66071786,0.221219501,-0.658766719,-1.19377145,0,0,0,0,0,0,0,0,0,0,0,0,0,0,0,0,0,0,0,0,0,0,0,0,0,0,0,0,0,0,0,0,0,0,0,0,0,0,0,0,0,0,0,0,0,0,0,0,0,0,1
-1.293663185,510,0,0,-0.591781216,-2.522539631,0.334198905,-2.457499369,0.595156339,0.19694709,0.595810955,0.540165328,0.925410777,0.541265035,0.056055724,-0.186811071,0.058050555,0.327811105,0,0,0,0,0,0,0,0,0,0,0,0,0,0,0,0,0,0,0,0,0,0,0,0,0,0,0,0,0,0,0,0,0,0,0,0,0,1,0,0,0,0,0,0,0,0,0,0,0,0,0
-1.528162337,415,0,0,-0.591781216,2.45010291,0.283603443,2.385939022,0.635453848,-2.286406923,0.636108552,-1.102973523,-1.239670518,-1.102777318,-1.59252352,-0.594841643,-1.587974298,-0.432980172,1,0,0,0,0,0,0,0,0,0,0,0,0,0,0,0,0,0,0,0,0,0,0,0,0,0,0,0,0,0,0,0,0,1,0,0,0,0,0,0,0,0,0,0,0,0,0,0,0,0,0
0.00910988,415,0,1,2.046723694,-1.104320675,1.24491722,-1.076243427,-0.565411905,0.29628125,-0.565708014,1.623328999,1.389356769,1.622154758,-0.517363143,-0.186811071,-0.512748386,-0.432980172,1,0,0,0,0,0,0,0,0,0,0,0,0,0,0,0,0,0,0,0,0,0,0,0,0,0,0,0,1,0,0,0,0,0,0,0,0,0,0,0,0,0,0,0,0,0,0,0,0,0,0
0.295719955,510,0,0,-0.591781216,0.522982021,1.093130834,0.508470838,-0.728616815,-0.299723713,-0.729268848,-1.241945466,0.049068348,-1.243565476,0.844506666,1.037280646,0.8412398,1.088602382,0,0,0,0,0,0,0,0,0,0,0,0,0,0,0,0,0,0,0,0,0,0,0,0,0,0,0,0,0,0,0,0,0,0,0,0,0,1,0,0,0,0,0,0,0,0,0,0,0,0,0
-1.163385879,510,0,0,-0.591781216,-0.3034905,-0.424733025,-0.296319858,0.665676979,0.345948331,0.664553914,-0.281404098,0.203717012,-0.280756142,0.557797233,-1.410902787,0.562477527,0.327811105,0,0,0,0,0,0,0,0,0,0,0,0,0,0,0,0,0,0,0,0,0,0,0,0,0,0,0,0,1,0,0,0,0,0,0,0,0,0,0,0,0,0,0,0,0,0,0,0,0,0,0
-0.016945581,408,0,0,-0.591781216,0.964819359,0.840153524,0.939124287,-1.367332324,1.140621615,-1.366919058,0.534034213,1.234708105,0.532181928,-0.051460314,-1.002872215,-0.048144596,5.653350045,1,0,0,0,0,0,0,0,0,0,0,0,0,0,0,0,0,0,0,0,0,0,0,0,0,0,0,0,0,0,0,1,0,0,0,0,0,0,0,0,0,0,0,0,0,0,0,0,0,0,0
-0.954942188,415,0,1,1.020638451,0.40857771,-1.031878569,0.397699085,-1.401585207,-0.796394515,-1.402475761,0.605563889,-1.70361651,0.604846783,-0.947427294,0.221219501,-0.950803387,-0.432980172,0,0,0,0,0,0,0,0,0,0,0,0,0,0,0,0,0,0,0,0,0,0,0,0,0,0,0,0,0,0,0,0,0,0,0,0,0,0,0,0,0,0,0,0,0,0,0,0,0,1,0
-0.850720343,510,0,1,1.606972875,-1.12010058,-0.374137563,-1.092067963,0.661647228,-0.448724953,0.662183467,-0.032072083,2.265699197,-0.030970702,-0.23065371,-1.002872215,-0.233986112,0.327811105,0,0,0,0,0,0,0,0,0,0,0,0,0,1,0,0,0,0,0,0,0,0,0,0,0,0,0,0,0,0,0,0,0,0,0,0,0,0,0,0,0,0,0,0,0,0,0,0,0,0,0
-1.58027326,510,1,0,-0.591781216,0.810965286,-0.019969329,0.789921517,1.310437115,0.29628125,1.309315464,0.239740687,-0.311778535,0.241522506,-1.377491444,-0.594841643,-1.375583994,-1.19377145,0,0,0,0,0,0,1,0,0,0,0,0,0,0,0,0,0,0,0,0,0,0,0,0,0,0,0,0,0,0,0,0,0,0,0,0,0,0,0,0,0,0,0,0,0,0,0,0,0,0,0
0.816829181,408,0,0,-0.591781216,0.688671022,-1.133069493,0.670107172,1.028354555,-0.101055392,1.027232286,0.811978098,-0.621075863,0.813758242,1.310409496,-1.002872215,1.305843589,-1.19377145,0,0,0,0,0,0,0,0,0,0,0,0,0,0,0,0,0,0,0,0,0,0,0,0,0,0,0,0,0,0,0,0,1,0,0,0,0,0,0,0,0,0,0,0,0,0,0,0,0,0,0
0.504163645,408,1,0,-0.591781216,0.44013752,1.143726296,0.428217833,-0.329671481,-1.094396997,-0.328663326,-0.512342767,-0.569526308,-0.512375368,-1.019104652,-1.002872215,-1.017175357,0.327811105,1,0,0,0,0,0,1,0,0,0,0,0,0,0,0,0,0,0,0,0,0,0,0,0,0,0,0,0,0,0,0,0,0,0,0,0,0,0,0,0,0,0,0,0,0,0,0,0,0,0,0
0.191498109,408,0,1,1.753556482,0.588074128,0.384794367,0.572899307,-1.834783423,-1.789736121,-1.833897092,-0.232355177,2.317248752,-0.230799054,-0.409847106,0.629250074,-0.406553234,3.370976214,1,0,0,0,0,0,0,0,0,0,0,0,0,0,0,0,0,0,0,0,0,0,1,0,0,0,0,0,0,0,0,0,0,0,0,0,0,0,0,0,0,0,0,0,0,0,0,0,0,0,0
1.572437559,510,0,0,-0.591781216,2.331753623,2.054444612,2.270645973,0.754331498,0.345948331,0.754630895,0.805846983,-0.363328089,0.804675135,-0.481524464,0.221219501,-0.486199598,-0.432980172,1,0,0,0,0,0,0,0,0,0,0,0,0,0,0,0,0,0,0,0,0,0,0,0,0,0,0,0,0,0,0,0,0,0,0,0,0,0,0,0,1,0,0,0,0,0,0,0,0,0,0
0.764718258,415,0,0,-0.591781216,0.653166236,0.081221595,0.636197451,-0.218853332,1.835960739,-0.21962277,-0.632921364,0.255266566,-0.634997312,0.127733082,-0.186811071,0.124422525,-1.19377145,1,0,0,0,0,0,0,0,0,0,0,0,0,0,0,0,0,0,0,0,0,0,0,0,0,0,0,0,0,0,0,0,0,0,0,0,0,0,0,0,1,0,0,0,0,0,0,0,0,0,0
0.764718258,408,0,1,0.800763042,-0.528354145,-0.677710335,-0.515602717,0.252627517,-0.051388311,0.252096158,0.08646281,0.719212558,0.087109688,0.199410441,0.629250074,0.204068889,0.327811105,0,0,0,0,0,0,0,0,0,0,0,0,0,0,0,0,0,0,0,0,0,0,0,0,0,0,1,0,0,0,0,0,0,0,0,0,0,0,0,0,0,0,0,0,0,0,0,0,0,0,0
-0.277500194,510,0,0,-0.591781216,-1.070788377,2.914567466,-1.04346403,1.378942879,-0.846061596,1.378058424,0.767016588,0.152167457,0.768342708,0.271087799,1.037280646,0.270440859,-0.432980172,0,0,0,0,0,0,0,0,0,0,0,0,0,0,0,0,0,0,0,0,0,0,0,0,0,0,0,0,0,0,0,0,0,0,0,0,0,0,0,0,0,0,0,0,0,0,0,0,0,0,1
0.99921741,415,0,1,1.24051386,-0.81633741,-0.222351177,-0.795923072,-2.419097296,-1.044729917,-2.41939747,-0.763718487,-0.878823636,-0.762160809,-0.696556539,1.445311218,-0.698589901,-1.19377145,0,0,0,0,0,0,0,0,0,0,0,0,0,0,0,0,0,0,0,0,0,0,0,0,0,0,0,0,0,1,0,0,0,0,0,0,0,0,0,0,0,0,0,0,0,0,0,0,0,0,0
-1.137330417,415,0,0,-0.591781216,0.189631529,2.863972004,0.184067847,-0.519069771,-1.491733639,-0.518299076,0.425717846,0.873861222,0.427726198,0.342765158,0.221219501,0.336812829,1.088602382,0,0,0,0,0,0,0,0,0,0,0,0,0,0,0,1,0,0,0,0,0,0,0,0,0,0,0,0,0,0,0,0,0,0,0,0,0,0,0,0,0,0,0,0,0,0,0,0,0,0,0
0.712607335,510,0,0,-0.591781216,0.386880341,-0.728305797,0.376222929,-0.118109561,0.097612929,-0.117693554,1.985064791,-0.930373191,1.985479035,1.453764213,-1.002872215,1.451861923,1.849393659,0,0,0,0,0,1,0,0,0,0,0,0,0,0,0,0,0,0,0,0,0,0,0,0,0,0,0,0,0,0,0,0,0,0,0,0,0,0,0,0,0,0,0,0,0,0,0,0,0,0,0
0.165442648,415,0,0,-0.591781216,2.27257898,-1.487237727,2.212999448,-0.15840707,-1.094396997,-0.157991151,-1.082536473,-0.672625417,-1.084611105,1.059538742,0.221219501,1.053630104,-0.432980172,1,0,0,0,0,0,0,0,0,0,0,0,0,0,0,0,0,0,0,0,1,0,0,0,0,0,0,0,0,0,0,0,0,0,0,0,0,0,0,0,0,0,0,0,0,0,0,0,0,0,0
1.989324939,408,0,0,-0.591781216,-0.084544319,-0.070564791,-0.08268862,-0.913985354,-0.846061596,-0.914163704,-0.442856796,-0.724174972,-0.444252066,0.450281195,-0.594841643,0.456282375,-0.432980172,0,0,0,0,0,0,0,0,0,0,0,0,0,0,0,0,0,0,0,0,0,0,0,0,0,0,0,0,0,0,0,0,0,0,0,0,1,0,0,0,0,0,0,0,0,0,0,0,0,0,0
0.530219106,415,0,0,-0.591781216,-0.005644795,-1.537833189,-0.005826587,-1.161815031,-0.349390793,-1.160690179,-1.732434675,0.667663003,-1.73405325,0.342765158,0.221219501,0.336812829,-0.432980172,0,0,0,0,0,0,0,0,0,0,0,0,0,0,0,0,0,0,0,0,0,0,0,0,0,0,0,0,0,0,0,0,0,0,0,0,0,0,0,0,0,1,0,0,0,0,0,0,0,0,0
-0.043001042,510,1,1,2.266599103,-1.043173544,-0.323542101,-1.016336254,1.872587358,0.743284973,1.87348182,-0.551173163,-0.466427199,-0.55324935,-0.66071786,-0.186811071,-0.658766719,-1.19377145,0,0,0,0,0,0,0,0,0,0,0,0,0,0,0,0,0,0,0,0,0,0,0,0,0,0,0,0,0,0,0,0,0,0,0,0,0,0,0,0,1,0,0,0,0,0,0,0,0,0,0
-0.616221191,415,0,1,1.826848285,-0.723630469,0.030626133,-0.705497151,0.232478763,0.097612929,0.233132583,-1.96541705,1.028509886,-1.965672476,1.812151005,-0.186811071,1.81027056,2.610184936,1,0,0,0,0,0,0,0,0,0,0,0,0,0,0,0,0,0,0,0,0,0,0,0,0,0,0,0,0,0,0,0,0,0,1,0,0,0,0,0,0,0,0,0,0,0,0,0,0,0,0
-2.075327024,415,0,0,-0.591781216,-1.731571896,0.435389829,-1.687748717,-0.045574046,0.544616652,-0.046580148,-0.600222084,1.286257659,-0.598664884,0.987861383,1.037280646,0.987258134,0.327811105,0,0,0,0,0,0,0,0,0,0,0,0,0,0,0,0,0,0,0,0,0,0,0,0,0,0,0,0,0,0,0,0,0,0,0,0,0,0,0,0,0,0,0,0,0,0,0,0,0,1,0
-1.163385879,408,0,0,-0.591781216,0.605826521,-1.031878569,0.589854167,-0.484816888,-0.200389552,-0.48511282,-1.049837192,-2.270661611,-1.048278677,1.883828363,-0.186811071,1.889916924,-0.432980172,0,0,0,0,0,0,0,0,0,0,0,0,0,0,0,0,0,0,0,0,0,0,0,0,0,0,0,0,0,0,0,0,0,0,0,0,0,0,0,0,0,0,0,0,0,0,0,1,0,0,0
-0.225389272,415,0,1,1.533681072,0.426330103,1.49789453,0.414653945,0.061214352,0.743284973,0.060089961,-1.45449079,0.667663003,-1.452476935,-1.377491444,0.629250074,-1.375583994,-0.432980172,1,0,0,0,0,0,0,0,0,0,0,0,0,1,0,0,0,0,0,0,0,0,0,0,0,0,0,0,0,0,0,0,0,0,0,0,0,0,0,0,0,0,0,0,0,0,0,0,0,0,0
-0.511999346,510,0,0,-0.591781216,-0.672345778,-2.094383271,-0.655762894,1.757739459,1.537958257,1.757329924,-0.39585158,1.080059441,-0.394294978,-0.374008427,-0.186811071,-0.380004446,0.327811105,0,0,0,0,0,0,0,0,0,0,0,0,0,0,0,0,0,0,0,0,0,0,0,1,0,0,0,0,0,0,0,0,0,0,0,0,0,0,0,0,0,0,0,0,0,0,0,0,0,0,0
0.99921741,510,1,1,1.680264679,0.469724841,-0.930687645,0.457606257,-0.007291413,-1.392399478,-0.006282551,0.264265148,0.616113449,0.264230273,1.1312161,0.629250074,1.133276468,-0.432980172,1,0,0,0,0,0,0,0,0,0,0,0,0,0,0,0,0,0,0,0,0,0,0,0,0,0,0,0,0,0,0,0,0,0,0,0,0,0,0,0,0,0,0,1,0,0,0,0,0,0,0
-0.850720343,415,0,0,-0.591781216,1.039773907,-1.234260417,1.012595347,-0.954282862,0.14728001,-0.954461301,0.276527378,0.358365676,0.277854934,0.091894403,-1.002872215,0.097873737,-0.432980172,0,0,0,1,0,0,0,0,0,0,0,0,0,0,0,0,0,0,0,0,0,0,0,0,0,0,0,0,0,0,0,0,0,0,0,0,0,0,0,0,0,0,0,0,0,0,0,0,0,0,0
2.145657707,415,0,1,-0.005446792,-1.838086255,0.941344448,-1.790608202,1.703337823,-0.150722472,1.702809645,-0.422419745,1.698654096,-0.421544299,-0.553201823,-1.002872215,-0.552571568,0.327811105,0,0,0,0,0,0,0,0,1,0,0,0,0,0,0,0,0,0,0,0,0,0,0,0,0,0,0,0,0,0,0,0,0,0,0,0,0,0,0,0,0,0,0,0,0,0,0,0,0,0,0
1.676659404,408,0,0,-0.591781216,-0.467207014,-0.627114873,-0.455695544,1.519984159,-0.945395756,1.520285236,-0.514386472,-0.311778535,-0.512375368,-0.338169747,0.221219501,-0.340181264,-0.432980172,0,0,0,0,0,0,0,0,0,0,0,0,0,0,0,0,0,0,0,0,0,0,0,0,0,0,0,0,0,0,0,0,0,0,0,0,0,0,0,0,0,0,0,0,0,0,0,0,1,0,0
-1.085219495,510,0,0,-0.591781216,0.302063352,-2.144978733,0.293709276,-0.043559171,-0.597726194,-0.044209701,2.109730798,0.51301434,2.108100979,1.632957609,1.85334179,1.637703439,-1.19377145,0,0,0,0,0,0,0,0,0,0,0,0,0,0,0,0,0,0,0,0,0,0,0,0,0,0,0,0,0,0,0,1,0,0,0,0,0,0,0,0,0,0,0,0,0,0,0,0,0,0,0
-2.205604331,415,1,0,-0.591781216,-1.374551547,-0.475328487,-1.339608921,-1.075175388,-1.243398238,-1.075354092,-0.216005536,-1.394319182,-0.217174393,-1.377491444,1.037280646,-1.375583994,-1.19377145,0,0,0,0,0,0,0,0,0,0,0,0,0,0,1,0,0,0,0,0,0,0,0,0,0,0,0,0,0,0,0,0,0,0,0,0,0,0,0,0,0,0,0,0,0,0,0,0,0,0,0
0.347830877,415,0,0,-0.591781216,-0.642758456,0.941344448,-0.62637447,-0.799137455,0.544616652,-0.798011808,1.529318567,0.306816121,1.531323689,-0.445685785,-0.594841643,-0.446376416,2.610184936,1,0,0,0,0,0,0,1,0,0,0,0,0,0,0,0,0,0,0,0,0,0,0,0,0,0,0,0,0,0,0,0,0,0,0,0,0,0,0,0,0,0,0,0,0,0,0,0,0,0,0
0.321775416,510,0,0,-0.591781216,-0.467207014,2.054444612,-0.455695544,1.131113202,-1.392399478,1.131531949,-0.526648702,1.18315855,-0.526000029,0.593635912,0.221219501,0.589026314,0.327811105,0,0,0,0,0,0,0,0,0,0,0,0,1,0,0,0,0,0,0,0,0,0,0,0,0,0,0,0,0,0,0,0,0,0,0,0,0,0,0,0,0,0,0,0,0,0,0,0,0,0,0
0.504163645,408,0,0,-0.591781216,-1.607305145,-0.070564791,-1.566804048,-0.281314471,-0.746727435,-0.281254389,-1.111148343,-0.208679425,-1.111860425,-0.338169747,-0.186811071,-0.340181264,0.327811105,0,0,0,0,0,0,0,0,0,0,1,0,0,0,0,0,0,0,0,0,0,0,0,0,0,0,0,0,0,0,0,0,0,0,0,0,0,0,0,0,0,0,0,0,0,0,0,0,0,0,0
0.373886338,415,0,0,-0.591781216,0.609771498,0.99193991,0.593245139,-0.958312613,-0.796394515,-0.959202195,1.249330977,-1.085021854,1.249747375,0.271087799,0.221219501,0.270440859,-1.19377145,0,0,0,0,0,0,0,0,0,0,0,0,0,0,0,0,0,0,0,0,0,0,0,0,0,0,0,0,0,0,0,0,0,0,0,0,0,0,0,0,0,0,0,0,0,0,0,0,0,0,0
-0.016945581,415,1,0,-0.591781216,-0.390279977,-0.323542101,-0.381094159,-0.418325999,-0.250056632,-0.418740308,-0.953783055,0.100617902,-0.952906054,0.486119874,-1.002872215,0.482831163,0.327811105,1,0,0,0,0,0,0,0,0,0,0,0,0,0,0,0,0,0,0,0,0,0,0,1,0,0,0,0,0,0,0,0,0,0,0,0,0,0,0,0,0,0,0,0,0,0,0,0,0,0,0
-2.59643625,408,0,0,-0.591781216,-1.102348187,0.637771677,-1.073982779,0.716048865,-1.144064077,0.716703746,-2.613271547,-0.981922745,-2.615114621,-2.345135783,-1.002872215,-2.344614754,-1.19377145,0,0,0,0,0,0,0,0,0,0,0,0,0,0,0,0,0,0,0,0,0,0,0,0,0,0,0,0,0,0,0,0,0,0,0,0,0,0,0,0,1,0,0,0,0,0,0,0,0,0,0
-0.095111965,415,0,1,0.50759583,-1.224642451,-0.171755715,-1.193797124,-0.08788643,1.289622856,-0.086877745,-0.892471904,0.667663003,-0.893865859,-1.377491444,-0.594841643,-1.375583994,-0.432980172,0,0,0,0,0,0,0,0,0,0,0,0,0,0,0,0,0,0,0,0,0,0,0,0,0,0,1,0,0,0,0,0,0,0,0,0,0,0,0,0,0,0,0,0,0,0,0,0,0,0,0
-1.18944134,415,0,1,1.460389269,-1.467258489,-0.930687645,-1.430034842,-0.0657228,0.445282491,-0.065543723,-0.277316687,-0.466427199,-0.276214588,-0.589040502,0.629250074,-0.592394749,0.327811105,0,0,0,0,0,0,0,0,0,0,0,0,0,0,0,0,0,1,0,0,0,0,0,0,0,0,0,0,0,0,0,0,0,0,0,0,0,0,0,0,0,0,0,0,0,0,0,0,0,0,0
-0.668332114,415,0,0,-0.591781216,-1.341019249,1.042535372,-1.306829525,0.738212494,0.941953294,0.738037767,1.071528638,0.51301434,1.07262679,1.023700062,0.629250074,1.027081316,-0.432980172,0,0,0,0,0,0,0,0,0,0,0,0,0,0,0,0,0,0,0,0,0,0,0,0,0,0,0,0,0,0,0,0,0,0,0,0,0,0,0,0,0,0,0,0,0,0,0,0,0,1,0
-0.459888423,415,0,0,-0.591781216,-0.402114906,0.182412519,-0.392397399,0.033006096,-0.101055392,0.034015046,0.570820904,-1.394319182,0.573055909,-0.266492389,-0.594841643,-0.2605349,0.327811105,0,0,0,0,0,0,0,0,0,0,0,0,0,1,0,0,0,0,0,0,0,0,0,0,0,0,0,0,0,0,0,0,0,0,0,0,0,0,0,0,0,0,0,0,0,0,0,0,0,0,0
-1.58027326,510,0,0,-0.591781216,-1.932765684,1.143726296,-1.883294771,0.192181254,0.395615411,0.192834986,0.223391047,-1.858265174,0.223356292,0.378603837,-0.594841643,0.376636011,3.370976214,1,0,0,0,0,0,0,0,0,0,0,0,0,0,0,0,0,0,0,0,0,0,0,1,0,0,0,0,0,0,0,0,0,0,0,0,0,0,0,0,0,0,0,0,0,0,0,0,0,0,0
0.00910988,415,0,1,0.947346648,1.150233242,-0.627114873,1.119976128,0.180092002,-0.796394515,0.180982752,0.652569105,-0.26022898,0.654803871,-0.087298993,0.221219501,-0.087967778,0.327811105,0,0,0,0,0,0,0,0,0,0,0,0,0,0,0,0,0,0,0,1,0,0,0,0,0,0,0,0,0,0,0,0,0,0,0,0,0,0,0,0,0,0,0,0,0,0,0,0,0,0,0
0.504163645,415,0,1,2.339890906,-1.017531198,-0.070564791,-0.991469126,0.947759538,-1.094396997,0.946637092,-0.027984673,1.080059441,-0.026429148,1.919667042,-0.594841643,1.916465712,-1.19377145,0,0,0,0,0,0,0,0,0,0,0,0,0,0,0,0,0,0,0,0,1,0,0,0,0,0,0,0,0,0,0,0,0,0,0,0,0,0,0,0,0,0,0,0,0,0,0,0,0,0,0
2.145657707,415,0,1,1.680264679,-0.16738882,0.182412519,-0.164071949,-0.142288066,-1.293065318,-0.141398023,-0.093383234,-0.775724527,-0.09455245,-0.015621635,-0.186811071,-0.021595808,-0.432980172,0,0,0,0,0,0,0,0,0,0,0,0,0,0,0,0,0,0,0,0,0,0,0,0,0,0,0,0,0,0,0,0,0,0,0,0,0,0,0,0,0,1,0,0,0,0,0,0,0,0,0
-0.668332114,510,0,0,-0.591781216,-1.394276429,-0.627114873,-1.35882443,1.181485088,0.991620374,1.181311333,-0.38767676,0.976960331,-0.389753425,1.095377421,-0.594841643,1.093453286,1.849393659,1,0,0,0,0,0,0,0,0,0,0,0,0,0,0,0,0,0,0,0,0,0,0,0,0,0,0,0,0,0,0,0,0,0,0,0,0,0,1,0,0,0,0,0,0,0,0,0,0,0,0
-0.538054807,415,0,0,-0.591781216,0.795185381,0.688367139,0.774096981,0.141809369,-1.193731157,0.140685155,-0.66766435,1.904852315,-0.666788186,0.66531327,-0.594841643,0.668672678,0.327811105,0,0,0,0,0,0,0,0,0,0,0,0,0,0,0,0,0,1,0,0,0,0,0,0,0,0,0,0,0,0,0,0,0,0,0,0,0,0,0,0,0,0,0,0,0,0,0,0,0,0,0
-0.329611117,415,0,0,-0.591781216,-2.447585083,-1.790810499,-2.385158632,0.847015767,1.041287454,0.847078324,-0.506211652,1.750203651,-0.507833815,0.378603837,-0.186811071,0.376636011,-1.19377145,0,0,0,0,0,0,0,0,0,0,0,0,0,1,0,0,0,0,0,0,0,0,0,0,0,0,0,0,0,0,0,0,0,0,0,0,0,0,0,0,0,0,0,0,0,0,0,0,0,0,0
-0.016945581,415,0,1,1.093930254,2.108862466,-1.082474031,2.053623762,2.309815325,0.097612929,2.309644045,-0.146519565,0.049068348,-0.144509538,0.020217045,0.629250074,0.018227373,-0.432980172,0,0,0,0,0,0,0,0,0,0,0,0,0,0,0,0,0,0,0,0,0,0,0,0,0,0,0,0,0,0,0,0,0,0,1,0,0,0,0,0,0,0,0,0,0,0,0,0,0,0,0
-0.016945581,510,0,0,-0.591781216,0.550596854,-0.222351177,0.535598614,0.570977834,0.594283732,0.572106486,-0.786199242,1.595554987,-0.784868576,1.095377421,-1.002872215,1.093453286,-0.432980172,0,0,0,0,0,0,0,0,0,0,0,0,0,0,0,0,0,0,0,0,0,0,0,0,0,0,0,0,0,0,0,0,1,0,0,0,0,0,0,0,0,0,0,0,0,0,0,0,0,0,0
0.113331725,415,0,1,1.680264679,-1.3824415,0.384794367,-1.34752119,0.979997545,0.941953294,0.979823349,2.45511695,0.049068348,2.453259042,-0.696556539,-0.186811071,-0.698589901,1.849393659,1,0,0,0,1,0,0,0,0,0,0,0,0,0,0,0,0,0,0,0,0,0,0,0,0,0,0,0,0,0,0,0,0,0,0,0,0,0,0,0,0,0,0,0,0,0,0,0,0,0,0
1.989324939,415,0,0,-0.591781216,-0.078626855,0.99193991,-0.077037,-0.646006922,-0.498392034,-0.646303208,-0.044334313,0.51301434,-0.044595362,1.56128025,-0.186811071,1.558057075,-0.432980172,0,0,0,0,0,0,0,0,0,0,0,0,0,0,0,0,0,0,0,0,0,0,0,0,0,0,0,0,0,0,0,0,0,0,0,0,0,0,0,0,0,0,0,0,0,0,0,0,0,0,1
0.452052722,510,0,0,-0.591781216,0.503257139,0.7389626,0.48925533,-0.319597104,1.835960739,-0.319181539,-0.510299062,0.770762113,-0.512375368,-1.162459369,0.629250074,-1.16319369,-1.19377145,0,0,0,0,0,0,0,0,0,0,0,0,0,0,0,0,0,0,0,0,0,0,0,0,0,0,0,0,0,0,0,0,1,0,0,0,0,0,0,0,0,0,0,0,0,0,0,0,0,0,0
-0.485943885,510,0,1,1.900140088,1.043718883,1.042535372,1.015986319,-0.956297738,0.743284973,-0.956831748,1.750038711,-1.188120964,1.749318255,-1.986748991,-0.594841643,-1.986206117,1.088602382,0,0,0,0,0,0,0,0,0,0,0,0,0,1,0,0,0,0,0,0,0,0,0,0,0,0,0,0,0,0,0,0,0,0,0,0,0,0,0,0,0,0,0,0,0,0,0,0,0,0,0
-0.694387575,415,0,0,-0.591781216,-1.51854318,-0.576519411,-1.479769099,-1.034877879,-0.001721231,-1.035056495,-0.265054457,0.719212558,-0.267131481,0.271087799,0.221219501,0.270440859,-1.19377145,0,0,0,0,0,0,0,0,0,0,0,0,0,0,0,0,0,0,0,0,0,0,0,0,0,0,0,1,0,0,0,0,0,0,0,0,0,0,0,0,0,0,0,0,0,0,0,0,0,0,0
0.634440952,408,0,0,-0.591781216,-0.204866094,-0.525923949,-0.200242317,-0.899881226,1.885627819,-0.899941023,0.198866587,0.306816121,0.200648525,0.486119874,0.629250074,0.482831163,0.327811105,0,1,0,0,0,0,0,0,0,0,0,0,0,0,0,0,0,0,0,0,0,0,0,0,0,0,0,0,0,0,0,0,0,0,0,0,0,0,0,0,0,0,0,0,0,0,0,0,0,0,0
0.973161949,415,0,0,-0.591781216,1.406656697,0.941344448,1.369777735,-2.205520501,-0.200389552,-2.206057251,-1.20311507,-0.672625417,-1.202691495,1.274570817,-0.594841643,1.279294801,1.088602382,0,0,0,0,0,0,0,0,0,0,0,0,0,0,0,0,0,0,0,0,0,0,0,0,0,0,0,0,0,0,0,0,0,0,0,0,0,0,0,0,0,0,0,0,0,1,0,0,0,0,0
0.478108184,415,0,0,-0.591781216,1.000324145,0.840153524,0.974164331,0.490382817,0.047945849,0.491511292,-0.052509133,0.564563894,-0.053678469,-0.947427294,0.629250074,-0.950803387,1.088602382,0,0,0,0,0,0,0,0,0,0,0,0,0,1,0,0,0,0,0,0,0,0,0,0,0,0,0,0,0,0,0,0,0,0,0,0,0,0,0,0,0,0,0,0,0,0,0,0,0,0,0
0.947106487,510,0,0,-0.591781216,-1.378496524,0.99193991,-1.342999893,0.601200965,-0.697060355,0.600551849,1.118533854,0.152167457,1.118042324,0.593635912,0.629250074,0.589026314,-0.432980172,0,0,0,0,0,0,0,0,0,0,0,0,0,0,0,0,0,0,0,0,0,0,0,0,0,0,0,0,0,0,0,0,0,0,1,0,0,0,0,0,0,0,0,0,0,0,0,0,0,0,0
2.119602246,415,0,0,-0.591781216,1.96881581,0.890748986,1.917984881,0.051139974,0.643950812,0.050608174,-0.549129458,0.049068348,-0.548707796,0.163571761,-0.186811071,0.164245707,0.327811105,1,0,0,0,0,0,0,0,0,0,0,0,0,0,0,0,0,0,0,0,0,0,0,0,0,0,0,1,0,0,0,0,0,0,0,0,0,0,0,0,0,0,0,0,0,0,0,0,0,0,0
0.868940103,415,0,1,2.1933073,0.684726046,-0.374137563,0.6667162,0.222404386,-2.137405682,0.221280349,-0.737150321,-1.085021854,-0.734911488,-0.087298993,1.445311218,-0.087967778,-0.432980172,0,0,0,0,0,0,0,0,0,0,0,1,0,0,0,0,0,0,0,0,0,0,0,0,0,0,0,0,0,0,0,0,0,0,0,0,0,0,0,0,0,0,0,0,0,0,0,0,0,0,0
-1.449995953,415,0,0,-0.591781216,-1.648727396,0.131817057,-1.606365388,0.92962566,1.686959498,0.930043964,0.585126839,-0.414877644,0.586680569,-0.194815031,-0.186811071,-0.19416293,-0.432980172,0,0,0,0,0,0,0,1,0,0,0,0,0,0,0,0,0,0,0,0,0,0,0,0,0,0,0,0,0,0,0,0,0,0,0,0,0,0,0,0,0,0,0,0,0,0,0,0,0,0,0
1.624548481,408,0,1,1.093930254,0.874084905,1.295512682,0.850959014,0.661647228,-0.548059114,0.662183467,1.897185474,0.203717012,1.89918952,-0.517363143,-0.186811071,-0.512748386,-0.432980172,0,0,0,0,0,0,0,0,0,0,0,0,0,0,0,0,0,0,1,0,0,0,0,0,0,0,0,0,0,0,0,0,0,0,0,0,0,0,0,0,0,0,0,0,0,0,0,0,0,0,0
0.113331725,415,0,0,-0.591781216,0.619633938,-0.070564791,0.603418055,-0.482802013,-1.69040196,-0.482742373,0.417543026,-0.208679425,0.418643091,1.59711893,1.037280646,1.597880257,1.849393659,0,0,0,0,0,0,0,0,0,0,0,1,0,0,0,0,0,0,0,0,0,0,0,0,0,0,0,0,0,0,0,0,0,0,0,0,0,0,0,0,0,0,0,0,0,0,0,0,0,0,0
0.478108184,415,0,0,-0.591781216,-1.390331452,-0.222351177,-1.355433458,-0.958312613,-0.995062836,-0.959202195,0.795628458,0.100617902,0.795592028,-0.158976351,0.221219501,-0.154339748,0.327811105,0,0,0,0,0,0,0,0,0,1,0,0,0,0,0,0,0,0,0,0,0,0,0,0,0,0,0,0,0,0,0,0,0,0,0,0,0,0,0,0,0,0,0,0,0,0,0,0,0,0,0
-0.59016573,408,0,0,-0.591781216,0.795185381,-0.272946639,0.774096981,-0.418325999,1.041287454,-0.418740308,-0.263010752,0.461464785,-0.262589928,0.450281195,0.221219501,0.456282375,-1.19377145,0,0,0,0,0,0,0,0,0,0,0,0,0,0,0,0,0,0,0,0,0,0,0,0,0,0,0,0,0,0,0,0,0,0,0,0,0,0,0,0,0,0,0,0,0,0,0,0,0,0,1
0.634440952,408,0,1,1.753556482,-1.640837443,0.435389829,-1.59845312,-1.105398519,0.445282491,-1.106169901,-0.545042048,-0.930373191,-0.544166243,-0.302331068,-1.002872215,-0.300358082,-0.432980172,0,0,0,0,0,0,0,0,0,0,0,0,0,0,0,0,0,0,0,0,0,0,0,0,0,0,0,0,0,0,0,0,0,0,0,0,0,1,0,0,0,0,0,0,0,0,0,0,0,0,0
-0.329611117,415,0,0,-0.591781216,0.075227218,-0.374137563,0.073296093,-0.607724289,-0.995062836,-0.608376058,-0.14856327,-0.621075863,-0.149051091,-0.696556539,0.221219501,-0.698589901,1.088602382,0,0,0,0,0,0,0,0,0,0,0,0,0,0,0,1,0,0,0,0,0,0,0,0,0,0,0,0,0,0,0,0,0,0,0,0,0,0,0,0,0,0,0,0,0,0,0,0,0,0,0
-0.459888423,408,0,1,2.1933073,-1.415973798,-0.525923949,-1.380300586,-1.214201792,-0.299723713,-1.215210458,1.073572343,-1.085021854,1.07262679,0.091894403,-1.002872215,0.097873737,-1.19377145,0,0,0,0,0,0,0,0,0,0,0,0,0,0,0,0,0,0,0,0,1,0,0,0,0,0,0,0,0,0,0,0,0,0,0,0,0,0,0,0,0,0,0,0,0,0,0,0,0,0,0
-2.544325328,510,1,0,-0.591781216,-0.368582608,-0.222351177,-0.359618003,0.891343026,-0.895728676,0.892116814,-0.414244925,0.152167457,-0.412461192,-0.911588615,0.629250074,-0.910980205,-0.432980172,0,0,0,0,0,0,0,0,0,0,0,0,0,0,0,0,0,0,0,0,0,0,0,0,0,0,0,0,0,0,0,0,0,0,0,0,0,0,0,0,0,0,1,0,0,0,0,0,0,0,0
-1.371829569,510,0,0,-0.591781216,-0.601336206,2.307421922,-0.58681313,-0.781003576,0.445282491,-0.781418679,-0.064771363,0.461464785,-0.062761576,-0.696556539,-1.002872215,-0.698589901,1.088602382,0,0,0,0,0,0,0,0,0,0,0,0,0,0,0,0,0,0,0,0,0,0,0,0,0,0,0,0,0,0,0,0,0,0,0,0,0,0,0,0,0,0,0,0,0,0,0,1,0,0,0
0.738662797,415,0,0,-0.591781216,-0.826199851,0.99193991,-0.804965664,0.50650182,0.494949571,0.505733974,-1.141803919,-0.26022898,-1.1436513,-0.015621635,0.629250074,-0.021595808,-0.432980172,1,0,0,0,0,0,0,0,0,0,0,0,0,0,0,1,0,0,0,0,0,0,0,0,0,0,0,0,0,0,0,0,0,0,0,0,0,0,0,0,0,0,0,0,0,0,0,0,0,0,0
-0.902831266,408,0,1,2.339890906,-0.749272815,-0.677710335,-0.730364279,1.362823876,-0.548059114,1.363835742,0.822196624,-1.652066956,0.822841349,-0.624879181,1.037280646,-0.618943537,-1.19377145,0,0,0,0,0,1,0,0,0,0,0,0,0,0,0,0,0,0,0,0,0,0,0,0,0,0,0,0,0,0,0,0,0,0,0,0,0,0,0,0,0,0,0,0,0,0,0,0,0,0,0
-0.538054807,510,0,1,1.020638451,0.329678185,0.7389626,0.320837052,-1.014729125,0.445282491,-1.013722473,-0.508255357,-1.291220073,-0.507833815,-0.338169747,-1.410902787,-0.340181264,-1.19377145,0,0,0,0,0,0,0,0,0,0,0,0,0,0,0,0,0,0,0,0,0,0,0,0,0,0,0,0,0,0,0,0,0,0,0,0,0,0,0,0,0,0,0,1,0,0,0,0,0,0,0
-0.433832962,408,0,0,-0.591781216,-0.648675921,1.649680916,-0.63202609,-0.583545784,-1.342732398,-0.584671589,0.683224681,-1.600517401,0.682053192,-0.123137672,-0.594841643,-0.12779096,-0.432980172,0,0,0,0,0,0,0,0,0,0,0,0,0,0,0,0,0,0,0,0,0,0,0,0,0,0,0,0,0,0,0,0,0,0,0,0,0,0,0,0,0,0,0,0,0,0,0,0,0,1,0
-0.121167426,415,0,0,-0.591781216,-0.114131641,0.536580753,-0.112077045,1.747665082,0.24661417,1.747848136,0.076244284,-0.466427199,0.078026582,-0.409847106,1.037280646,-0.406553234,-0.432980172,0,0,0,0,0,0,0,0,0,0,0,0,0,0,0,0,0,0,0,1,0,0,0,0,0,0,0,0,0,0,0,0,0,0,0,0,0,0,0,0,0,0,0,0,0,0,0,0,0,0,0
0.582330029,415,0,1,1.900140088,2.475745256,-1.031878569,2.41080615,-0.889806849,0.445282491,-0.890459236,1.613110474,-0.981922745,1.613071652,1.059538742,1.037280646,1.053630104,-0.432980172,0,0,0,0,0,0,0,0,0,0,0,0,0,0,0,0,0,0,0,0,0,0,0,0,0,0,0,0,0,0,0,0,0,0,0,0,0,0,0,0,0,0,1,0,0,0,0,0,0,0,0
0.3999418,510,1,1,1.533681072,-0.342940263,-0.475328487,-0.334750875,1.584460173,-1.044729917,1.584287302,-0.171044025,1.595554987,-0.171758859,0.521958554,-1.002872215,0.522654345,1.088602382,1,0,0,0,0,0,0,0,0,0,0,0,0,1,0,0,0,0,0,0,0,0,0,0,0,0,0,0,0,0,0,0,0,0,0,0,0,0,0,0,0,0,0,0,0,0,0,0,0,0,0
0.113331725,415,1,0,-0.591781216,-0.585556301,0.283603443,-0.570988593,1.876617109,1.140621615,1.875852267,1.014304897,-1.806715619,1.013586595,0.020217045,1.037280646,0.018227373,1.088602382,0,0,0,0,0,0,0,0,1,0,0,0,0,0,0,0,0,0,0,0,0,0,0,0,0,0,0,0,0,0,0,0,0,0,0,0,0,0,0,0,0,0,0,0,0,0,0,0,0,0,0
-0.538054807,415,0,0,-0.591781216,0.351375554,0.688367139,0.342313208,0.125690365,0.941953294,0.126462474,-0.765762192,0.461464785,-0.766702362,0.378603837,-0.186811071,0.376636011,-0.432980172,0,0,0,0,0,0,0,0,0,0,0,0,0,0,0,0,0,0,0,0,0,0,0,0,0,0,0,0,0,0,0,0,0,0,0,0,0,0,0,0,0,0,0,0,0,1,0,0,0,0,0
1.468215713,408,0,0,-0.591781216,1.19362798,-1.689619575,1.161798117,-0.960327489,-0.101055392,-0.959202195,0.979561912,-1.445868737,0.98179572,-0.015621635,0.629250074,-0.021595808,0.327811105,0,0,0,0,0,0,0,0,0,0,0,0,0,0,0,0,0,0,0,0,0,0,0,0,0,0,1,0,0,0,0,0,0,0,0,0,0,0,0,0,0,0,0,0,0,0,0,0,0,0,0
-0.876775804,510,0,1,1.606972875,0.128484397,0.840153524,0.124160674,1.733560954,-1.193731157,1.733625455,-0.751456256,0.667663003,-0.753077702,0.952022704,-0.594841643,0.947434952,0.327811105,0,0,0,0,0,0,0,0,0,0,0,0,0,1,0,0,0,0,0,0,0,0,0,0,0,0,0,0,0,0,0,0,0,0,0,0,0,0,0,0,0,0,0,0,0,0,0,0,0,0,0
-0.564110269,415,0,1,0.654179436,1.124590896,-0.272946639,1.095109,1.266109855,-2.187072763,1.26664742,1.196194646,0.358365676,1.195248733,0.629474591,-0.186811071,0.628849496,-0.432980172,0,0,0,0,0,0,0,0,0,0,0,0,0,0,0,0,0,0,0,0,1,0,0,0,0,0,0,0,0,0,0,0,0,0,0,0,0,0,0,0,0,0,0,0,0,0,0,0,0,0,0
-0.642276652,408,0,0,-0.591781216,-0.127939058,-0.374137563,-0.125640933,-1.399570331,-0.995062836,-1.400105314,-0.616571724,0.203717012,-0.616831098,-1.735878236,-0.594841643,-1.733992631,-1.19377145,0,0,0,0,0,0,0,0,0,0,0,0,0,0,0,0,0,0,0,0,0,0,0,0,0,1,0,0,0,0,0,0,0,0,0,0,0,0,0,0,0,0,0,0,0,0,0,0,0,0,0
-0.173278349,415,0,0,-0.591781216,0.03183248,1.75087184,0.030343781,-0.367954114,0.395615411,-0.368960923,-0.418332335,0.152167457,-0.417002746,-1.269975407,-1.002872215,-1.269388842,-1.19377145,0,0,0,0,0,0,0,0,0,0,0,0,0,0,0,0,0,0,0,0,0,0,0,0,0,0,0,0,0,0,0,0,0,0,0,1,0,0,0,0,0,0,0,0,0,0,0,0,0,0,0
0.217553571,510,0,0,-0.591781216,-0.084544319,1.24491722,-0.08268862,1.008205801,-0.647393275,1.008268711,1.803175042,-1.342769628,1.803816897,-0.158976351,1.85334179,-0.154339748,-0.432980172,0,0,1,0,0,0,0,0,0,0,0,0,0,0,0,0,0,0,0,0,0,0,0,0,0,0,0,0,0,0,0,0,0,0,0,0,0,0,0,0,0,0,0,0,0,0,0,0,0,0,0
0.973161949,415,0,0,-0.591781216,-1.816388885,0.587176215,-1.77026237,1.33461562,0.345948331,1.33539038,0.276527378,0.203717012,0.277854934,-0.158976351,2.261372362,-0.154339748,0.327811105,0,0,0,1,0,0,0,0,0,0,0,0,0,0,0,0,0,0,0,0,0,0,0,0,0,0,0,0,0,0,0,0,0,0,0,0,0,0,0,0,0,0,0,0,0,0,0,0,0,0,0
-0.720443036,415,0,0,-0.591781216,0.465779865,-2.802719739,0.453084961,-1.183978661,-0.647393275,-1.184394648,-0.007547622,-1.497418292,-0.008262934,-0.624879181,0.629250074,-0.618943537,-1.19377145,0,0,0,0,0,0,0,0,0,0,0,0,0,0,0,0,0,0,0,0,0,0,0,0,0,0,0,0,0,0,0,0,0,0,0,0,0,0,0,0,1,0,0,0,0,0,0,0,0,0,0
-2.075327024,415,0,0,-0.591781216,-1.71776448,-0.272946639,-1.674184829,-0.781003576,-1.491733639,-0.781418679,1.715295726,-1.136571409,1.717527381,0.378603837,-0.594841643,0.376636011,2.610184936,1,0,0,0,0,0,0,0,0,0,0,0,0,0,0,0,0,1,0,0,0,0,0,0,0,0,0,0,0,0,0,0,0,0,0,0,0,0,0,0,0,0,0,0,0,0,0,0,0,0,0
-0.016945581,408,0,0,-0.591781216,0.004217646,-0.475328487,-0.363008975,-0.903910977,-0.895728676,-0.904681917,1.087878279,0.152167457,1.08625145,-0.624879181,-0.594841643,-0.618943537,-0.432980172,0,0,0,0,0,0,0,0,0,0,0,0,0,0,0,0,0,0,0,0,0,0,0,0,0,0,0,0,0,1,0,0,0,0,0,0,0,0,0,0,0,0,0,0,0,0,0,0,0,0,0
-0.564110269,408,0,1,1.753556482,-2.546209489,-1.942596885,-2.481236173,0.014872217,-0.647393275,0.015051471,-1.109104638,1.080059441,-1.107318872,-2.165942387,-0.186811071,-2.172047633,0.327811105,0,0,0,0,0,0,0,0,0,0,0,0,0,0,0,0,0,0,0,0,0,0,0,1,0,0,0,0,0,0,0,0,0,0,0,0,0,0,0,0,0,0,0,0,0,0,0,0,0,0,0
-0.303555655,415,0,0,-0.591781216,-0.883402006,-2.094383271,-0.861481864,-0.899881226,2.580966942,-0.899941023,-0.072946184,0.616113449,-0.071844683,-0.015621635,0.221219501,-0.021595808,-0.432980172,0,0,0,0,0,0,0,0,0,0,0,0,0,0,0,0,0,0,0,0,0,0,0,0,0,0,0,0,0,0,0,0,0,1,0,0,0,0,0,0,0,0,0,0,0,0,0,0,0,0,0
0.504163645,415,0,0,-0.591781216,1.428354066,0.485985291,1.391253891,0.512546447,0.14728001,0.512845314,-0.929258595,-0.878823636,-0.930198287,1.274570817,-0.594841643,1.279294801,-0.432980172,0,0,0,0,1,0,0,0,0,0,0,0,0,0,0,0,0,0,0,0,0,0,0,0,0,0,0,0,0,0,0,0,0,0,0,0,0,0,0,0,0,0,0,0,0,0,0,0,0,0,0
0.530219106,415,0,1,2.413182709,0.706423415,-0.272946639,0.688192356,0.828881888,-0.399057873,0.828114749,-1.105017228,0.40991523,-1.107318872,-0.23065371,-0.594841643,-0.233986112,-0.432980172,0,0,0,0,0,0,0,0,0,0,0,0,0,0,0,0,0,0,0,0,0,0,0,0,0,0,0,0,0,0,0,0,0,0,0,0,0,0,0,0,0,0,0,0,1,0,0,0,0,0,0
0.00910988,415,0,0,-0.591781216,-1.082623306,-1.740215037,-1.05476727,1.139172704,-0.746727435,1.138643289,-0.1608255,0.770762113,-0.162675752,1.1312161,-0.186811071,1.133276468,-1.19377145,0,0,0,0,0,0,0,0,0,0,0,0,0,0,1,0,0,0,0,0,0,0,0,0,0,0,0,0,0,0,0,0,0,0,0,0,0,0,0,0,0,0,0,0,0,0,0,0,0,0,0
0.373886338,408,0,0,-0.591781216,-0.019452211,0.688367139,-0.019390476,1.417225512,-0.200389552,1.41835602,0.916207055,-0.311778535,0.918213972,2.206376476,0.221219501,2.20850238,0.327811105,0,0,0,0,0,0,0,1,0,0,0,0,0,0,0,0,0,0,0,0,0,0,0,0,0,0,0,0,0,0,0,0,0,0,0,0,0,0,0,0,0,0,0,0,0,0,0,0,0,0,0
1.754825788,415,0,0,-0.591781216,0.069309754,1.548489992,0.066514149,-0.432430127,-1.342732398,-0.432962989,1.874704719,-0.002481207,1.876481752,-0.123137672,0.221219501,-0.12779096,0.327811105,0,0,0,0,0,0,0,0,0,0,0,0,0,0,0,1,0,0,0,0,0,0,0,0,0,0,0,0,0,0,0,0,0,0,0,0,0,0,0,0,0,0,0,0,0,0,0,0,0,0,0
-0.016945581,510,0,0,-0.591781216,-0.642758456,0.233007981,-0.62637447,-0.013336039,1.736626578,-0.013393892,0.691399501,-1.806715619,0.691136299,0.808667987,1.85334179,0.814691012,1.088602382,0,0,0,0,0,0,0,0,0,0,0,0,0,0,0,0,0,0,0,0,0,0,0,0,0,1,0,0,0,0,0,0,0,0,0,0,0,0,0,0,0,0,0,0,0,0,0,0,0,0,0
0.973161949,415,0,0,-0.591781216,0.99440668,0.334198905,0.968512711,0.228449012,0.991620374,0.228391689,-0.534823522,0.976960331,-0.535083136,1.059538742,-0.186811071,1.053630104,-0.432980172,0,0,0,0,0,0,0,0,0,0,0,0,0,0,0,0,0,0,0,0,0,0,0,0,0,0,0,0,0,0,0,0,0,0,0,0,0,0,0,0,0,0,0,0,0,0,1,0,0,0,0
-1.502106876,408,0,0,-0.591781216,-0.865649613,1.24491722,-0.84339668,-0.754810195,-0.597726194,-0.755343764,0.587170544,0.306816121,0.586680569,0.844506666,-0.594841643,0.8412398,-1.19377145,0,0,0,0,0,0,0,0,0,0,0,0,0,0,0,0,0,0,0,0,0,0,0,0,0,0,0,0,0,0,0,0,0,0,0,0,0,0,0,0,0,0,0,0,0,0,1,0,0,0,0
0.425997261,510,0,1,0.874054845,0.004217646,-0.121160253,0.499428246,-1.300841435,0.345948331,-1.300546545,-0.851597803,2.420347861,-0.852991878,-0.553201823,-0.594841643,-0.552571568,0.327811105,0,0,0,0,0,0,0,0,0,0,0,0,0,0,0,0,0,0,0,0,0,0,0,0,0,0,0,0,0,0,0,0,0,0,0,0,0,0,0,0,0,0,0,0,1,0,0,0,0,0,0
0.191498109,408,0,0,-0.591781216,-2.088592246,0.233007981,-2.034758189,-1.153755529,0.693617893,-1.153578839,-0.630877659,-0.105580316,-0.630455758,0.23524912,-0.594841643,0.230617677,0.327811105,0,0,0,0,0,0,0,0,0,0,0,0,0,0,0,0,0,1,0,0,0,0,0,0,0,0,0,0,0,0,0,0,0,0,0,0,0,0,0,0,0,0,0,0,0,0,0,0,0,0,0
0.452052722,408,0,0,-0.591781216,0.189631529,0.941344448,0.184067847,0.661647228,0.594283732,0.662183467,1.427133315,0.203717012,1.42686796,-0.087298993,-1.410902787,-0.087967778,0.327811105,0,0,0,0,0,0,0,0,0,0,0,0,0,0,0,0,0,0,0,0,0,0,0,0,0,0,0,0,0,0,0,0,0,0,0,0,0,0,0,0,0,0,0,0,0,1,0,0,0,0,0
-1.007053111,408,0,1,2.486474512,-0.836062292,-0.272946639,-0.81513858,-0.331686356,-0.299723713,-0.331033773,0.619869825,-1.548967846,0.618471443,-0.015621635,-0.594841643,-0.021595808,-1.19377145,0,0,0,1,0,0,0,0,0,0,0,0,0,0,0,0,0,0,0,0,0,0,0,0,0,0,0,0,0,0,0,0,0,0,0,0,0,0,0,0,0,0,0,0,0,0,0,0,0,0,0
-0.381722039,510,0,0,-0.591781216,-2.149739377,1.24491722,-2.094665361,0.208300258,0.643950812,0.209428114,-0.540954637,0.358365676,-0.539624689,-3.671166913,-1.818933359,-3.672054152,0.327811105,0,0,0,0,0,0,0,0,0,0,0,0,0,0,0,0,0,0,0,0,0,0,0,0,0,0,0,0,0,0,0,0,0,0,1,0,0,0,0,0,0,0,0,0,0,0,0,0,0,0,0
-1.476051414,408,0,0,-0.591781216,0.491422211,0.840153524,0.47795209,0.091437483,-0.299723713,0.090905771,-0.745325141,-0.827274081,-0.743994595,0.163571761,0.221219501,0.164245707,-1.19377145,0,0,0,0,0,0,0,0,0,0,0,0,0,0,0,0,0,0,0,0,0,0,0,0,0,0,0,0,0,0,0,0,0,0,0,0,0,0,0,0,0,0,0,0,0,1,0,0,0,0,0
0.269664493,510,0,0,-0.591781216,-1.116155604,-0.627114873,-1.087546667,0.266731645,-0.796394515,0.266318839,-0.330453018,-0.621075863,-0.33071323,0.629474591,-1.002872215,0.628849496,2.610184936,1,0,0,0,0,0,0,0,0,0,0,0,0,0,0,0,0,0,0,0,1,0,0,0,0,0,0,0,0,0,0,0,0,0,0,0,0,0,0,0,0,0,0,0,0,0,0,0,0,0,0
0.686551874,510,0,1,0.800763042,-0.985971388,0.7389626,-0.960950377,-0.803167206,0.047945849,-0.802752701,1.306554718,-1.909814729,1.30878757,0.70115195,-0.594841643,0.695221466,0.327811105,0,0,0,0,0,0,0,0,0,0,0,0,0,0,0,0,0,0,0,1,0,0,0,0,0,0,0,0,0,0,0,0,0,0,0,0,0,0,0,0,0,0,0,0,0,0,0,0,0,0,0
1.311882946,415,1,0,-0.591781216,0.375045412,-1.537833189,0.364919688,0.178077126,0.29628125,0.178612305,1.651940869,1.337807214,1.653945633,0.772829308,-0.186811071,0.77486783,-1.19377145,0,0,0,0,0,0,0,0,0,0,0,0,0,0,1,0,0,0,0,0,0,0,0,0,0,0,0,0,0,0,0,0,0,0,0,0,0,0,0,0,0,0,0,0,0,0,0,0,0,0,0
0.947106487,415,0,0,-0.591781216,0.714313368,-1.234260417,0.6949743,-1.113458021,0.892286214,-1.113281242,-0.289578918,1.492455878,-0.289839249,0.66531327,-0.186811071,0.668672678,-0.432980172,0,0,0,0,0,0,0,0,0,0,0,0,0,0,0,0,0,0,0,0,0,0,0,0,0,0,0,0,0,0,0,0,0,0,0,0,0,0,1,0,0,0,0,0,0,0,0,0,0,0,0
0.139387187,415,0,0,-0.591781216,-1.193082641,2.105040074,-1.163278376,0.558888581,1.935294899,0.557883805,-0.064771363,-2.012913838,-0.062761576,-0.66071786,1.85334179,-0.658766719,0.327811105,0,0,0,0,0,0,0,0,0,0,0,0,0,0,0,0,0,0,0,0,0,0,0,0,0,0,0,0,0,0,0,0,0,0,0,0,0,0,0,0,0,0,1,0,0,0,0,0,0,0,0
-0.329611117,510,0,0,-0.591781216,-0.697988123,0.789558062,-0.680630023,-0.891821724,-1.293065318,-0.892829683,0.278571083,-0.517976753,0.277854934,-0.875749935,2.261372362,-0.871157023,1.088602382,0,0,0,0,0,0,0,0,0,0,0,0,0,0,0,0,0,0,0,0,0,0,0,0,0,0,0,0,0,0,0,1,0,0,0,0,0,0,0,0,0,0,0,0,0,0,0,0,0,0,0
0.139387187,415,0,0,-0.591781216,1.095003574,1.042535372,1.065720576,0.401728298,-0.647393275,0.401434311,0.720011372,-0.466427199,0.71838562,0.557797233,-0.186811071,0.562477527,-0.432980172,0,0,0,0,0,0,0,0,0,0,0,0,0,0,0,0,0,0,0,0,0,0,0,0,0,0,0,0,0,0,0,0,0,0,0,0,0,0,0,0,0,0,0,0,0,1,0,0,0,0,0
-1.137330417,510,1,0,-0.591781216,-1.275927142,-1.790810499,-1.24353138,-1.578894244,-0.200389552,-1.577888829,0.89781371,-1.291220073,0.900047758,-1.377491444,-1.410902787,-1.375583994,-1.19377145,1,0,0,0,0,0,0,0,0,0,0,0,0,0,0,0,0,0,0,0,0,0,0,0,0,0,0,0,0,0,0,1,0,0,0,0,0,0,0,0,0,0,0,0,0,0,0,0,0,0,0
2.171713169,408,0,0,-0.591781216,-0.552024003,-0.374137563,-0.538209197,-0.446534255,-1.144064077,-0.44718567,0.572864609,0.564563894,0.573055909,1.023700062,1.445311218,1.027081316,0.327811105,0,0,0,0,0,0,0,0,0,0,0,0,0,0,0,0,0,0,0,0,0,0,0,0,0,0,0,0,0,0,0,0,0,0,0,0,0,0,0,0,0,0,0,0,0,0,0,1,0,0,0
0.217553571,510,0,0,-0.591781216,-0.524409169,0.081221595,-0.511081421,0.673736481,-1.144064077,0.674035702,2.618613353,-1.342769628,2.616754966,-0.123137672,1.85334179,-0.12779096,1.088602382,0,0,1,0,0,0,0,0,0,0,0,0,0,0,0,0,0,0,0,0,0,0,0,0,0,0,0,0,0,0,0,0,0,0,0,0,0,0,0,0,0,0,0,0,0,0,0,0,0,0,0
0.686551874,415,0,0,-0.591781216,0.767570547,-0.374137563,0.746969204,-1.022788627,1.488291177,-1.023204261,0.072156874,1.595554987,0.073485028,-0.374008427,0.221219501,-0.380004446,0.327811105,0,0,0,0,0,0,0,0,0,0,0,0,0,0,0,0,0,0,0,0,0,0,0,0,0,0,0,0,0,0,0,0,0,0,0,0,0,0,0,0,0,0,0,0,0,0,0,0,1,0,0
1.911158556,415,0,0,-0.591781216,0.20935641,-0.121160253,0.203283355,1.04850331,-1.491733639,1.048566308,0.399149681,-0.157129871,0.400476877,-1.090782011,1.85334179,-1.096821721,0.327811105,0,0,0,0,0,0,0,0,0,0,0,0,0,0,0,0,0,0,0,0,0,1,0,0,0,0,0,0,0,0,0,0,0,0,0,0,0,0,0,0,0,0,0,0,0,0,0,0,0,0,0
-0.225389272,415,0,0,-0.591781216,0.098897076,-2.043787809,0.095902574,1.235886724,-1.342732398,1.235831611,0.785409933,1.028509886,0.786508922,0.736990629,0.629250074,0.735044648,0.327811105,1,0,0,0,0,1,0,0,0,0,0,0,0,0,0,0,0,0,0,0,0,0,0,0,0,0,0,0,0,0,0,0,0,0,0,0,0,0,0,0,0,0,0,0,0,0,0,0,0,0,0
-0.511999346,408,0,0,-0.591781216,-1.270009677,-0.070564791,-1.23787976,0.484338191,0.842619133,0.484399952,-0.992613451,-0.105580316,-0.993780035,2.779795343,-1.002872215,2.779301321,-0.432980172,0,0,0,0,0,1,0,0,0,0,0,0,0,0,0,0,0,0,0,0,0,0,0,0,0,0,0,0,0,0,0,0,0,0,0,0,0,0,0,0,0,0,0,0,0,0,0,0,0,0,0
0.478108184,408,0,0,-0.591781216,2.258771563,-0.019969329,2.19943556,0.641498474,-2.336074003,0.640849446,-0.124038809,-1.858265174,-0.121801771,-0.445685785,-1.410902787,-0.446376416,-1.19377145,1,0,0,0,0,0,1,0,0,0,0,0,0,0,0,0,0,0,0,0,0,0,0,0,0,0,0,0,0,0,0,0,0,0,0,0,0,0,0,0,0,0,0,0,0,0,0,0,0,0,0
0.556274568,415,0,0,-0.591781216,0.708395903,-0.728305797,0.68932268,-0.662125926,-2.038071522,-0.662896336,0.121205795,-1.70361651,0.123442116,-1.377491444,1.445311218,-1.375583994,1.088602382,0,0,0,0,0,0,0,0,0,0,0,0,0,0,0,0,0,0,0,0,0,0,0,0,0,0,0,1,0,0,0,0,0,0,0,0,0,0,0,0,0,0,0,0,0,0,0,0,0,0,0
-1.736606027,408,0,0,-0.591781216,-1.003723782,-1.031878569,-0.977905238,0.161958123,-0.349390793,0.162019177,0.021064248,0.152167457,0.018986387,1.346248175,1.037280646,1.345666771,-0.432980172,0,0,0,0,0,0,0,0,0,0,0,0,0,0,0,0,0,0,0,0,0,0,0,0,0,0,0,0,0,0,0,0,0,0,0,0,0,0,0,0,0,0,0,0,0,0,0,0,0,0,1
-0.277500194,415,0,1,1.167222057,-2.139876937,-0.930687645,-2.085622769,-0.384073117,0.14728001,-0.383183604,-0.289578918,0.564563894,-0.289839249,0.952022704,-1.410902787,0.947434952,-0.432980172,0,0,0,0,0,0,0,0,0,1,0,0,0,0,0,0,0,0,0,0,0,0,0,0,0,0,0,0,0,0,0,0,0,0,0,0,0,0,0,0,0,0,0,0,0,0,0,0,0,0,0
-0.720443036,408,0,0,-0.591781216,-1.672397253,1.042535372,-1.630102193,1.058577687,-0.846061596,1.058048095,-0.530736112,-0.724174972,-0.530541582,1.417925534,-1.002872215,1.412038741,0.327811105,0,0,0,0,0,0,0,0,0,0,0,0,0,0,0,0,0,1,0,0,0,0,0,0,0,0,0,0,0,0,0,0,0,0,0,0,0,0,0,0,0,0,0,0,0,0,0,0,0,0,0
-2.127437947,510,0,0,-0.591781216,1.572345698,0.789558062,1.531414069,1.391032132,0.445282491,1.389910658,-0.526648702,1.544005432,-0.526000029,-0.266492389,-0.594841643,-0.2605349,-0.432980172,1,0,0,0,0,0,0,0,0,0,0,0,0,0,0,0,0,0,0,0,0,0,0,0,0,0,0,0,0,0,0,0,0,0,0,0,0,0,0,0,1,0,0,0,0,0,0,0,0,0,0
0.504163645,408,0,1,1.460389269,0.71234088,1.143726296,0.693843976,1.703337823,-1.193731157,1.702809645,-0.183306256,-1.136571409,-0.185383519,-1.198298048,-0.594841643,-1.203016872,-0.432980172,0,0,0,0,0,0,0,0,0,0,0,0,0,0,0,0,0,0,0,0,0,0,0,0,0,0,0,0,0,0,0,0,0,0,0,0,0,0,0,0,0,0,0,0,0,0,0,1,0,0,0
1.546382097,415,0,0,-0.591781216,-1.621112562,0.637771677,-1.579237612,1.358794125,-1.541400719,1.359094849,1.108315329,-1.961364283,1.108959217,1.059538742,-0.186811071,1.053630104,1.088602382,0,0,0,0,0,0,0,0,0,0,0,0,0,0,0,0,0,0,0,0,0,0,0,0,0,0,1,0,0,0,0,0,0,0,0,0,0,0,0,0,0,0,0,0,0,0,0,0,0,0,0
1.051328332,510,0,0,-0.591781216,-0.654593385,1.042535372,-0.63767771,-0.619813542,1.239955775,-0.620228292,0.771103998,0.616113449,0.772884261,-0.732395219,0.221219501,-0.738413083,-1.19377145,0,0,0,0,0,0,0,0,0,0,0,0,0,0,0,0,0,0,0,0,0,0,0,0,0,0,0,0,0,0,0,0,0,0,0,0,0,0,1,0,0,0,0,0,0,0,0,0,0,0,0
-0.746498498,415,0,0,-0.591781216,-0.784777601,0.840153524,-0.765404323,0.462174561,-0.200389552,0.46306593,0.811978098,-0.363328089,0.813758242,0.880345346,-0.186811071,0.881062982,0.327811105,0,0,0,0,0,0,0,0,0,0,0,0,0,0,0,0,0,0,0,0,0,0,0,0,0,0,0,0,0,0,0,0,0,0,0,0,0,0,0,0,0,0,0,0,0,0,1,0,0,0,0
0.425997261,408,0,1,0.947346648,-0.522436681,0.587176215,-0.509951097,1.262080105,0.494949571,1.261906527,-1.350261833,-0.775724527,-1.348021205,0.593635912,1.037280646,0.589026314,-0.432980172,0,0,0,0,0,0,0,0,0,0,0,0,0,0,0,0,0,0,0,0,0,0,0,1,0,0,0,0,0,0,0,0,0,0,0,0,0,0,0,0,0,0,0,0,0,0,0,0,0,0,0
-0.564110269,408,1,0,-0.591781216,-1.502763275,1.700276378,-1.463944563,2.390410342,0.544616652,2.390239239,0.793584753,1.234708105,0.795592028,-0.66071786,-0.186811071,-0.658766719,0.327811105,0,0,0,0,0,0,0,0,0,0,0,0,0,0,1,0,0,0,0,0,0,0,0,0,0,0,0,0,0,0,0,0,0,0,0,0,0,0,0,0,0,0,0,0,0,0,0,0,0,0,0
-0.355666578,408,0,0,-0.591781216,0.120594445,0.941344448,0.11737873,-0.168481447,-0.846061596,-0.167472939,-0.021853558,-0.208679425,-0.021887595,-1.305814086,-0.186811071,-1.309212024,-0.432980172,0,0,1,0,0,0,0,0,0,0,0,0,0,0,0,0,0,0,0,0,0,0,0,0,0,0,0,0,0,0,0,0,0,0,0,0,0,0,0,0,0,0,0,0,0,0,0,0,0,0,0
-1.345774108,408,0,0,-0.591781216,1.122618408,-0.475328487,1.092848352,0.407772925,2.282964461,0.408545652,-1.109104638,0.719212558,-1.107318872,-0.481524464,-1.002872215,-0.486199598,-0.432980172,0,0,0,0,0,0,0,0,0,0,0,0,0,0,0,0,0,0,0,0,0,0,0,0,0,0,1,0,0,0,0,0,0,0,0,0,0,0,0,0,0,0,0,0,0,0,0,0,0,0,0
-0.876775804,408,0,0,-0.591781216,1.59207058,0.334198905,1.550629577,0.151883746,0.19694709,0.152537389,0.139599141,0.770762113,0.14160833,-0.087298993,-1.002872215,-0.087967778,3.370976214,0,0,0,0,0,0,0,0,0,0,0,0,0,0,0,0,0,0,0,0,0,0,0,0,0,0,0,0,0,0,0,0,0,0,0,0,0,0,0,0,0,0,0,0,0,0,1,0,0,0,0
0.165442648,415,0,0,-0.591781216,-0.244315857,-0.019969329,-0.238673334,-0.740706067,-1.044729917,-0.741121083,-0.310015968,-0.002481207,-0.308005463,-1.269975407,0.221219501,-1.269388842,0.327811105,0,0,0,0,0,1,0,0,0,0,0,0,0,0,0,0,0,0,0,0,0,0,0,0,0,0,0,0,0,0,0,0,0,0,0,0,0,0,0,0,0,0,0,0,0,0,0,0,0,0,0
0.452052722,510,0,0,-0.591781216,-1.315376904,-1.031878569,-1.281962397,-1.018758876,-0.647393275,-1.018463367,0.066025759,0.770762113,0.064401921,0.199410441,-0.186811071,0.204068889,0.327811105,0,0,0,0,0,0,0,0,0,0,0,0,0,0,0,0,0,0,0,0,0,0,0,0,0,0,0,0,0,0,0,0,0,0,0,0,0,0,0,0,0,0,0,0,0,0,0,1,0,0,0
0.504163645,415,0,0,-0.591781216,0.004217646,1.649680916,0.115118082,0.693885235,2.431965702,0.692999277,1.130796084,-1.136571409,1.131666985,2.385569872,0.629250074,2.381069501,-1.19377145,0,0,0,0,0,0,0,0,0,0,0,0,0,0,0,0,0,0,0,0,0,0,0,0,0,0,0,0,0,0,0,0,0,0,0,0,0,0,0,0,0,0,1,0,0,0,0,0,0,0,0
-0.173278349,408,0,0,-0.591781216,-0.857759661,0.688367139,-0.836614736,-0.716527562,0.892286214,-0.717416614,-1.290994387,-1.497418292,-1.28898101,-0.23065371,0.221219501,-0.233986112,-1.19377145,0,0,1,0,0,0,0,0,0,0,0,0,0,0,0,0,0,0,0,0,0,0,0,0,0,0,0,0,0,0,0,0,0,0,0,0,0,0,0,0,0,0,0,0,0,0,0,0,0,0,0
0.373886338,510,0,1,1.533681072,0.846470072,-0.981283107,0.823831237,-0.208778955,0.445282491,-0.207770536,0.002670903,-0.672625417,0.000820173,0.450281195,-1.002872215,0.456282375,-0.432980172,0,0,0,0,0,0,0,1,0,0,0,0,0,0,0,0,0,0,0,0,0,0,0,0,0,0,0,0,0,0,0,0,0,0,0,0,0,0,0,0,0,0,0,0,0,0,0,0,0,0,0
-1.033108572,415,0,0,-0.591781216,0.347430578,-1.689619575,0.337791912,1.28625861,0.29628125,1.285610995,0.192735472,0.822311667,0.191565418,-0.445685785,0.629250074,-0.446376416,-0.432980172,0,0,0,0,0,0,0,0,0,0,0,0,0,0,0,0,0,0,0,0,0,0,0,1,0,0,0,0,0,0,0,0,0,0,0,0,0,0,0,0,0,0,0,0,0,0,0,0,0,0,0
0.243609032,510,0,0,-0.591781216,0.558486807,-1.588428651,0.543510882,-2.126940359,-0.299723713,-2.127832504,-0.461250141,1.492455878,-0.46241828,-0.804072577,2.669402934,-0.804785053,-0.432980172,0,0,0,0,0,0,0,0,0,0,0,0,0,0,0,0,1,0,0,0,0,0,0,0,0,0,0,0,0,0,0,0,0,0,0,0,0,0,0,0,0,0,0,0,0,0,0,0,0,0,0
0.087276264,415,0,0,-0.591781216,-1.206890058,-0.424733025,-1.17571194,-0.460638383,0.445282491,-0.461408351,1.116490149,-0.105580316,1.118042324,0.66531327,-0.186811071,0.668672678,-0.432980172,0,0,0,0,0,0,0,0,0,0,0,0,0,0,0,0,0,0,0,0,0,0,0,0,0,0,0,0,1,0,0,0,0,0,0,0,0,0,0,0,0,0,0,0,0,0,0,0,0,0,0
-2.205604331,510,0,0,-0.591781216,-0.522436681,-1.790810499,-0.509951097,0.585081962,-0.498392034,0.583958721,-1.080492768,-0.311778535,-1.080069551,0.163571761,1.445311218,0.164245707,-0.432980172,0,0,0,0,0,0,0,0,0,0,0,0,0,0,0,0,0,0,0,0,0,0,0,0,0,0,1,0,0,0,0,0,0,0,0,0,0,0,0,0,0,0,0,0,0,0,0,0,0,0,0
1.2076611,408,0,0,-0.591781216,-0.218673511,-0.424733025,-0.213806206,-0.261165716,0.345948331,-0.262290814,0.315357774,-0.26022898,0.314187362,1.489602892,1.445311218,1.491685105,0.327811105,0,0,0,0,0,0,0,1,0,0,0,0,0,0,0,0,0,0,0,0,0,0,0,0,0,0,0,0,0,0,0,0,0,0,0,0,0,0,0,0,0,0,0,0,0,0,0,0,0,0,0
0.035165342,510,1,0,-0.591781216,0.878029882,-0.981283107,0.854349986,0.85910502,-0.498392034,0.858930558,-1.088667588,-1.755166065,-1.089152658,0.629474591,1.445311218,0.628849496,1.088602382,0,0,0,0,0,0,0,0,0,0,0,0,0,0,0,0,0,0,0,0,0,0,0,0,0,1,0,0,0,0,0,0,0,0,0,0,0,0,0,0,0,0,0,0,0,0,0,0,0,0,0
-0.954942188,415,0,1,2.559766315,-1.208862546,-0.019969329,-1.177972588,-1.139651401,0.395615411,-1.139356158,-0.878165969,-0.466427199,-0.880241199,-0.624879181,0.629250074,-0.618943537,-0.432980172,0,0,0,0,0,0,0,0,0,0,0,0,1,0,0,0,0,0,0,0,0,0,0,0,0,0,0,0,0,0,0,0,0,0,0,0,0,0,0,0,0,0,0,0,0,0,0,0,0,0,0
0.061220803,510,0,0,-0.591781216,0.221191339,-1.942596885,0.214586595,0.522620824,-2.336074003,0.522327102,0.593301659,-0.208679425,0.591222123,-0.875749935,-0.594841643,-0.871157023,0.327811105,0,0,0,0,0,0,0,0,0,0,0,0,0,0,0,0,0,0,0,0,0,0,0,0,0,0,0,0,0,0,0,0,0,0,0,0,0,0,0,0,0,0,0,0,0,0,0,0,0,0,0
1.337938407,415,0,0,-0.591781216,2.724278758,-2.043787809,2.653825813,-0.962342364,-0.001721231,-0.961572642,-1.587331617,-1.909814729,-1.588723539,0.056055724,1.037280646,0.058050555,-0.432980172,1,0,0,0,0,0,0,0,0,0,0,0,0,0,0,0,0,0,0,0,0,0,0,1,0,0,0,0,0,0,0,0,0,0,0,0,0,0,0,0,0,0,0,0,0,0,0,0,0,0,0
0.60838549,415,0,0,-0.591781216,2.609874448,0.587176215,2.541923735,-0.416311124,0.445282491,-0.416369861,-0.66357694,-0.311778535,-0.662246633,0.916184025,-0.186811071,0.920886164,-0.432980172,1,0,0,0,0,0,0,0,0,0,0,0,0,0,0,0,0,0,0,0,0,0,0,0,0,0,0,0,0,0,0,0,0,0,0,0,0,0,0,0,0,0,0,0,0,0,0,0,0,1,0
-0.095111965,415,0,0,-0.591781216,-0.664455826,1.042535372,-0.647850626,0.047110224,2.03462906,0.048237727,-1.006919386,1.028509886,-1.007404696,1.095377421,-1.002872215,1.093453286,-0.432980172,0,0,0,0,0,0,0,0,0,0,0,0,0,0,0,0,0,0,0,0,0,0,0,0,0,0,0,0,0,0,0,0,0,0,0,0,0,1,0,0,0,0,0,0,0,0,0,0,0,0,0
0.790773719,415,0,0,-0.591781216,-0.948494114,-0.272946639,-0.924780009,-0.430415252,0.445282491,-0.430592542,1.024523422,1.492455878,1.022669702,1.883828363,-0.594841643,1.889916924,-0.432980172,1,0,0,0,0,0,0,0,0,0,0,0,0,0,0,0,0,0,0,0,0,0,0,0,0,1,0,0,0,0,0,0,0,0,0,0,0,0,0,0,0,0,0,0,0,0,0,0,0,0,0
-1.137330417,415,0,1,1.826848285,0.270503542,0.233007981,0.263190527,0.623364595,-1.044729917,0.624256317,0.513597163,-0.517976753,0.514015714,0.306926478,2.669402934,0.310264041,0.327811105,0,0,0,0,0,0,0,0,0,0,0,0,0,0,0,0,0,0,0,0,0,1,0,0,0,0,0,0,0,0,0,0,0,0,0,0,0,0,0,0,0,0,0,0,0,0,0,0,0,0,0
1.468215713,510,0,0,-0.591781216,0.106787028,-0.424733025,0.103814842,0.248597766,-0.746727435,0.249725711,-0.101558054,-0.775724527,-0.103635557,-0.624879181,0.221219501,-0.618943537,0.327811105,0,0,0,0,0,0,0,0,0,0,0,0,0,0,0,0,0,0,0,0,0,0,0,1,0,0,0,0,0,0,0,0,0,0,0,0,0,0,0,0,0,0,0,0,0,0,0,0,0,0,0
2.432267782,510,0,0,-0.591781216,0.004217646,0.283603443,0.260929879,-0.637947421,2.481632782,-0.63682142,0.493160112,1.131608995,0.491307947,0.557797233,-0.186811071,0.562477527,-1.19377145,0,0,0,0,0,0,0,0,0,0,1,0,0,0,0,0,0,0,0,0,0,0,0,0,0,0,0,0,0,0,0,0,0,0,0,0,0,0,0,0,0,0,0,0,0,0,0,0,0,0,0
-0.902831266,415,0,0,-0.591781216,-0.656565873,0.334198905,-0.639938358,-0.083856679,-0.051388311,-0.084507298,0.593301659,0.306816121,0.591222123,-0.875749935,-1.002872215,-0.871157023,-0.432980172,0,0,0,0,0,0,0,1,0,0,0,0,0,0,0,0,0,0,0,0,0,0,0,0,0,0,0,0,0,0,0,0,0,0,0,0,0,0,0,0,0,0,0,0,0,0,0,0,0,0,0
0.582330029,415,0,0,-0.591781216,-1.114183116,0.182412519,-1.086416343,-0.214823582,0.842619133,-0.214881876,-0.628833954,-0.26022898,-0.630455758,0.952022704,0.221219501,0.947434952,1.849393659,1,0,0,0,0,0,0,0,0,0,0,0,0,0,0,0,0,0,0,0,0,0,0,0,0,0,0,0,0,0,0,0,0,0,1,0,0,0,0,0,0,0,0,0,0,0,0,0,0,0,0
0.3999418,510,0,0,-0.591781216,0.499312163,-0.525923949,0.485864358,-1.204127415,0.693617893,-1.203358223,1.461876301,-0.208679425,1.463200387,-0.983265973,-0.186811071,-0.977352175,0.327811105,0,0,0,0,0,0,0,0,0,0,0,0,0,0,0,0,0,0,0,0,0,0,0,0,0,0,0,0,0,0,0,0,0,0,0,0,1,0,0,0,0,0,0,0,0,0,0,0,0,0,0
-0.016945581,415,0,0,-0.591781216,-1.00569627,-1.133069493,-0.980165886,0.808733134,1.637292418,0.809151174,0.748623242,1.080059441,0.750176494,0.916184025,0.629250074,0.920886164,-0.432980172,0,0,0,0,0,0,0,0,0,0,0,0,0,0,0,0,0,0,0,0,0,0,0,0,0,0,0,0,0,0,0,0,0,0,0,0,1,0,0,0,0,0,0,0,0,0,0,0,0,0,0
-0.954942188,510,0,0,-0.591781216,0.004217646,-1.133069493,0.714189808,0.208300258,0.743284973,0.209428114,-0.434681975,0.822311667,-0.43516896,0.414442516,0.221219501,0.416459193,1.088602382,0,0,0,0,0,0,0,0,0,0,1,0,0,0,0,0,0,0,0,0,0,0,0,0,0,0,0,0,0,0,0,0,0,0,0,0,0,0,0,0,0,0,0,0,0,0,0,0,0,0,0
-0.121167426,510,0,0,-0.591781216,-0.585556301,1.093130834,-0.570988593,0.359415914,0.792952053,0.358766267,0.231565867,-0.569526308,0.232439399,-0.158976351,-1.410902787,-0.154339748,1.088602382,0,0,0,0,0,0,0,0,0,0,0,0,0,0,0,0,0,0,0,0,0,0,0,0,0,0,0,0,0,0,0,1,0,0,0,0,0,0,0,0,0,0,0,0,0,0,0,0,0,0,0
0.113331725,510,0,0,-0.591781216,0.637386331,0.637771677,0.620372915,0.522620824,1.388957016,0.522327102,-0.15265068,0.719212558,-0.153592645,-0.481524464,1.037280646,-0.486199598,1.088602382,0,0,0,0,0,0,0,0,0,0,0,0,0,0,0,0,0,0,0,0,0,1,0,0,0,0,0,0,0,0,0,0,0,0,0,0,0,0,0,0,0,0,0,0,0,0,0,0,0,0,0
-1.241552263,510,0,1,2.120015497,-0.244315857,-0.070564791,-0.238673334,-0.120124437,-0.051388311,-0.120064001,0.728186192,0.616113449,0.727468727,0.629474591,1.85334179,0.628849496,0.327811105,0,0,0,0,0,0,0,0,0,0,0,0,0,0,0,0,0,0,0,0,0,0,1,0,0,0,0,0,0,0,0,0,0,0,0,0,0,0,0,0,0,0,0,0,0,0,0,0,0,0,0
0.738662797,510,0,1,1.606972875,-0.047067045,-0.272946639,-0.046518252,0.224419261,0.097612929,0.223650796,0.799715868,0.40991523,0.800133582,-0.338169747,1.037280646,-0.340181264,1.088602382,0,0,0,0,0,0,0,0,0,0,0,0,0,0,0,0,0,0,0,0,0,0,0,0,0,0,0,0,0,1,0,0,0,0,0,0,0,0,0,0,0,0,0,0,0,0,0,0,0,0,0
-0.19933381,408,0,0,-0.591781216,-0.593446253,0.99193991,-0.578900861,0.000768089,-0.746727435,0.000828789,-0.406070105,0.358365676,-0.407919639,1.453764213,1.85334179,1.451861923,-1.19377145,0,0,0,0,0,0,0,0,0,0,0,0,0,0,0,0,0,0,0,0,0,0,0,0,0,0,0,0,0,0,0,0,0,0,0,0,0,0,0,0,0,0,0,0,0,0,1,0,0,0,0
-1.971105179,408,0,0,-0.591781216,1.680832545,-1.031878569,1.636534202,1.622742806,-1.69040196,1.622214452,-0.714669566,-1.0334723,-0.716745274,-0.66071786,-0.186811071,-0.658766719,-0.432980172,1,1,0,0,0,0,0,0,0,0,0,0,0,0,0,0,0,0,0,0,0,0,0,0,0,0,0,0,0,0,0,0,0,0,0,0,0,0,0,0,0,0,0,0,0,0,0,0,0,0,0
-0.720443036,408,0,0,-0.591781216,-1.137852973,-0.424733025,-1.109022823,-1.256514176,0.693617893,-1.255508054,0.472723062,1.440906323,0.473141733,-1.59252352,0.221219501,-1.587974298,-0.432980172,0,0,0,0,0,0,0,1,0,0,0,0,0,0,0,0,0,0,0,0,0,0,0,0,0,0,0,0,0,0,0,0,0,0,0,0,0,0,0,0,0,0,0,0,0,0,0,0,0,0,0
-0.095111965,510,0,0,-0.591781216,0.004217646,-0.525923949,0.87243517,1.588489923,1.339289936,1.589028195,0.668918746,0.152167457,0.668428532,-0.517363143,-0.186811071,-0.512748386,-1.19377145,1,0,0,0,0,0,0,0,1,0,0,0,0,0,0,0,0,0,0,0,0,0,0,0,0,0,0,0,0,0,0,0,0,0,0,0,0,0,0,0,0,0,0,0,0,0,0,0,0,0,0
1.233716562,408,0,0,-0.591781216,0.566376759,0.99193991,0.55142315,-0.529144148,-0.051388311,-0.530151311,2.240527921,0.255266566,2.239806029,0.342765158,-0.186811071,0.336812829,-0.432980172,0,0,0,0,0,0,0,0,0,0,0,0,0,0,0,0,0,0,0,0,0,0,0,0,0,0,0,0,0,0,0,0,0,0,1,0,0,0,0,0,0,0,0,0,0,0,0,0,0,0,0
-0.407777501,408,0,1,1.606972875,-0.129911546,0.334198905,-0.126771257,0.937685161,0.047945849,0.937155305,-0.865903739,0.203717012,-0.866616538,0.450281195,0.221219501,0.456282375,-0.432980172,0,1,0,0,0,0,0,0,0,0,0,0,0,0,0,0,0,0,0,0,0,0,0,0,0,0,0,0,0,0,0,0,0,0,0,0,0,0,0,0,0,0,0,0,0,0,0,0,0,0,0
-0.381722039,510,1,0,-0.591781216,-0.340967774,1.548489992,-0.332490227,-0.678244929,0.097612929,-0.677119017,-1.47492784,0.925410777,-1.475184702,0.414442516,-1.002872215,0.416459193,0.327811105,1,0,0,0,0,0,0,0,0,0,0,0,0,0,0,0,0,0,0,0,0,0,0,0,0,0,0,0,0,0,0,0,0,0,0,0,1,0,0,0,0,0,0,0,0,0,0,0,0,0,0
-0.59016573,415,0,1,0.361012224,2.002348108,-0.374137563,1.949633953,-0.452578882,0.047945849,-0.451926564,0.88146407,1.492455878,0.881881544,-1.377491444,0.221219501,-1.375583994,0.327811105,0,0,0,0,0,0,0,0,0,0,0,0,0,0,0,0,0,0,0,0,0,0,0,0,0,1,0,0,0,0,0,0,0,0,0,0,0,0,0,0,0,0,0,0,0,0,0,0,0,0,0
0.139387187,415,0,0,-0.591781216,0.564404271,-0.576519411,0.549162502,-0.629887919,-1.64073488,-0.629710079,-2.024684496,-0.517976753,-2.024712671,2.02718308,-0.186811071,2.022660864,1.088602382,0,0,0,0,0,0,0,0,0,0,0,0,0,0,0,0,0,0,0,0,1,0,0,0,0,0,0,0,0,0,0,0,0,0,0,0,0,0,0,0,0,0,0,0,0,0,0,0,0,0,0
1.155550178,415,0,0,-0.591781216,0.878029882,-0.576519411,0.854349986,2.301755824,1.041287454,2.302532705,-0.371327119,1.080059441,-0.371587211,2.098860439,-0.594841643,2.102307228,-0.432980172,1,0,1,0,0,0,0,0,0,0,0,0,0,0,0,0,0,0,0,0,0,0,0,0,0,0,0,0,0,0,0,0,0,0,0,0,0,0,0,0,0,0,0,0,0,0,0,0,0,0,0
-0.251444733,415,0,0,-0.591781216,0.189631529,-0.019969329,0.184067847,0.778510003,0.345948331,0.778335364,-2.276060216,-0.569526308,-2.274498111,-0.123137672,-0.594841643,-0.12779096,1.088602382,0,0,0,0,0,0,0,0,0,0,0,0,0,0,1,0,0,0,0,0,0,0,0,0,0,0,0,0,0,0,0,0,0,0,0,0,0,0,0,0,0,0,0,0,0,0,0,0,0,0,0
-0.824664882,415,0,1,2.120015497,-0.486931895,-0.121160253,-0.474911052,-1.173904284,0.24661417,-1.174912861,-1.172459495,0.873861222,-1.17090062,-1.55668484,-0.186811071,-1.56142551,-0.432980172,0,0,0,0,0,0,0,0,0,0,0,0,0,0,0,0,0,0,1,0,0,0,0,0,0,0,0,0,0,0,0,0,0,0,0,0,0,0,0,0,0,0,0,0,0,0,0,0,0,0,0
0.894995565,510,0,0,-0.591781216,-0.498766824,1.49789453,-0.486214292,0.063229227,-0.498392034,0.062460408,-0.865903739,-2.116012947,-0.866616538,0.557797233,-0.594841643,0.562477527,-1.19377145,0,0,0,0,0,0,0,0,0,0,0,0,0,1,0,0,0,0,0,0,0,0,0,0,0,0,0,0,0,0,0,0,0,0,0,0,0,0,0,0,0,0,0,0,0,0,0,0,0,0,0
-0.720443036,510,0,0,-0.591781216,1.085141134,0.081221595,1.056677984,-0.099975682,0.494949571,-0.101100426,1.069484933,-1.497418292,1.068085236,-0.66071786,1.445311218,-0.658766719,0.327811105,0,0,0,0,0,0,0,0,0,0,0,0,0,0,0,0,0,1,0,0,0,0,0,0,0,0,0,0,0,0,0,0,0,0,0,0,0,0,0,0,0,0,0,0,0,0,0,0,0,0,0
-1.371829569,415,0,0,-0.591781216,1.189683004,-0.627114873,1.158407145,-1.20211254,0.842619133,-1.200987776,-1.47492784,1.904852315,-1.475184702,-1.12662069,1.85334179,-1.123370509,-0.432980172,0,0,0,0,0,0,0,0,0,0,0,0,0,0,0,0,0,0,0,0,0,0,1,0,0,0,0,0,0,0,0,0,0,0,0,0,0,0,0,0,0,0,0,0,0,0,0,0,0,0,0
0.634440952,415,1,0,-0.591781216,2.341616064,-1.133069493,2.280818889,1.407151135,2.08429614,1.406503786,-1.916368129,-0.827274081,-1.915715388,0.70115195,-1.002872215,0.695221466,-1.19377145,1,0,0,0,0,0,0,0,0,0,0,0,0,0,0,0,0,0,0,0,0,0,0,0,0,0,0,0,0,0,1,0,0,0,0,0,0,0,0,0,0,0,0,0,0,0,0,0,0,0,0
-0.016945581,415,0,0,-0.591781216,0.004217646,0.081221595,-0.263540462,0.714033989,-0.150722472,0.714333299,-1.364567768,-0.363328089,-1.366187419,0.23524912,-0.186811071,0.230617677,-0.432980172,0,0,0,0,0,0,0,0,0,0,0,0,0,0,0,0,0,0,0,0,0,0,0,0,0,0,0,0,0,0,0,0,0,0,0,0,0,0,0,0,0,0,0,0,0,0,0,0,0,1,0
-0.954942188,415,0,0,-0.591781216,-0.102296712,-0.121160253,-0.09964348,-0.412281373,0.14728001,-0.411628967,-0.451031616,-0.569526308,-0.44879362,0.163571761,-1.002872215,0.164245707,0.327811105,0,0,0,0,0,0,0,0,0,0,0,0,0,0,0,0,0,0,0,0,0,0,0,0,0,0,0,0,0,0,0,0,0,0,0,0,0,0,0,0,0,1,0,0,0,0,0,0,0,0,0
0.3999418,510,1,1,1.387097466,-0.082571831,1.852062764,-0.080427972,0.200240756,-1.988404442,0.199946327,1.91557882,1.080059441,1.917355733,-1.198298048,0.221219501,-1.203016872,-0.432980172,0,0,0,0,0,0,0,0,0,0,0,0,0,0,0,0,0,0,0,0,1,0,0,0,0,0,0,0,0,0,0,0,0,0,0,0,0,0,0,0,0,0,0,0,0,0,0,0,0,0,0
1.2076611,408,1,1,1.973431891,-0.437619692,0.435389829,-0.42630712,-0.222883083,-1.64073488,-0.221993217,0.529946803,-1.239670518,0.532181928,0.306926478,-1.002872215,0.310264041,1.088602382,1,0,0,0,0,0,0,0,0,0,0,0,0,0,0,0,0,0,0,0,0,0,0,0,0,0,0,0,1,0,0,0,0,0,0,0,0,0,0,0,0,0,0,0,0,0,0,0,0,0,0
-0.433832962,415,0,1,1.973431891,0.548624366,1.902658226,0.53446829,0.006812715,0.792952053,0.00794013,-0.747368846,0.358365676,-0.748536148,-0.983265973,4.709555794,-0.977352175,1.849393659,0,0,0,0,0,0,0,0,0,0,0,0,0,0,0,0,0,0,0,0,0,0,0,0,1,0,0,0,0,0,0,0,0,0,0,0,0,0,0,0,0,0,0,0,0,0,0,0,0,0,0
-0.381722039,510,0,1,0.580887633,-0.688125683,0.233007981,-0.670457106,0.111586237,0.544616652,0.112239792,1.110359034,0.873861222,1.108959217,0.486119874,-1.002872215,0.482831163,1.849393659,0,0,0,0,0,0,0,0,0,0,0,0,0,0,1,0,0,0,0,0,0,0,0,0,0,0,0,0,0,0,0,0,0,0,0,0,0,0,0,0,0,0,0,0,0,0,0,0,0,0,0
0.868940103,415,0,0,-0.591781216,0.004217646,-0.778901259,1.520110829,-1.433823213,0.693617893,-1.43329157,-0.15265068,0.306816121,-0.153592645,0.23524912,1.037280646,0.230617677,0.327811105,0,0,0,0,0,0,0,0,0,0,0,0,0,0,0,0,0,0,0,0,0,0,0,0,0,0,0,0,0,0,0,0,0,0,0,0,0,0,0,0,0,0,0,0,1,0,0,0,0,0,0
0.113331725,415,0,0,-0.591781216,0.931287061,0.283603443,0.90634489,-0.371983865,-1.144064077,-0.37133137,0.057850939,0.358365676,0.059860368,0.486119874,-1.002872215,0.482831163,-1.19377145,1,0,0,0,0,0,0,0,0,0,0,0,0,0,0,0,0,0,0,0,0,0,1,0,0,0,0,0,0,0,0,0,0,0,0,0,0,0,0,0,0,0,0,0,0,0,0,0,0,0,0
-0.329611117,408,0,0,-0.591781216,-0.528354145,0.941344448,-0.515602717,-0.593620161,0.345948331,-0.594153376,1.143058315,0.306816121,1.145291645,0.629474591,0.221219501,0.628849496,0.327811105,0,0,1,0,0,0,0,0,0,0,0,0,0,0,0,0,0,0,0,0,0,0,0,0,0,0,0,0,0,0,0,0,0,0,0,0,0,0,0,0,0,0,0,0,0,0,0,0,0,0,0
-0.381722039,408,0,0,-0.591781216,-0.569776396,-0.778901259,-0.555164057,1.918929493,-0.597726194,1.918520311,0.942775221,0.203717012,0.940921739,0.808667987,-1.410902787,0.814691012,-0.432980172,0,0,0,0,0,0,0,0,0,0,0,0,0,0,0,0,0,0,0,0,0,0,0,0,0,0,0,0,0,0,0,0,0,0,0,0,0,0,0,0,0,0,0,0,0,0,0,0,0,0,0
1.233716562,408,0,0,-0.591781216,-0.514546729,2.408612846,-0.502038829,1.237901599,-0.647393275,1.238202058,0.499291227,-0.054030762,0.500391053,-0.158976351,-0.594841643,-0.154339748,0.327811105,0,0,0,0,0,0,0,0,0,0,0,0,0,0,0,0,0,0,0,0,0,0,0,0,0,0,0,0,0,0,0,0,1,0,0,0,0,0,0,0,0,0,0,0,0,0,0,0,0,0,0
1.624548481,408,0,1,1.020638451,0.698533463,-0.475328487,0.680280088,-1.244424924,0.097612929,-1.24365582,-1.121366869,0.461464785,-1.120943532,0.772829308,-1.002872215,0.77486783,0.327811105,0,0,0,0,0,0,0,0,0,0,0,0,0,0,0,0,0,0,0,0,0,0,0,1,0,0,0,0,0,0,0,0,0,0,0,0,0,0,0,0,0,0,0,0,0,0,0,0,0,0,0
-0.303555655,415,0,1,1.973431891,-0.1042692,0.384794367,-0.101904128,-0.079826928,-0.001721231,-0.079766404,-1.505583416,-1.342769628,-1.506975576,0.557797233,-0.594841643,0.562477527,-0.432980172,0,0,0,0,0,0,0,0,0,0,0,0,1,0,0,0,0,0,0,0,0,0,0,0,0,0,0,0,0,0,0,0,0,0,0,0,0,0,0,0,0,0,0,0,0,0,0,0,0,0,0
-0.980997649,415,0,0,-0.591781216,0.016052575,1.295512682,0.015649569,0.591126588,-0.101055392,0.591070061,0.64235058,-1.394319182,0.641179211,0.127733082,-0.594841643,0.124422525,-1.19377145,0,0,0,0,0,0,0,0,0,0,0,0,0,0,0,0,0,0,0,0,0,0,0,0,0,0,0,0,0,0,0,0,0,0,0,0,0,0,0,1,0,0,0,0,0,0,0,0,0,0,0
0.035165342,415,0,0,-0.591781216,-1.116155604,0.283603443,-1.087546667,-0.376013616,0.097612929,-0.376072264,0.88963889,-1.291220073,0.890964651,0.844506666,1.037280646,0.8412398,0.327811105,0,1,0,0,0,0,0,0,0,0,0,0,0,0,0,0,0,0,0,0,0,0,0,0,0,0,0,0,0,0,0,0,0,0,0,0,0,0,0,0,0,0,0,0,0,0,0,0,0,0,0
0.087276264,408,0,0,-0.591781216,0.404632734,-0.424733025,0.393177789,-1.651429759,-0.647393275,-1.651372683,0.726142487,-1.806715619,0.727468727,-1.520846161,0.629250074,-1.521602328,0.327811105,0,0,0,0,0,0,0,0,0,0,0,0,0,0,0,0,0,0,0,0,0,0,0,0,0,0,0,0,0,0,0,0,0,0,0,0,0,0,0,0,0,1,0,0,0,0,0,0,0,0,0
-0.980997649,415,0,1,1.826848285,0.089034635,0.536580753,0.085729658,2.255413689,-0.548059114,2.255123767,1.286117667,-2.322211166,1.286079802,0.70115195,-0.186811071,0.695221466,-0.432980172,0,0,0,0,0,0,0,0,0,0,0,0,0,0,0,0,0,0,0,0,0,0,0,0,0,0,1,0,0,0,0,0,0,0,0,0,0,0,0,0,0,0,0,0,0,0,0,0,0,0,0
0.113331725,415,0,1,1.167222057,1.87413638,-0.070564791,1.825298312,-0.144302942,0.892286214,-0.14376847,2.013676661,0.461464785,2.012728356,0.199410441,-0.594841643,0.204068889,1.088602382,0,0,0,0,0,0,0,0,0,0,0,0,0,0,0,0,0,1,0,0,0,0,0,0,0,0,0,0,0,0,0,0,0,0,0,0,0,0,0,0,0,0,0,0,0,0,0,0,0,0,0
-0.850720343,415,1,1,2.266599103,-0.74335535,2.00384915,-0.724712659,0.824852137,-0.548059114,0.825744302,2.062725582,-1.445868737,2.062685444,0.378603837,0.221219501,0.376636011,-0.432980172,0,0,0,0,0,0,0,1,0,0,0,0,0,0,0,0,0,0,0,0,0,0,0,0,0,0,0,0,0,0,0,0,0,0,0,0,0,0,0,0,0,0,0,0,0,0,0,0,0,0,0
-0.980997649,408,1,1,0.947346648,-0.555968979,-0.070564791,-0.541600169,-1.065101011,-0.548059114,-1.065872304,0.190691767,0.719212558,0.191565418,-0.087298993,-0.186811071,-0.087967778,-0.432980172,0,0,0,0,0,1,0,0,0,0,0,0,0,0,0,0,0,0,0,0,0,0,0,0,0,0,0,0,0,0,0,0,0,0,0,0,0,0,0,0,0,0,0,0,0,0,0,0,0,0,0
-0.251444733,408,1,0,-0.591781216,1.315922243,0.485985291,1.281612462,-0.376013616,-0.101055392,-0.376072264,-0.888384494,0.306816121,-0.889324306,0.66531327,-1.002872215,0.668672678,0.327811105,1,0,0,0,0,0,0,0,0,0,0,0,0,0,0,0,1,0,0,0,0,0,0,0,0,0,0,0,0,0,0,0,0,0,0,0,0,0,0,0,0,0,0,0,0,0,0,0,0,0,0
0.00910988,415,0,0,-0.591781216,1.045691371,0.688367139,1.018246967,-0.287359097,1.140621615,-0.288365729,-0.976263811,1.131608995,-0.975613821,0.450281195,0.629250074,0.456282375,2.610184936,0,0,0,0,0,0,0,0,0,0,0,0,0,0,0,0,0,0,0,0,0,0,0,0,0,0,0,1,0,0,0,0,0,0,0,0,0,0,0,0,0,0,0,0,0,0,0,0,0,0,0
0.3999418,408,0,0,-0.591781216,2.1364773,0.99193991,2.080751539,1.110964448,-0.498392034,1.110197927,0.660743926,-0.054030762,0.659345425,1.1312161,-0.186811071,1.133276468,-1.19377145,1,0,0,0,0,0,0,0,0,0,0,0,0,0,0,0,0,0,0,0,0,0,0,0,0,0,0,0,0,0,0,0,0,0,0,0,0,0,0,0,1,0,0,0,0,0,0,0,0,0,0
0.790773719,415,0,1,1.093930254,-0.175278773,2.25682646,-0.170853893,0.726123242,-0.349390793,0.726185533,1.909447704,-0.002481207,1.908272626,0.880345346,-1.410902787,0.881062982,-0.432980172,0,0,0,0,0,1,0,0,0,0,0,0,0,0,0,0,0,0,0,0,0,0,0,0,0,0,0,0,0,0,0,0,0,0,0,0,0,0,0,0,0,0,0,0,0,0,0,0,0,0,0
-0.433832962,415,0,0,-0.591781216,0.718258344,0.688367139,0.699495596,-0.063707925,0.345948331,-0.063173276,0.341925939,0.203717012,0.341436682,-0.158976351,-0.594841643,-0.154339748,-0.432980172,0,0,0,0,0,0,0,0,0,0,0,0,0,0,0,0,0,0,0,0,0,0,0,1,0,0,0,0,0,0,0,0,0,0,0,0,0,0,0,0,0,0,0,0,0,0,0,0,0,0,0
0.087276264,415,0,0,-0.591781216,-0.808447458,-0.019969329,-0.788010804,0.296954776,-2.087738602,0.297134649,-0.751456256,-0.105580316,-0.753077702,-1.915071632,-0.186811071,-1.919834147,0.327811105,0,0,0,0,0,0,0,0,0,0,0,0,0,0,0,0,0,0,0,0,0,0,0,0,0,0,0,0,0,0,0,0,0,0,0,0,0,0,0,0,0,0,0,0,0,0,0,0,0,0,1
-0.016945581,510,0,0,-0.591781216,0.611743986,0.587176215,0.595505787,0.76642075,-1.342732398,0.76648313,1.073572343,-0.517976753,1.07262679,-0.374008427,0.221219501,-0.380004446,1.088602382,0,0,0,0,0,0,0,0,0,1,0,0,0,0,0,0,0,0,0,0,0,0,0,0,0,0,0,0,0,0,0,0,0,0,0,0,0,0,0,0,0,0,0,0,0,0,0,0,0,0,0
0.269664493,415,0,0,-0.591781216,0.04169492,0.840153524,0.040516697,-0.857568842,-0.448724953,-0.857272979,1.331079178,1.18315855,1.331495337,-0.194815031,1.85334179,-0.19416293,-1.19377145,0,0,0,0,0,0,0,0,0,0,0,0,0,0,0,0,0,0,0,0,0,0,0,0,0,0,0,0,0,0,0,0,0,0,1,0,0,0,0,0,0,0,0,0,0,0,0,0,0,0,0
1.416104791,408,0,1,1.606972875,-2.329235796,0.131817057,-2.269865583,1.09686032,0.494949571,1.095975245,0.507466048,-0.208679425,0.50947416,0.772829308,0.221219501,0.77486783,-0.432980172,0,0,0,0,0,0,0,0,0,0,0,0,0,0,0,0,0,0,0,0,0,0,0,0,0,0,0,0,0,0,0,0,0,0,0,0,1,0,0,0,0,0,0,0,0,0,0,0,0,0,0
-0.902831266,510,0,0,-0.591781216,0.552569342,-0.778901259,0.537859262,-0.079826928,0.594283732,-0.079766404,1.239112452,-0.878823636,1.240664268,-1.234136727,-0.594841643,-1.22956566,-0.432980172,0,0,0,0,0,0,0,0,0,0,0,0,0,0,0,0,0,0,0,0,0,1,0,0,0,0,0,0,0,0,0,0,0,0,0,0,0,0,0,0,0,0,0,0,0,0,0,0,0,0,0
-0.954942188,510,0,0,-0.591781216,0.779405476,-1.386046803,0.758272445,-0.678244929,-1.74006904,-0.677119017,-0.810723703,0.976960331,-0.812117897,-0.087298993,0.221219501,-0.087967778,-0.432980172,0,0,0,0,0,0,0,0,0,0,0,0,0,0,0,0,0,0,0,0,0,0,0,0,0,0,0,0,0,1,0,0,0,0,0,0,0,0,0,0,0,0,0,0,0,0,0,0,0,0,0
-0.824664882,415,0,0,-0.591781216,0.933259549,1.093130834,0.908605538,1.169395835,0.544616652,1.169459099,-0.641096184,-0.672625417,-0.639538865,-0.481524464,-1.410902787,-0.486199598,0.327811105,0,0,0,0,0,0,0,0,0,0,0,0,0,0,0,0,0,0,0,0,0,0,0,0,0,0,0,0,0,0,0,0,0,0,0,1,0,0,0,0,0,0,0,0,0,0,0,0,0,0,0
0.00910988,415,0,0,-0.591781216,1.530923448,-0.829496721,1.490722404,-0.319597104,0.743284973,-0.319181539,-1.883668848,0.461464785,-1.883924514,1.167054779,1.037280646,1.173099649,-1.19377145,0,0,0,0,0,0,0,1,0,0,0,0,0,0,0,0,0,0,0,0,0,0,0,0,0,0,0,0,0,0,0,0,0,0,0,0,0,0,0,0,0,0,0,0,0,0,0,0,0,0,0
-2.231659792,415,0,0,-0.591781216,-1.155605366,1.49789453,-1.125977683,0.309044029,-0.697060355,0.308986883,0.695486911,-3.456301368,0.695677852,2.098860439,0.221219501,2.102307228,0.327811105,0,0,0,0,0,0,0,0,0,0,0,0,0,0,0,0,0,0,0,0,0,0,0,0,0,0,0,0,0,0,0,0,0,0,0,0,1,0,0,0,0,0,0,0,0,0,0,0,0,0,0
-0.329611117,415,0,0,-0.591781216,2.402763195,1.801467302,2.340726061,1.149247081,-1.392399478,1.148125077,-1.393179639,0.925410777,-1.39343674,1.1312161,-1.002872215,1.133276468,1.849393659,1,0,0,0,0,0,0,0,0,0,0,0,0,0,0,0,0,0,0,0,0,0,0,0,0,0,0,0,0,0,0,1,0,0,0,0,0,0,0,0,0,0,0,0,0,0,0,0,0,0,0
2.510434166,415,0,0,-0.591781216,1.069361229,-0.222351177,1.040853448,0.367475416,0.544616652,0.368248055,-0.371327119,0.461464785,-0.371587211,-0.266492389,-0.594841643,-0.2605349,-1.19377145,0,0,0,0,0,0,0,0,0,0,0,0,1,0,0,0,0,0,0,0,0,0,0,0,0,0,0,0,0,0,0,0,0,0,0,0,0,0,0,0,0,0,0,0,0,0,0,0,0,0,0
-1.319718646,415,1,0,-0.591781216,-1.579690312,0.384794367,-1.539676272,2.176833547,0.097612929,2.17689902,-0.814811113,-1.961364283,-0.81665945,1.238732138,0.629250074,1.239471619,0.327811105,1,0,0,0,0,0,0,0,0,0,0,0,0,0,0,0,0,0,0,0,0,0,0,0,0,0,0,0,0,0,0,0,0,0,0,0,0,0,0,0,0,0,0,0,0,1,0,0,0,0,0
2.275935014,415,1,1,1.313805663,0.3770179,0.7389626,0.367180336,-0.686304431,-1.64073488,-0.686600804,-0.052509133,0.925410777,-0.053678469,1.489602892,-0.594841643,1.491685105,-0.432980172,1,0,0,0,0,0,0,0,0,0,0,0,0,0,0,0,0,0,0,0,0,0,0,0,0,0,0,0,0,0,0,0,1,0,0,0,0,0,0,0,0,0,0,0,0,0,0,0,0,0,0
-0.407777501,408,1,0,-0.591781216,-1.252257284,-0.728305797,-1.2209249,0.585081962,1.339289936,0.583958721,0.063982054,0.461464785,0.064401921,-0.051460314,-0.594841643,-0.048144596,1.088602382,0,0,0,0,0,0,0,0,0,1,0,0,0,0,0,0,0,0,0,0,0,0,0,0,0,0,0,0,0,0,0,0,0,0,0,0,0,0,0,0,0,0,0,0,0,0,0,0,0,0,0
0.061220803,510,0,0,-0.591781216,1.503308614,1.396703606,1.463594628,-1.204127415,-0.399057873,-1.203358223,2.20374123,1.544005432,2.203473601,0.66531327,-1.002872215,0.668672678,-0.432980172,1,0,0,0,0,0,0,0,0,0,0,0,0,0,0,0,0,0,0,0,0,0,0,0,0,0,0,0,0,0,0,0,0,0,0,0,0,0,0,1,0,0,0,0,0,0,0,0,0,0,0
0.921051026,408,0,1,1.387097466,0.004217646,-0.829496721,0.153549098,0.4097878,2.332631541,0.410916099,-1.131585394,0.51301434,-1.130026639,-0.087298993,-0.186811071,-0.087967778,1.088602382,0,0,0,0,0,0,0,0,0,0,0,0,0,0,0,0,0,0,0,0,0,0,0,0,0,0,0,0,0,0,0,1,0,0,0,0,0,0,0,0,0,0,0,0,0,0,0,0,0,0,0
1.416104791,408,0,1,0.947346648,0.319815745,-0.475328487,0.310664136,0.266731645,-0.796394515,0.266318839,-2.306715791,0.564563894,-2.306288986,-0.589040502,-0.186811071,-0.592394749,-1.19377145,0,0,0,0,0,0,0,0,0,0,0,0,0,0,0,0,0,0,0,0,0,0,0,0,0,0,0,0,0,1,0,0,0,0,0,0,0,0,0,0,0,0,0,0,0,0,0,0,0,0,0
1.155550178,415,0,0,-0.591781216,-0.991888853,-0.171755715,-0.966601998,-0.307507851,0.047945849,-0.307329304,0.074200579,0.306816121,0.073485028,-3.276941442,-1.002872215,-3.273822333,0.327811105,0,0,0,0,0,0,0,0,0,0,0,0,0,0,0,0,0,0,0,0,0,0,0,0,0,0,0,0,0,0,0,0,0,0,0,0,0,0,0,0,0,0,0,0,0,0,0,0,0,1,0
0.3999418,510,0,1,0.287720421,0.814910262,0.384794367,0.793312489,-1.000624997,0.892286214,-0.999499792,-0.451031616,-1.0334723,-0.44879362,-0.445685785,0.629250074,-0.446376416,0.327811105,0,0,0,0,0,0,0,0,0,0,0,0,0,0,0,0,0,0,0,0,0,0,0,0,0,0,0,0,0,0,0,0,0,0,0,0,0,0,0,0,0,0,0,0,0,0,0,0,0,0,1
1.337938407,408,0,0,-0.591781216,-0.772942672,-0.424733025,-0.752970759,-0.279299595,-0.200389552,-0.278883942,0.529946803,-0.569526308,0.532181928,-0.266492389,0.221219501,-0.2605349,0.327811105,0,0,0,0,0,0,0,0,0,0,0,0,0,0,0,0,0,0,0,0,0,0,0,0,0,0,0,0,0,0,0,0,0,0,0,0,0,0,0,0,1,0,0,0,0,0,0,0,0,0,0
-0.928886727,415,1,0,-0.591781216,1.937256,1.143726296,1.886335808,-0.903910977,0.594283732,-0.904681917,1.14101461,-1.497418292,1.140750092,-0.374008427,2.261372362,-0.380004446,-1.19377145,1,0,0,0,0,0,0,0,0,0,0,0,0,0,0,0,0,0,0,0,0,0,0,0,0,1,0,0,0,0,0,0,0,0,0,0,0,0,0,0,0,0,0,0,0,0,0,0,0,0,0
2.067491323,415,0,0,-0.591781216,0.891837298,0.233007981,0.867913874,0.994101673,0.047945849,0.99404603,0.307182954,-1.394319182,0.305104255,-1.269975407,0.221219501,-1.269388842,1.088602382,1,0,0,0,0,0,0,0,0,0,0,0,0,0,0,0,0,0,0,0,0,0,0,0,0,0,0,0,1,0,0,0,0,0,0,0,0,0,0,0,0,0,0,0,0,0,0,0,0,0,0
-0.876775804,415,0,0,-0.591781216,-1.39230394,0.840153524,-1.356563782,0.337252285,1.190288695,0.337432246,-0.258923342,2.111050534,-0.258048375,0.916184025,0.629250074,0.920886164,-1.19377145,0,0,0,0,0,0,0,0,0,0,0,0,0,0,1,0,0,0,0,0,0,0,0,0,0,0,0,0,0,0,0,0,0,0,0,0,0,0,0,0,0,0,0,0,0,0,0,0,0,0,0
-1.059164033,415,0,0,-0.591781216,0.55454183,0.435389829,0.54011991,-1.554715739,0.594283732,-1.554184361,1.850180258,0.770762113,1.849232432,-1.628362199,1.85334179,-1.62779748,-1.19377145,0,0,0,0,0,0,0,0,0,0,0,0,0,0,0,0,0,0,0,0,0,0,0,0,0,0,0,0,0,0,0,0,0,0,0,0,0,1,0,0,0,0,0,0,0,0,0,0,0,0,0
-1.476051414,415,0,0,-0.591781216,2.542809852,1.953253688,2.476364943,-1.004654748,-0.299723713,-1.004240686,-0.048421723,-1.755166065,-0.049136915,-1.054943331,-0.594841643,-1.056998539,1.849393659,1,0,0,0,0,0,0,0,0,0,0,0,1,0,0,0,0,0,0,0,0,0,0,0,0,0,0,0,0,0,0,0,0,0,0,0,0,0,0,0,0,0,0,0,0,0,0,0,0,0,0
-1.971105179,510,0,0,-0.591781216,1.240967695,-1.588428651,1.208141401,0.168002749,0.842619133,0.169130517,0.380756335,-0.930373191,0.382310663,1.489602892,0.629250074,1.491685105,0.327811105,0,0,0,0,0,0,0,0,0,0,0,0,0,0,0,0,0,0,0,0,0,1,0,0,0,0,0,0,0,0,0,0,0,0,0,0,0,0,0,0,0,0,0,0,0,0,0,0,0,0,0
1.155550178,408,0,0,-0.591781216,0.98454424,-0.930687645,0.958339795,-1.260543927,0.14728001,-1.260248948,1.016348602,0.461464785,1.018128148,-2.4884905,-0.594841643,-2.490633088,-0.432980172,0,0,0,0,0,0,0,0,0,0,0,0,0,0,0,0,0,0,0,0,0,0,0,0,0,0,0,0,0,0,0,0,0,0,0,0,0,0,0,0,0,0,0,0,0,0,0,0,0,0,1
0.556274568,510,0,1,1.460389269,-0.269958202,-1.942596885,-0.263540462,0.66970673,-0.597726194,0.669294808,-0.632921364,-0.827274081,-0.634997312,-0.911588615,-0.594841643,-0.910980205,0.327811105,0,0,0,0,0,0,0,0,0,0,0,0,0,0,0,0,0,0,0,0,0,0,0,0,0,0,0,0,0,0,0,0,0,0,0,0,0,0,0,0,0,0,0,0,0,0,0,0,1,0,0
0.530219106,415,0,0,-0.591781216,-0.688125683,1.295512682,-0.670457106,-0.001246787,-0.895728676,-0.001541658,0.157992486,-0.981922745,0.159774544,1.095377421,1.85334179,1.093453286,-1.19377145,1,0,0,0,0,0,0,0,0,0,0,0,0,0,0,0,0,0,0,0,0,0,0,0,0,0,0,0,0,0,0,0,0,0,0,0,0,0,0,0,1,0,0,0,0,0,0,0,0,0,0
-1.18944134,510,1,0,-0.591781216,-1.451478584,-1.183664955,-1.414210306,-1.554715739,-0.001721231,-1.554184361,-2.139131978,-0.414877644,-2.138251508,0.952022704,-0.594841643,0.947434952,-1.19377145,0,0,0,0,0,0,0,1,0,0,0,0,0,0,0,0,0,0,0,0,0,0,0,0,0,0,0,0,0,0,0,0,0,0,0,0,0,0,0,0,0,0,0,0,0,0,0,0,0,0,0
-0.616221191,415,0,0,-0.591781216,0.830690167,-0.829496721,0.809137025,-0.698393683,1.239955775,-0.698453039,0.186604356,-1.445868737,0.187023865,1.059538742,-0.186811071,1.053630104,-0.432980172,0,0,0,0,0,0,1,0,0,0,0,0,0,0,0,0,0,0,0,0,0,0,0,0,0,0,0,0,0,0,0,0,0,0,0,0,0,0,0,0,0,0,0,0,0,0,0,0,0,0,0
-2.309826176,415,0,0,-0.591781216,0.491422211,-0.121160253,0.47795209,0.238523389,-0.498392034,0.237873477,-0.38767676,-0.26022898,-0.389753425,-0.158976351,1.037280646,-0.154339748,0.327811105,0,0,0,0,0,0,0,0,0,0,0,0,0,0,0,0,0,0,0,0,0,0,0,0,0,0,0,0,0,0,0,0,0,0,0,0,0,1,0,0,0,0,0,0,0,0,0,0,0,0,0
-0.954942188,510,0,0,-0.591781216,0.666973653,-0.374137563,0.649761339,-0.686304431,0.693617893,-0.686600804,-1.615943488,-1.136571409,-1.61597286,1.382086854,-0.594841643,1.385489953,1.088602382,0,0,0,0,0,0,0,0,0,0,0,0,0,0,0,0,0,0,0,0,0,0,0,0,0,0,0,0,0,0,0,0,0,0,0,0,0,1,0,0,0,0,0,0,0,0,0,0,0,0,0
-0.225389272,415,0,1,2.633058118,-0.546106539,-0.272946639,-0.532557577,1.495805654,-1.342732398,1.496580767,-0.790286652,1.080059441,-0.78941013,-0.087298993,-1.410902787,-0.087967778,0.327811105,0,0,0,0,0,0,0,0,0,0,0,0,0,0,0,0,0,0,0,0,0,0,0,0,0,0,0,0,0,0,0,0,0,1,0,0,0,0,0,0,0,0,0,0,0,0,0,0,0,0,0
0.634440952,415,1,1,1.533681072,1.599960532,-0.981283107,1.558541845,-0.744735818,0.594283732,-0.745861976,1.443482955,0.873861222,1.445034173,2.421408551,0.629250074,2.420892683,-0.432980172,1,0,0,0,0,0,0,0,0,0,0,0,0,0,0,0,0,0,0,0,0,0,0,1,0,0,0,0,0,0,0,0,0,0,0,0,0,0,0,0,0,0,0,0,0,0,0,0,0,0,0
1.546382097,408,0,0,-0.591781216,-0.26206825,0.840153524,-0.255628194,2.344068208,1.438624096,2.345200749,-0.831160753,1.080059441,-0.830284111,-0.087298993,-1.002872215,-0.087967778,-0.432980172,0,0,0,0,0,0,0,0,0,0,0,0,0,0,0,0,0,0,0,0,0,0,0,0,0,0,0,0,0,0,0,0,0,0,0,0,1,0,0,0,0,0,0,0,0,0,0,0,0,0,0
-0.564110269,415,0,0,-0.591781216,-0.035232116,-0.880092183,-0.035215012,-0.672200303,-0.796394515,-0.672378123,0.462504537,2.162600088,0.464058626,1.776312326,1.445311218,1.770447378,-1.19377145,0,0,0,0,0,0,0,0,0,0,0,0,0,0,0,0,1,0,0,0,0,0,0,0,0,0,0,0,0,0,0,0,0,0,0,0,0,0,0,0,0,0,0,0,0,0,0,0,0,0,0
-1.684495105,415,0,0,-0.591781216,1.093031086,-0.171755715,1.064590252,-0.077812053,0.19694709,-0.077395958,1.198238351,0.51301434,1.199790287,-1.162459369,1.037280646,-1.16319369,1.088602382,0,0,0,0,0,0,0,0,0,0,0,0,0,0,0,0,0,0,0,0,0,0,0,0,0,0,0,0,0,0,0,0,0,0,0,0,0,0,0,1,0,0,0,0,0,0,0,0,0,0,0
0.973161949,408,1,0,-0.591781216,1.749869629,-0.981283107,1.704353643,-0.529144148,0.743284973,-0.530151311,-0.154694385,-0.208679425,-0.153592645,0.486119874,-0.186811071,0.482831163,-0.432980172,0,0,0,0,0,0,0,0,0,0,0,0,0,0,1,0,0,0,0,0,0,0,0,0,0,0,0,0,0,0,0,0,0,0,0,0,0,0,0,0,0,0,0,0,0,0,0,0,0,0,0
-0.746498498,408,0,0,-0.591781216,0.004217646,0.637771677,0.003216005,-1.024803502,0.594283732,-1.025574708,-0.67175176,-1.085021854,-0.67132974,-0.158976351,1.037280646,-0.154339748,0.327811105,0,0,0,0,0,0,0,0,0,0,0,0,0,0,0,0,0,0,0,0,0,0,0,0,0,0,0,0,0,0,0,0,0,0,0,0,0,0,0,0,0,0,0,0,0,0,0,0,1,0,0
-0.694387575,415,0,0,-0.591781216,2.651296698,-0.728305797,2.5826154,0.437996056,-0.051388311,0.436991014,1.183932416,1.080059441,1.186165626,0.736990629,0.221219501,0.735044648,1.088602382,1,0,0,0,0,0,0,0,0,0,0,0,0,0,0,0,0,0,0,0,0,0,1,0,0,0,0,0,0,0,0,0,0,0,0,0,0,0,0,0,0,0,0,0,0,0,0,0,0,0,0
0.868940103,415,0,1,2.413182709,0.004217646,-0.930687645,-0.340402495,2.499213615,-1.144064077,2.499279795,-0.837291868,0.616113449,-0.839367218,0.593635912,0.221219501,0.589026314,-1.19377145,0,0,0,0,0,0,0,0,0,0,0,0,0,0,0,0,0,0,0,0,0,0,1,0,0,0,0,0,0,0,0,0,0,0,0,0,0,0,0,0,0,0,0,0,0,0,0,0,0,0,0
1.155550178,415,0,0,-0.591781216,-0.076654367,-0.576519411,-0.074776352,1.483716401,0.941953294,1.484728533,0.521771983,-1.600517401,0.523098821,0.772829308,-0.186811071,0.77486783,-0.432980172,0,0,0,0,0,0,0,0,0,0,0,0,0,0,0,0,0,0,0,1,0,0,0,0,0,0,0,0,0,0,0,0,0,0,0,0,0,0,0,0,0,0,0,0,0,0,0,0,0,0,0
0.921051026,510,0,0,-0.591781216,-1.386386476,-0.475328487,-1.350912162,0.137779618,0.544616652,0.138314708,-1.350261833,0.358365676,-1.348021205,0.486119874,0.221219501,0.482831163,-1.19377145,0,1,0,0,0,0,0,0,0,0,0,0,0,0,0,0,0,0,0,0,0,0,0,0,0,0,0,0,0,0,0,0,0,0,0,0,0,0,0,0,0,0,0,0,0,0,0,0,0,0,0
-0.902831266,415,1,0,-0.591781216,0.572294223,-0.829496721,0.55707477,-0.551307778,-0.597726194,-0.551485333,1.300423603,0.358365676,1.299704463,-0.696556539,-0.594841643,-0.698589901,1.088602382,0,0,0,0,0,0,0,0,0,0,0,0,0,0,0,0,0,0,0,0,0,0,0,0,0,0,0,0,0,0,0,0,0,0,0,0,0,0,0,0,0,0,0,0,0,0,0,0,1,0,0
1.337938407,510,0,1,0.874054845,0.688671022,0.384794367,0.670107172,-2.096717228,-0.895728676,-2.097016695,-0.620659134,2.317248752,-0.621372651,-0.839911256,0.221219501,-0.844608235,-0.432980172,0,0,0,0,0,0,0,0,0,0,0,0,0,0,0,0,0,0,0,0,0,0,0,0,0,0,0,0,0,0,0,0,0,0,0,0,0,0,0,0,0,0,0,0,0,0,1,0,0,0,0
1.59849302,408,0,0,-0.591781216,0.004217646,1.042535372,-2.50836395,-1.143681152,1.786293658,-1.144097051,0.039457594,-0.157129871,0.041694154,0.66531327,3.485464078,0.668672678,-0.432980172,0,0,0,0,0,0,1,0,0,0,0,0,0,0,0,0,0,0,0,0,0,0,0,0,0,0,0,0,0,0,0,0,0,0,0,0,0,0,0,0,0,0,0,0,0,0,0,0,0,0,0
-0.746498498,510,0,0,-0.591781216,-0.757162767,1.649680916,-0.738276547,-1.325019941,-0.200389552,-1.324251014,0.540165328,-0.157129871,0.541265035,0.342765158,-0.594841643,0.336812829,0.327811105,0,0,0,0,0,0,0,0,0,0,0,0,0,0,0,0,0,0,0,0,0,0,0,0,0,0,0,0,0,0,0,0,0,0,0,0,0,1,0,0,0,0,0,0,0,0,0,0,0,0,0
0.00910988,415,0,0,-0.591781216,1.450051435,-0.576519411,1.411599723,0.750301747,0.693617893,0.749890002,-0.95582676,-0.775724527,-0.957447608,-0.194815031,1.037280646,-0.19416293,1.849393659,0,0,0,0,0,0,0,0,0,0,0,1,0,0,0,0,0,0,0,0,0,0,0,0,0,0,0,0,0,0,0,0,0,0,0,0,0,0,0,0,0,0,0,0,0,0,0,0,0,0,0
0.634440952,415,0,0,-0.591781216,0.519037044,1.396703606,0.505079866,-0.051618672,-1.442066559,-0.051321042,-1.331868488,0.822311667,-1.329854991,1.059538742,-0.594841643,1.053630104,-1.19377145,0,0,0,0,0,0,0,0,0,0,0,0,0,0,0,0,0,0,0,0,0,0,0,0,0,0,0,0,0,0,0,0,0,0,0,0,0,0,0,0,0,0,0,0,0,0,0,0,0,1,0
-0.016945581,408,0,0,-0.591781216,2.199596919,0.182412519,2.141789035,0.675751356,1.587625337,0.676406149,-0.191481076,-0.672625417,-0.189925073,-0.481524464,-0.594841643,-0.486199598,-0.432980172,1,0,0,0,0,0,0,0,0,0,0,0,0,0,0,0,0,0,0,0,0,0,1,0,0,0,0,0,0,0,0,0,0,0,0,0,0,0,0,0,0,0,0,0,0,0,0,0,0,0,0
2.40621232,415,0,1,1.680264679,-2.139876937,-2.144978733,-2.085622769,-1.530537234,0.24661417,-1.530479892,-0.9313023,0.40991523,-0.930198287,0.521958554,-0.594841643,0.522654345,-1.19377145,0,0,0,0,0,0,0,0,0,0,0,0,0,0,0,0,0,0,0,0,0,1,0,0,0,0,0,0,0,0,0,0,0,0,0,0,0,0,0,0,0,0,0,0,0,0,0,0,0,0,0
-0.980997649,510,0,0,-0.591781216,1.619685413,-1.588428651,1.577757353,0.893357902,1.736626578,0.894487261,0.021064248,-0.311778535,0.018986387,1.59711893,-0.186811071,1.597880257,-1.19377145,1,0,0,0,0,0,0,0,0,0,0,0,0,0,0,0,0,0,0,0,0,0,0,0,0,0,0,0,0,0,0,0,0,0,0,0,0,0,0,0,0,0,0,0,0,0,0,0,0,1,0
0.60838549,510,0,0,-0.591781216,0.229081291,1.700276378,0.222498863,1.225812347,0.643950812,1.226349824,-0.383589349,0.564563894,-0.385211871,-0.087298993,-0.594841643,-0.087967778,-0.432980172,0,0,0,0,0,0,0,0,0,0,0,0,0,0,0,0,0,0,0,0,0,0,0,0,0,0,0,0,0,1,0,0,0,0,0,0,0,0,0,0,0,0,0,0,0,0,0,0,0,0,0
1.129494716,415,0,0,-0.591781216,-0.914961816,0.030626133,-0.892000613,1.104919821,1.339289936,1.105457033,0.562646084,-1.652066956,0.563972802,0.486119874,-1.002872215,0.482831163,-1.19377145,0,0,0,0,0,0,0,1,0,0,0,0,0,0,0,0,0,0,0,0,0,0,0,0,0,0,0,0,0,0,0,0,0,0,0,0,0,0,0,0,0,0,0,0,0,0,0,0,0,0,0
-0.095111965,408,0,1,1.460389269,2.039825382,-0.374137563,1.986934646,-0.307507851,-0.101055392,-0.307329304,2.283445727,-1.136571409,2.285221564,-1.485007482,1.445311218,-1.481779146,-0.432980172,0,0,0,0,0,0,0,0,0,0,0,0,0,0,0,0,0,0,0,0,0,0,0,0,0,0,0,0,0,0,1,0,0,0,0,0,0,0,0,0,0,0,0,0,0,0,0,0,0,0,0
0.947106487,510,0,1,3.072808937,0.134401862,-0.323542101,0.130942618,-0.456608633,0.29628125,-0.456667458,0.296964429,-0.002481207,0.296021148,0.66531327,-0.186811071,0.668672678,0.327811105,0,0,0,0,0,0,0,0,0,0,0,0,0,0,0,0,0,0,0,0,0,0,0,0,0,0,0,0,0,0,0,0,0,0,0,0,0,0,0,0,0,0,0,0,0,0,0,0,0,1,0
1.077383794,415,0,1,2.1933073,-0.323215381,0.182412519,-0.315535367,-1.302856311,0.693617893,-1.302916992,0.981605617,1.389356769,0.98179572,-2.130103708,0.629250074,-2.132224451,-1.19377145,0,0,0,0,0,0,0,0,0,0,0,0,0,0,1,0,0,0,0,0,0,0,0,0,0,0,0,0,0,0,0,0,0,0,0,0,0,0,0,0,0,0,0,0,0,0,0,0,0,0,0
0.478108184,415,0,1,0.800763042,-0.03128714,0.485985291,-0.030693716,0.244568015,-0.001721231,0.244984817,0.515640868,1.18315855,0.514015714,-0.087298993,0.629250074,-0.087967778,-0.432980172,0,0,0,0,0,0,0,0,0,0,0,0,0,0,0,0,0,0,0,0,0,0,0,0,0,0,0,0,0,0,1,0,0,0,0,0,0,0,0,0,0,0,0,0,0,0,0,0,0,0,0
1.494271175,415,0,0,-0.591781216,0.319815745,0.131817057,0.310664136,-2.247832885,-0.250056632,-2.248725295,2.066812992,-0.930373191,2.067226998,0.020217045,-0.594841643,0.018227373,-0.432980172,0,0,0,0,0,0,0,0,0,0,0,0,0,0,0,0,0,0,0,0,0,0,1,0,0,0,0,0,0,0,0,0,0,0,0,0,0,0,0,0,0,0,0,0,0,0,0,0,0,0,0
-1.319718646,415,0,0,-0.591781216,2.280468932,1.346108144,2.220911716,-1.476135597,-0.001721231,-1.475959614,-0.700363631,0.255266566,-0.69857906,-0.23065371,0.629250074,-0.233986112,-0.432980172,0,0,0,0,0,0,0,0,0,0,0,0,0,0,0,0,0,0,0,0,0,0,0,0,0,0,0,0,1,0,0,0,0,0,0,0,0,0,0,0,0,0,0,0,0,0,0,0,0,0,0
-0.069056504,408,0,0,-0.591781216,-0.859732149,-0.930687645,-0.83774506,-0.8938366,0.892286214,-0.892829683,-0.863860034,-0.878823636,-0.862074985,-0.051460314,0.221219501,-0.048144596,0.327811105,0,0,0,0,0,0,0,0,0,0,0,0,0,0,0,0,0,0,1,0,0,0,0,0,0,0,0,0,0,0,0,0,0,0,0,0,0,0,0,0,0,0,0,0,0,0,0,0,0,0,0
0.00910988,415,0,1,1.167222057,-1.293679535,-0.272946639,-1.260486241,-0.789063078,-0.697060355,-0.78853002,-0.506211652,-0.517976753,-0.507833815,0.987861383,1.85334179,0.987258134,0.327811105,0,0,0,0,0,0,0,0,0,0,0,1,0,0,0,0,0,0,0,0,0,0,0,0,0,0,0,0,0,0,0,0,0,0,0,0,0,0,0,0,0,0,0,0,0,0,0,0,0,0,0
-1.293663185,408,0,0,-0.591781216,-0.204866094,0.536580753,-0.200242317,-1.232335671,-1.541400719,-1.231803586,-0.083164709,-0.672625417,-0.08092779,0.629474591,-0.594841643,0.628849496,-1.19377145,0,0,0,0,0,0,0,0,0,0,0,0,0,0,0,0,0,0,0,0,0,0,0,0,0,0,0,0,0,0,0,0,0,0,0,0,0,0,0,0,0,0,0,0,0,0,0,0,0,1,0
0.425997261,510,0,0,-0.591781216,0.684726046,-0.323542101,0.6667162,-1.262558802,2.431965702,-1.262619395,-1.070274243,0.100617902,-1.070986444,-0.123137672,-1.410902787,-0.12779096,0.327811105,0,0,0,0,0,0,0,0,0,0,0,0,0,0,0,0,0,0,0,0,0,0,0,0,0,0,0,1,0,0,0,0,0,0,0,0,0,0,0,0,0,0,0,0,0,0,0,0,0,0,0
-0.225389272,415,1,0,-0.591781216,1.501336126,1.24491722,1.462464304,-1.167859657,0.544616652,-1.16780152,-0.406070105,0.049068348,-0.407919639,0.521958554,-0.594841643,0.522654345,-1.19377145,0,0,0,0,0,0,0,0,0,0,0,0,0,0,0,0,0,0,0,0,0,0,0,0,0,0,0,0,0,0,0,0,0,0,0,0,0,0,1,0,0,0,0,0,0,0,0,0,0,0,0
-0.381722039,408,0,0,-0.591781216,-0.621061087,-1.487237727,-0.606028638,1.701322947,-0.448724953,1.700439199,-0.708538451,2.832744299,-0.707662167,-1.449168803,-0.594841643,-1.455230358,0.327811105,0,0,0,0,0,0,0,0,0,0,0,0,0,0,0,0,0,0,0,0,0,0,1,0,0,0,0,0,0,0,0,0,0,0,0,0,0,0,0,0,0,0,0,0,0,0,0,0,0,0,0
0.556274568,415,0,0,-0.591781216,-1.191110153,-0.374137563,-1.161017728,0.468219187,0.14728001,0.467806824,0.221347342,1.131608995,0.223356292,-0.553201823,-0.186811071,-0.552571568,0.327811105,0,0,0,0,0,0,0,0,0,0,0,0,0,0,0,0,0,0,0,0,0,0,0,0,0,0,0,0,0,0,0,0,0,0,0,0,0,0,0,0,0,0,0,0,0,0,0,0,0,0,1
1.442160252,408,0,1,1.387097466,0.248806172,1.852062764,0.241714371,-0.015350915,0.743284973,-0.015764339,0.88146407,0.616113449,0.881881544,1.632957609,1.445311218,1.637703439,-0.432980172,0,0,0,0,0,0,0,0,0,0,0,0,0,0,0,0,0,0,0,0,0,0,0,0,0,0,0,0,0,0,0,1,0,0,0,0,0,0,0,0,0,0,0,0,0,0,0,0,0,0,0
0.686551874,510,0,0,-0.591781216,1.292252386,-0.475328487,1.257875658,0.333222534,-0.399057873,0.332691352,0.858983314,1.440906323,0.859173777,1.310409496,0.629250074,1.305843589,-1.19377145,1,0,0,0,0,0,0,0,0,0,0,0,0,0,0,0,0,0,0,0,0,0,0,0,0,0,0,0,0,0,0,1,0,0,0,0,0,0,0,0,0,0,0,0,0,0,0,0,0,0,0
-0.016945581,408,0,0,-0.591781216,-0.143718963,0.688367139,-0.140335145,1.127083451,-1.541400719,1.126791055,0.699574321,0.203717012,0.700219406,-3.671166913,-1.818933359,-3.672054152,0.327811105,0,0,0,0,0,0,0,0,0,0,0,0,0,0,0,0,0,0,0,0,0,0,0,0,0,0,0,0,0,0,0,0,1,0,0,0,0,0,0,0,0,0,0,0,0,0,0,0,0,0,0
1.155550178,510,1,1,1.606972875,-0.086516807,0.334198905,-0.084949268,-0.954282862,0.792952053,-0.954461301,0.664831336,-0.775724527,0.663886978,0.306926478,-0.594841643,0.310264041,-0.432980172,0,0,0,0,0,0,0,0,0,0,0,0,0,0,0,0,0,0,0,0,0,0,0,0,0,1,0,0,0,0,0,0,0,0,0,0,0,0,0,0,0,0,0,0,0,0,0,0,0,0,0
-0.277500194,415,1,1,1.313805663,-0.210783559,0.182412519,-0.205893938,-0.239002087,0.19694709,-0.238586345,0.249959213,-1.239670518,0.250605613,1.095377421,-0.594841643,1.093453286,-1.19377145,1,0,0,0,0,0,0,0,0,0,0,0,0,0,0,0,0,0,0,0,0,0,0,0,0,0,0,0,0,0,0,0,0,0,0,0,0,0,0,0,0,0,0,1,0,0,0,0,0,0,0
0.217553571,415,0,0,-0.591781216,0.087062147,2.155635536,0.084599334,0.222404386,0.24661417,0.221280349,0.856939609,0.822311667,0.854632223,-0.123137672,-1.002872215,-0.12779096,-0.432980172,0,0,0,0,0,0,0,0,0,0,0,0,0,1,0,0,0,0,0,0,0,0,0,0,0,0,0,0,0,0,0,0,0,0,0,0,0,0,0,0,0,0,0,0,0,0,0,0,0,0,0
-0.329611117,415,0,0,-0.591781216,0.043667408,-0.525923949,0.041647021,-0.99055062,-0.647393275,-0.990018004,-1.18676543,-0.002481207,-1.184525281,-0.983265973,-0.594841643,-0.977352175,-0.432980172,0,1,0,0,0,0,0,0,0,0,0,0,0,0,0,0,0,0,0,0,0,0,0,0,0,0,0,0,0,0,0,0,0,0,0,0,0,0,0,0,0,0,0,0,0,0,0,0,0,0,0
0.00910988,510,0,1,0.067845011,-0.386335001,0.789558062,-0.376572863,0.188151503,1.041287454,0.188094092,-1.266469926,-1.806715619,-1.266273243,0.199410441,1.85334179,0.204068889,-1.19377145,0,0,0,0,0,0,0,0,0,0,0,0,0,0,0,0,0,0,0,0,0,0,0,0,0,0,0,0,0,0,0,0,0,0,0,0,0,0,0,0,0,0,0,0,0,0,0,0,0,0,1
-2.075327024,415,0,0,-0.591781216,0.858305,2.105040074,0.835134477,0.319118406,0.693617893,0.318468671,0.278571083,0.564563894,0.277854934,0.772829308,-1.002872215,0.77486783,-0.432980172,0,0,0,0,0,0,0,0,0,0,0,0,0,0,0,0,0,0,0,0,0,0,0,0,0,0,0,0,0,0,0,0,0,0,0,0,0,0,0,0,0,0,0,0,0,1,0,0,0,0,0
1.155550178,408,0,1,1.680264679,0.716285856,-0.323542101,0.697234948,0.492397692,1.140621615,0.491511292,0.687312091,0.461464785,0.686594745,0.163571761,-1.410902787,0.164245707,0.327811105,0,0,0,0,0,0,0,0,0,0,0,0,0,0,0,0,0,0,0,0,0,0,0,0,0,0,0,0,0,0,0,0,0,0,0,0,0,0,0,0,0,0,0,0,0,0,0,0,0,1,0
-0.016945581,408,0,0,-0.591781216,-0.39816993,0.7389626,-0.387876103,-0.106020309,0.892286214,-0.10584132,-2.016509676,-0.724174972,-2.015629564,-1.12662069,1.037280646,-1.123370509,-0.432980172,0,0,0,0,1,0,0,0,0,0,0,0,0,0,0,0,0,0,0,0,0,0,0,0,0,0,0,0,0,0,0,0,0,0,0,0,0,0,0,0,0,0,0,0,0,0,0,0,0,0,0
-1.033108572,408,0,1,2.339890906,-1.473175953,-1.133069493,-1.435686462,-0.404221872,-0.001721231,-0.404517626,-0.551173163,0.770762113,-0.55324935,-0.015621635,-1.002872215,-0.021595808,0.327811105,1,0,0,0,0,0,0,0,0,0,0,0,0,0,0,0,0,0,0,0,0,0,0,0,0,0,0,0,0,0,0,0,0,0,0,0,0,0,1,0,0,0,0,0,0,0,0,0,0,0,0
0.165442648,415,0,0,-0.591781216,0.489449723,0.384794367,0.476821766,-0.770929199,0.494949571,-0.771936892,-0.941520825,0.100617902,-0.939281394,1.1312161,-1.410902787,1.133276468,1.088602382,0,0,0,0,0,1,0,0,0,0,0,0,0,0,0,0,0,0,0,0,0,0,0,0,0,0,0,0,0,0,0,0,0,0,0,0,0,0,0,0,0,0,0,0,0,0,0,0,0,0,0
1.2076611,408,0,0,-0.591781216,1.860328963,-0.424733025,1.811734424,0.627394346,-0.895728676,0.626626764,1.686683855,-0.878823636,1.685736507,-1.449168803,-1.410902787,-1.455230358,-1.19377145,1,0,0,0,0,0,0,0,0,0,0,0,0,0,0,0,0,0,0,0,1,0,0,0,0,0,0,0,0,0,0,0,0,0,0,0,0,0,0,0,0,0,0,0,0,0,0,0,0,0,0
-0.147222888,415,0,0,-0.591781216,0.990461704,0.789558062,0.963991415,0.035020971,0.494949571,0.034015046,-0.606353199,0.255266566,-0.607747991,1.417925534,0.629250074,1.412038741,-0.432980172,0,1,0,0,0,0,0,0,0,0,0,0,0,0,0,0,0,0,0,0,0,0,0,0,0,0,0,0,0,0,0,0,0,0,0,0,0,0,0,0,0,0,0,0,0,0,0,0,0,0,0
0.712607335,415,0,0,-0.591781216,-0.005644795,-0.323542101,-0.005826587,1.40513626,-0.399057873,1.404133339,-0.205787011,-0.621075863,-0.208091286,-0.839911256,-0.186811071,-0.844608235,-1.19377145,0,0,0,0,0,0,0,0,0,0,0,0,0,0,0,0,0,0,0,0,0,0,1,0,0,0,0,0,0,0,0,0,0,0,0,0,0,0,0,0,0,0,0,0,0,0,0,0,0,0,0
0.165442648,415,0,0,-0.591781216,0.536789437,-1.082474031,0.522034726,1.243946226,0.842619133,1.242942952,-1.058012012,-1.600517401,-1.057361784,0.163571761,-0.594841643,0.164245707,-1.19377145,0,0,0,0,0,0,0,0,0,0,0,0,0,0,0,0,0,0,0,0,0,0,0,0,0,0,0,0,0,0,0,0,0,0,0,0,0,0,0,0,1,0,0,0,0,0,0,0,0,0,0
-1.710550566,415,0,0,-0.591781216,0.004217646,-2.094383271,-0.010347883,1.665055189,0.047945849,1.664882495,1.723470546,-0.878823636,1.722068935,-1.59252352,1.037280646,-1.587974298,0.327811105,0,0,0,0,0,0,0,0,0,0,0,0,0,0,0,0,0,0,0,0,0,0,0,0,0,0,0,0,0,0,0,0,0,0,0,0,1,0,0,0,0,0,0,0,0,0,0,0,0,0,0
0.947106487,408,1,0,-0.591781216,1.136425825,0.131817057,1.10641224,-0.482802013,-0.796394515,-0.482742373,1.273855437,-0.981922745,1.272455142,1.417925534,-0.186811071,1.412038741,-1.19377145,1,0,0,0,0,0,0,0,0,0,0,0,0,0,1,0,0,0,0,0,0,0,0,0,0,0,0,0,0,0,0,0,0,0,0,0,0,0,0,0,0,0,0,0,0,0,0,0,0,0,0
-0.016945581,415,0,0,-0.591781216,0.035777456,0.789558062,0.034865077,-0.275269844,0.941953294,-0.274143048,0.393018565,-0.208679425,0.39139377,0.091894403,1.037280646,0.097873737,-0.432980172,0,0,0,0,0,0,0,0,0,0,0,0,0,0,0,0,0,0,0,0,0,0,0,0,0,0,0,0,0,0,0,0,0,0,0,0,0,0,0,0,0,0,1,0,0,0,0,0,0,0,0
0.3999418,408,0,1,0.800763042,-0.473124478,0.182412519,-0.461347164,-0.307507851,0.892286214,-0.307329304,-0.171044025,0.822311667,-0.171758859,-0.732395219,-1.002872215,-0.738413083,1.088602382,0,0,0,0,0,0,0,0,0,0,0,0,0,0,0,0,0,0,0,0,0,0,0,0,0,0,0,1,0,0,0,0,0,0,0,0,0,0,0,0,0,0,0,0,0,0,0,0,0,0,0
0.582330029,510,0,1,1.093930254,1.28830741,-0.627114873,1.254484686,1.296332987,0.24661417,1.29746323,0.789497343,0.40991523,0.791050475,1.668796288,-0.594841643,1.664252227,0.327811105,0,0,0,0,0,0,0,0,0,0,0,0,0,0,0,0,0,0,0,0,0,0,0,0,0,0,0,0,0,0,0,0,0,0,0,0,0,0,0,1,0,0,0,0,0,0,0,0,0,0,0
1.181605639,415,1,0,-0.591781216,-1.352854178,1.295512682,-1.318132765,2.271532692,-0.250056632,2.271716895,0.299008134,-0.930373191,0.300562701,0.091894403,0.629250074,0.097873737,-0.432980172,0,0,0,0,0,0,0,0,0,0,0,0,0,0,0,0,0,0,0,0,0,0,0,0,0,0,0,0,0,0,0,0,0,0,0,0,0,0,0,0,0,0,0,0,0,1,0,0,0,0,0
0.139387187,510,0,1,0.067845011,-1.798636492,-0.019969329,-1.752177186,2.501228491,0.445282491,2.501650242,-2.476343309,-0.724174972,-2.474326464,-0.732395219,-0.186811071,-0.738413083,1.088602382,0,0,0,0,0,0,0,0,0,0,0,0,0,0,0,0,0,1,0,0,0,0,0,0,0,0,0,0,0,0,0,0,0,0,0,0,0,0,0,0,0,0,0,0,0,0,0,0,0,0,0
0.530219106,408,0,1,2.633058118,-1.25620226,-0.778901259,-1.224315872,-1.018758876,0.991620374,-1.018463367,0.934600401,-0.105580316,0.936380186,0.629474591,-1.002872215,0.628849496,-0.432980172,0,0,0,0,0,0,0,0,0,0,0,0,0,0,0,0,0,0,0,0,0,0,0,0,0,0,0,0,0,0,0,0,0,1,0,0,0,0,0,0,0,0,0,0,0,0,0,0,0,0,0
0.947106487,510,0,0,-0.591781216,-0.477069454,-0.981283107,-0.464738136,-1.361287698,-0.299723713,-1.362178164,1.063353818,-1.188120964,1.063543683,-0.409847106,-1.002872215,-0.406553234,-0.432980172,0,0,0,0,0,0,0,0,0,0,0,0,0,0,0,0,0,0,0,0,0,0,0,0,0,0,0,0,0,0,0,0,0,0,0,0,0,0,0,0,0,0,0,0,0,0,0,0,1,0,0
-0.016945581,510,0,1,1.680264679,-0.088489296,-1.639024113,-0.087209916,-0.029455043,-1.342732398,-0.02998702,0.38280004,-0.054030762,0.382310663,1.059538742,0.629250074,1.053630104,-0.432980172,0,0,0,0,0,0,0,0,0,0,0,0,0,0,0,0,0,0,0,0,0,0,0,0,0,0,0,0,0,1,0,0,0,0,0,0,0,0,0,0,0,0,0,0,0,0,0,0,0,0,0
1.572437559,408,0,0,-0.591781216,-0.492849359,-0.829496721,-0.480562672,-0.460638383,1.239955775,-0.461408351,-0.575697623,-0.517976753,-0.575957117,-1.55668484,-1.002872215,-1.56142551,1.849393659,1,0,0,0,0,0,0,0,0,0,0,0,0,0,0,0,0,0,0,0,0,0,0,0,0,0,0,0,0,0,0,0,0,0,0,0,0,0,0,0,0,0,0,0,0,0,0,0,1,0,0
-1.007053111,415,1,1,1.753556482,0.763625571,-0.374137563,0.743578232,0.726123242,1.587625337,0.726185533,-0.181262551,1.904852315,-0.180841966,1.059538742,-0.594841643,1.053630104,-1.19377145,1,0,0,0,0,0,0,0,0,0,0,0,0,0,0,0,0,0,0,0,0,1,0,0,0,0,0,0,0,0,0,0,0,0,0,0,0,0,0,0,0,0,0,0,0,0,0,0,0,0,0
0.504163645,415,0,1,1.167222057,0.004217646,-0.981283107,0.918778454,0.689855484,-1.442066559,0.69062883,-0.708538451,1.440906323,-0.707662167,-0.445685785,3.485464078,-0.446376416,-0.432980172,0,0,0,0,0,0,0,0,0,0,0,0,0,0,0,0,0,0,0,0,0,0,0,0,0,0,0,0,0,0,0,0,0,0,0,0,0,0,0,0,0,0,0,0,0,0,0,0,0,0,1
0.764718258,408,0,1,1.606972875,0.10481454,0.840153524,0.101554194,0.984027296,2.03462906,0.984564242,-0.884297084,0.152167457,-0.884782752,-1.019104652,1.037280646,-1.017175357,-1.19377145,0,0,0,0,0,0,0,0,0,0,0,0,0,0,0,1,0,0,0,0,0,0,0,0,0,0,0,0,0,0,0,0,0,0,0,0,0,0,0,0,0,0,0,0,0,0,0,0,0,0,0
-2.101382486,408,0,0,-0.591781216,0.140319326,-0.576519411,0.136594238,1.062607438,-2.435408164,1.062788989,1.472094826,0.255266566,1.472283494,0.736990629,0.629250074,0.735044648,0.327811105,0,0,0,0,0,0,0,0,0,0,0,0,0,0,0,0,0,0,0,0,0,0,0,0,0,0,0,0,0,0,0,0,0,0,0,0,0,0,0,0,0,0,0,0,0,0,0,0,1,0,0
0.295719955,415,0,0,-0.591781216,0.572294223,2.50980377,0.55707477,0.244568015,0.19694709,0.244984817,-0.469424961,-0.105580316,-0.471501387,-0.624879181,-0.186811071,-0.618943537,-1.19377145,0,0,0,0,1,0,0,0,0,0,0,0,0,0,0,0,0,0,0,0,0,0,0,0,0,0,0,0,0,0,0,0,0,0,0,0,0,0,0,0,0,0,0,0,0,0,0,0,0,0,0
-0.616221191,408,0,0,-0.591781216,0.122566933,-0.272946639,0.118509054,0.228449012,-0.101055392,0.228391689,1.66011569,-0.981922745,1.658487186,0.378603837,-0.186811071,0.376636011,1.088602382,0,0,0,0,0,0,0,0,0,0,0,0,0,0,0,1,0,0,0,0,0,0,0,0,0,0,0,0,0,0,0,0,0,0,0,0,0,0,0,0,0,0,0,0,0,0,0,0,0,0,0
0.217553571,415,0,0,-0.591781216,0.844497584,-1.335451341,0.822700913,-0.623843293,-1.243398238,-0.624969186,1.292248783,-0.311778535,1.290621356,-0.445685785,-0.594841643,-0.446376416,0.327811105,0,0,0,0,0,0,0,0,0,0,0,0,0,0,0,0,0,0,0,0,0,0,0,0,0,0,0,0,0,0,0,0,0,0,0,0,0,0,0,0,1,0,0,0,0,0,0,0,0,0,0
0.191498109,415,0,0,-0.591781216,0.422385127,0.030626133,0.411262973,-0.603694539,-0.697060355,-0.603635164,0.742492127,0.667663003,0.741093387,0.486119874,-0.594841643,0.482831163,1.088602382,0,0,0,0,0,0,0,0,0,0,0,0,0,0,0,1,0,0,0,0,0,0,0,0,0,0,0,0,0,0,0,0,0,0,0,0,0,0,0,0,0,0,0,0,0,0,0,0,0,0,0
-0.016945581,415,0,1,0.654179436,-0.232480928,0.688367139,-0.227370094,0.867164521,-0.349390793,0.866041899,0.221347342,0.719212558,0.223356292,-0.409847106,-1.002872215,-0.406553234,-0.432980172,0,0,0,0,0,0,0,0,0,0,0,0,1,0,0,0,0,0,0,0,0,0,0,0,0,0,0,0,0,0,0,0,0,0,0,0,0,0,0,0,0,0,0,0,0,0,0,0,0,0,0
-1.632384182,510,0,0,-0.591781216,-0.078626855,0.435389829,-0.077037,0.224419261,-0.150722472,0.223650796,-1.290994387,0.461464785,-1.28898101,-0.374008427,-0.594841643,-0.380004446,2.610184936,1,0,0,0,0,0,0,0,0,0,0,0,0,0,0,0,0,0,0,0,0,0,0,1,0,0,0,0,0,0,0,0,0,0,0,0,0,0,0,0,0,0,0,0,0,0,0,0,0,0,0
0.217553571,415,0,1,1.533681072,-1.35088169,-0.525923949,-1.317002441,1.266109855,-0.101055392,1.26664742,0.482941587,1.440906323,0.48222484,-0.445685785,0.629250074,-0.446376416,3.370976214,1,0,1,0,0,0,0,0,0,0,0,0,0,0,0,0,0,0,0,0,0,0,0,0,0,0,0,0,0,0,0,0,0,0,0,0,0,0,0,0,0,0,0,0,0,0,0,0,0,0,0
-0.59016573,415,0,0,-0.591781216,-1.814416397,-1.335451341,-1.768001722,0.284865524,-2.087738602,0.285282414,0.004714608,2.420347861,0.005361726,0.199410441,0.629250074,0.204068889,-0.432980172,0,0,0,0,0,0,0,0,0,0,0,0,0,0,0,0,0,0,0,0,0,0,0,0,0,1,0,0,0,0,0,0,0,0,0,0,0,0,0,0,0,0,0,0,0,0,0,0,0,0,0
0.868940103,415,0,0,-0.591781216,1.270555017,-0.070564791,1.237529826,0.931640535,0.544616652,0.932414411,-0.021853558,1.698654096,-0.021887595,-1.090782011,-1.002872215,-1.096821721,-1.19377145,0,0,0,0,0,0,0,0,0,0,0,0,0,0,0,0,0,0,0,0,0,0,0,1,0,0,0,0,0,0,0,0,0,0,0,0,0,0,0,0,0,0,0,0,0,0,0,0,0,0,0
-1.39788503,415,0,1,1.387097466,-0.289683083,-0.576519411,-0.28275597,-1.478150473,0.892286214,-1.478330061,1.703033495,-0.26022898,1.703902721,-0.911588615,-0.186811071,-0.910980205,0.327811105,0,0,0,0,0,0,0,0,0,0,0,0,0,0,0,0,0,0,0,0,0,0,0,0,0,0,0,0,0,0,0,0,0,0,0,0,0,0,0,0,0,0,0,0,0,0,0,1,0,0,0
-1.085219495,408,0,1,1.387097466,-1.031338615,0.485985291,-1.005033014,-1.961720575,-0.051388311,-1.961901223,-0.753499962,-1.394319182,-0.753077702,-0.409847106,-0.594841643,-0.406553234,-1.19377145,0,0,0,0,0,0,0,0,0,0,0,0,0,0,0,0,0,0,0,0,0,0,0,0,0,1,0,0,0,0,0,0,0,0,0,0,0,0,0,0,0,0,0,0,0,0,0,0,0,0,0
1.311882946,415,0,0,-0.591781216,0.298118375,0.283603443,0.290318304,1.854453479,0.14728001,1.854518245,0.480897882,-0.930373191,0.48222484,-1.700039557,-0.594841643,-1.69416945,-1.19377145,0,0,0,0,0,0,0,0,0,0,0,0,0,1,0,0,0,0,0,0,0,0,0,0,0,0,0,0,0,0,0,0,0,0,0,0,0,0,0,0,0,0,0,0,0,0,0,0,0,0,0
0.738662797,415,0,0,-0.591781216,-2.465337476,1.548489992,-2.402113493,1.117009074,0.24661417,1.117309267,-0.500080537,1.801753206,-0.498750708,0.306926478,-0.186811071,0.310264041,-0.432980172,0,0,0,0,0,0,0,0,0,0,0,0,0,0,0,0,0,0,0,0,0,0,0,0,0,0,0,1,0,0,0,0,0,0,0,0,0,0,0,0,0,0,0,0,0,0,0,0,0,0,0
0.165442648,510,0,1,1.387097466,2.045742846,0.182412519,1.992586266,0.472248938,2.580966942,0.472547717,0.822196624,-1.909814729,0.822841349,1.489602892,1.037280646,1.491685105,0.327811105,0,0,0,0,0,0,0,0,0,0,0,0,0,0,0,0,0,0,0,0,0,0,0,0,0,0,0,0,0,0,0,0,0,0,0,0,0,0,0,0,0,0,0,0,0,1,0,0,0,0,0
0.947106487,408,1,0,-0.591781216,1.544730865,0.587176215,1.504286292,0.923581033,0.842619133,0.922932624,-0.569566508,-0.002481207,-0.571415563,0.23524912,-0.594841643,0.230617677,-1.19377145,1,0,0,0,0,0,0,0,0,0,0,0,0,0,0,0,0,0,0,0,0,0,0,0,0,0,1,0,0,0,0,0,0,0,0,0,0,0,0,0,0,0,0,0,0,0,0,0,0,0,0
-0.642276652,510,0,0,-0.591781216,-1.75918673,2.105040074,-1.713746169,0.222404386,-1.243398238,0.221280349,-0.126082515,-1.239670518,-0.126343324,-0.338169747,-1.002872215,-0.340181264,-0.432980172,0,0,0,0,0,0,0,0,0,0,0,0,0,0,0,0,0,0,0,0,0,0,1,0,0,0,0,0,0,0,0,0,0,0,0,0,0,0,0,0,0,0,0,0,0,0,0,0,0,0,0
-1.99716064,415,0,0,-0.591781216,1.102893527,1.599085454,1.073632844,-1.707846271,1.438624096,-1.708263408,-0.320234493,1.85330276,-0.321630123,2.134699118,-1.002872215,2.128856016,-1.19377145,0,0,0,0,0,0,0,0,0,0,0,1,0,0,0,0,0,0,0,0,0,0,0,0,0,0,0,0,0,0,0,0,0,0,0,0,0,0,0,0,0,0,0,0,0,0,0,0,0,0,0
1.780881249,408,0,0,-0.591781216,-0.73349291,-0.930687645,-0.714539743,0.619334844,0.494949571,0.619515424,-1.427922624,-1.70361651,-1.429769168,-0.087298993,-0.186811071,-0.087967778,0.327811105,0,0,0,0,0,0,0,0,0,0,0,0,0,0,0,0,0,0,0,0,0,0,0,0,0,0,0,1,0,0,0,0,0,0,0,0,0,0,0,0,0,0,0,0,0,0,0,0,0,0,0
-1.840827873,408,0,0,-0.591781216,-2.479144893,-1.639024113,-2.415677381,-0.430415252,-0.200389552,-0.430592542,0.942775221,0.049068348,0.940921739,-0.015621635,1.445311218,-0.021595808,-0.432980172,0,0,0,0,0,0,0,0,0,0,0,0,0,0,0,0,0,0,0,0,0,0,0,1,0,0,0,0,0,0,0,0,0,0,0,0,0,0,0,0,0,0,0,0,0,0,0,0,0,0,0
-0.79860942,415,0,0,-0.591781216,0.692615999,-0.677710335,0.674628468,-1.403600082,0.693617893,-1.402475761,0.323532594,0.203717012,0.323270468,-0.302331068,-0.594841643,-0.300358082,1.088602382,0,0,0,0,0,0,0,0,0,0,0,0,0,0,0,0,0,0,0,0,0,0,0,0,0,0,0,0,0,0,0,0,0,0,0,0,0,0,0,0,0,0,0,0,0,0,0,0,0,1,0
-1.267607724,510,1,0,-0.591781216,1.414546649,0.890748986,1.377690003,-0.081841804,-0.995062836,-0.082136851,-0.185349961,-2.425310275,-0.185383519,0.271087799,-1.002872215,0.270440859,-1.19377145,1,0,0,0,0,0,0,0,0,0,0,0,0,0,0,0,0,0,0,0,0,0,0,0,0,0,0,0,0,0,0,0,0,0,0,0,0,0,0,0,0,1,0,0,0,0,0,0,0,0,0
-2.544325328,408,0,0,-0.591781216,0.004217646,-0.070564791,-0.782359184,1.008205801,0.395615411,1.008268711,1.739820186,-0.672625417,1.740235148,-1.485007482,-0.594841643,-1.481779146,1.849393659,0,0,0,0,0,0,0,0,0,0,0,1,0,0,0,0,0,0,0,0,0,0,0,0,0,0,0,0,0,0,0,0,0,0,0,0,0,0,0,0,0,0,0,0,0,0,0,0,0,0,0
-1.632384182,415,0,0,-0.591781216,-1.230559915,0.688367139,-1.199448744,0.161958123,0.24661417,0.162019177,0.047632414,-0.105580316,0.046235707,1.489602892,-1.002872215,1.491685105,0.327811105,0,0,0,0,0,0,0,0,0,0,0,0,0,0,0,0,0,0,0,0,0,0,0,0,0,1,0,0,0,0,0,0,0,0,0,0,0,0,0,0,0,0,0,0,0,0,0,0,0,0,0
0.087276264,415,0,0,-0.591781216,1.663080152,0.384794367,1.619579342,-1.379421577,-1.243398238,-1.378771292,-0.477599781,-0.466427199,-0.476042941,0.127733082,1.445311218,0.124422525,1.088602382,0,0,0,0,0,0,0,0,0,0,0,0,0,0,0,0,0,0,0,0,0,0,0,0,0,0,0,0,0,0,0,0,0,0,1,0,0,0,0,0,0,0,0,0,0,0,0,0,0,0,0
-1.918994256,408,0,0,-0.591781216,-1.915013291,0.233007981,-1.866339911,0.067258978,-0.051388311,0.067201302,0.472723062,1.131608995,0.473141733,-0.409847106,-0.186811071,-0.406553234,-0.432980172,0,0,0,0,0,0,0,0,0,0,0,0,0,0,0,0,0,0,1,0,0,0,0,0,0,0,0,0,0,0,0,0,0,0,0,0,0,0,0,0,0,0,0,0,0,0,0,0,0,0,0
-2.283770715,408,0,0,-0.591781216,0.803075333,-0.019969329,0.782009249,0.212330008,-1.044729917,0.211798561,1.190063531,0.616113449,1.19070718,1.202893458,1.445311218,1.199648437,0.327811105,0,0,0,0,0,0,0,0,0,0,0,0,0,0,0,0,0,0,0,1,0,0,0,0,0,0,0,0,0,0,0,0,0,0,0,0,0,0,0,0,0,0,0,0,0,0,0,0,0,0,0
-1.267607724,408,0,0,-0.591781216,0.736010737,0.182412519,0.716450456,-0.974431617,-0.846061596,-0.973424876,-1.364567768,0.461464785,-1.366187419,0.557797233,-0.186811071,0.562477527,0.327811105,0,0,0,0,0,0,0,0,0,0,0,0,0,0,0,0,0,0,0,0,0,0,0,0,0,0,0,0,0,0,0,0,0,0,0,0,0,0,0,0,0,0,0,0,0,0,0,0,0,0,0
0.347830877,415,0,1,1.24051386,-0.999778805,-1.183664955,-0.974514266,1.800051843,0.494949571,1.799997967,-0.489862011,0.51301434,-0.489667601,0.486119874,0.221219501,0.482831163,-0.432980172,0,0,0,0,0,0,0,0,0,0,0,0,0,0,0,0,0,0,0,0,0,0,0,0,0,0,0,0,0,0,0,0,0,0,0,0,0,0,0,0,0,1,0,0,0,0,0,0,0,0,0
1.442160252,408,0,0,-0.591781216,-0.57569386,0.283603443,-0.560815677,-0.962342364,0.594283732,-0.961572642,0.303095544,-0.724174972,0.305104255,-2.416813141,-0.594841643,-2.410986724,-0.432980172,0,0,0,0,0,1,0,0,0,0,0,0,0,0,0,0,0,0,0,0,0,0,0,0,0,0,0,0,0,0,0,0,0,0,0,0,0,0,0,0,0,0,0,0,0,0,0,0,0,0,0
-1.007053111,415,0,0,-0.591781216,0.193576505,1.093130834,0.188589143,-1.951646198,-0.250056632,-1.952419436,-0.418332335,0.306816121,-0.417002746,0.199410441,0.221219501,0.204068889,0.327811105,0,0,0,0,0,0,0,0,0,0,0,0,0,0,0,0,0,0,0,0,0,0,0,0,0,0,0,0,0,0,0,0,0,0,0,0,0,0,0,0,0,0,0,0,0,0,0,0,0,1,0
-1.267607724,510,0,0,-0.591781216,-0.993861341,-1.031878569,-0.968862646,-1.167859657,0.047945849,-1.16780152,1.16962648,-0.569526308,1.167999412,0.736990629,-0.186811071,0.735044648,1.088602382,0,0,0,0,0,0,0,0,0,0,0,0,0,0,0,0,0,0,0,0,0,1,0,0,0,0,0,0,0,0,0,0,0,0,0,0,0,0,0,0,0,0,0,0,0,0,0,0,0,0,0
1.181605639,510,0,0,-0.591781216,-1.264092213,-1.183664955,-1.23222814,0.260687019,-0.001721231,0.261577946,0.35418817,-1.445868737,0.355061343,0.163571761,0.629250074,0.164245707,-0.432980172,0,0,0,0,0,0,0,0,0,0,0,0,0,0,0,0,0,0,0,0,0,0,0,0,0,0,0,0,0,0,1,0,0,0,0,0,0,0,0,0,0,0,0,0,0,0,0,0,0,0,0
0.504163645,415,0,1,1.093930254,0.832662655,0.688367139,0.810267349,1.088800818,-0.796394515,1.088863905,1.010217487,0.873861222,1.009045041,-1.090782011,0.221219501,-1.096821721,0.327811105,0,0,0,0,0,0,0,0,0,0,0,0,0,0,0,0,0,0,0,0,0,0,0,0,0,0,0,0,0,0,0,0,0,0,0,0,0,0,0,1,0,0,0,0,0,0,0,0,0,0,0
-0.277500194,408,0,0,-0.591781216,-2.33515326,-0.475328487,-2.275517203,-0.126169063,-0.299723713,-0.127175342,-1.184721725,-1.0334723,-1.184525281,0.414442516,1.85334179,0.416459193,-0.432980172,0,0,0,0,0,0,0,0,0,0,0,0,0,0,0,0,0,0,0,0,0,0,0,0,0,0,0,0,0,0,0,0,0,0,0,0,0,0,0,0,0,0,0,0,0,0,0,0,1,0,0
1.2076611,408,1,0,-0.591781216,0.081144682,0.637771677,0.078947713,-0.724587064,0.494949571,-0.724527954,-1.840751042,-0.672625417,-1.838508979,-0.051460314,-0.186811071,-0.048144596,-0.432980172,0,0,0,0,0,0,0,0,0,0,0,0,0,0,0,0,0,0,0,0,0,0,0,0,0,0,0,0,0,0,0,0,1,0,0,0,0,0,0,0,0,0,0,0,0,0,0,0,0,0,0
1.520326636,415,0,0,-0.591781216,-0.242343369,-1.639024113,-0.236412686,-1.145696028,-1.293065318,-1.146467498,-1.246032876,0.564563894,-1.248107029,0.020217045,-0.594841643,0.018227373,-1.19377145,1,0,0,0,0,0,0,0,0,0,0,0,0,0,0,0,0,0,0,0,0,0,0,0,0,0,0,0,0,0,0,0,0,0,0,0,0,0,0,0,0,0,0,0,0,0,0,0,0,0,1
-0.694387575,510,0,1,1.387097466,-0.504684288,1.093130834,-0.491865913,-0.108035184,2.481632782,-0.108211767,1.545668207,-0.724174972,1.54494835,1.059538742,-1.002872215,1.053630104,1.849393659,0,0,0,0,0,0,0,0,0,0,0,0,0,0,1,0,0,0,0,0,0,0,0,0,0,0,0,0,0,0,0,0,0,0,0,0,0,0,0,0,0,0,0,0,0,0,0,0,0,0,0
-0.355666578,415,0,0,-0.591781216,0.367155459,-1.031878569,0.35700742,-0.275269844,-0.548059114,-0.274143048,-1.380917409,-0.208679425,-1.37981208,2.278053835,-0.186811071,2.27487435,0.327811105,0,0,0,0,0,0,0,0,0,0,0,0,0,0,0,0,0,0,0,0,0,0,1,0,0,0,0,0,0,0,0,0,0,0,0,0,0,0,0,0,0,0,0,0,0,0,0,0,0,0,0
-0.043001042,510,0,0,-0.591781216,-1.013586222,-1.133069493,-0.988078154,0.294939901,0.991620374,0.294764202,-1.172459495,2.059500979,-1.17090062,1.453764213,1.85334179,1.451861923,0.327811105,0,0,0,0,0,0,0,0,0,0,0,0,0,0,0,0,0,0,0,0,0,0,0,0,0,0,0,0,0,0,0,0,0,0,0,0,0,0,0,0,0,0,0,0,0,1,0,0,0,0,0
0.790773719,510,0,0,-0.591781216,0.162016695,0.485985291,0.15694007,-0.003261662,0.047945849,-0.003912104,0.031282773,1.286257659,0.032611047,-0.015621635,2.669402934,-0.021595808,0.327811105,0,0,0,0,0,0,0,0,0,0,0,0,0,0,0,0,0,0,0,0,0,0,0,0,0,0,0,0,0,0,0,0,0,0,0,0,0,0,0,0,0,1,0,0,0,0,0,0,0,0,0
-0.303555655,510,0,0,-0.591781216,-0.995833829,-1.487237727,-0.971123294,0.270761396,-1.591067799,0.271059733,0.282658493,-0.002481207,0.282396487,0.020217045,-0.186811071,0.018227373,2.610184936,1,1,0,0,0,0,0,0,0,0,0,0,0,0,0,0,0,0,0,0,0,0,0,0,0,0,0,0,0,0,0,0,0,0,0,0,0,0,0,0,0,0,0,0,0,0,0,0,0,0,0
0.582330029,415,1,0,-0.591781216,-1.068815889,0.283603443,-1.041203382,-1.445912466,-0.200389552,-1.445143804,1.038829358,1.492455878,1.040835915,-1.413330123,0.629250074,-1.415407176,1.849393659,1,0,0,0,0,0,0,0,0,0,0,0,0,0,0,0,0,0,0,0,0,0,0,0,0,1,0,0,0,0,0,0,0,0,0,0,0,0,0,0,0,0,0,0,0,0,0,0,0,0,0
0.764718258,510,0,1,1.313805663,1.52895096,0.384794367,1.488461756,0.476278689,1.090954535,0.477288611,0.059894644,0.925410777,0.059860368,0.844506666,-0.186811071,0.8412398,-0.432980172,0,0,0,0,0,0,0,0,0,0,0,0,0,0,0,0,0,0,0,0,0,0,0,0,0,1,0,0,0,0,0,0,0,0,0,0,0,0,0,0,0,0,0,0,0,0,0,0,0,0,0
-0.043001042,415,0,0,-0.591781216,-1.086568282,-0.525923949,-1.059288567,-1.093309267,-1.491733639,-1.094317667,-0.647227299,-0.26022898,-0.648621972,0.091894403,0.629250074,0.097873737,-0.432980172,0,0,0,0,0,0,0,0,0,0,0,1,0,0,0,0,0,0,0,0,0,0,0,0,0,0,0,0,0,0,0,0,0,0,0,0,0,0,0,0,0,0,0,0,0,0,0,0,0,0,0
-1.684495105,408,0,0,-0.591781216,-0.090461784,2.206230998,-0.08834024,0.327177908,-1.541400719,0.327950458,0.871245545,2.368798307,0.872798437,-0.123137672,-0.594841643,-0.12779096,-0.432980172,0,0,0,0,0,0,0,0,0,0,0,0,0,0,0,0,0,0,0,0,0,0,0,0,0,0,0,0,0,0,0,0,0,0,0,0,0,0,0,0,0,0,0,0,0,0,0,0,0,1,0
-0.355666578,415,0,0,-0.591781216,-1.092485747,-0.475328487,-1.064940187,-0.549292902,0.24661417,-0.549114886,1.128752379,0.461464785,1.127125431,-0.983265973,0.221219501,-0.977352175,1.088602382,0,0,0,0,0,0,0,0,0,0,0,0,0,0,0,0,0,0,0,0,0,0,0,0,0,0,0,0,0,0,0,0,0,0,0,0,0,0,0,0,0,0,0,0,0,0,0,0,0,1,0
-0.016945581,415,0,0,-0.591781216,1.812989249,1.49789453,1.765391139,-0.899881226,1.537958257,-0.899941023,-1.323693667,0.40991523,-1.325313438,0.486119874,1.85334179,0.482831163,0.327811105,0,0,0,0,0,0,0,0,0,0,0,0,0,0,0,0,0,0,0,0,0,0,0,0,0,0,0,0,0,0,0,0,0,0,0,0,0,0,0,0,0,0,0,0,0,0,0,0,0,1,0
2.301990475,510,0,0,-0.591781216,0.793212892,-1.031878569,0.771836333,-1.155770405,0.842619133,-1.155949286,-1.440184855,-1.600517401,-1.438852275,0.521958554,1.037280646,0.522654345,-0.432980172,0,0,0,0,0,0,0,0,0,0,0,0,0,0,0,1,0,0,0,0,0,0,0,0,0,0,0,0,0,0,0,0,0,0,0,0,0,0,0,0,0,0,0,0,0,0,0,0,0,0,0
-0.121167426,415,0,1,1.826848285,0.071282242,0.7389626,0.068774797,0.014872217,-0.647393275,0.015051471,-0.483730896,-0.827274081,-0.485126048,0.056055724,4.301525222,0.058050555,1.088602382,0,0,0,0,0,0,0,0,0,0,0,0,0,0,0,0,0,0,0,0,0,0,0,0,0,0,0,0,0,0,0,0,1,0,0,0,0,0,0,0,0,0,0,0,0,0,0,0,0,0,0
0.295719955,408,0,0,-0.591781216,-1.55010299,0.941344448,-1.510287847,0.276806022,-1.64073488,0.275800627,-0.440813091,0.616113449,-0.439710513,0.020217045,0.221219501,0.018227373,0.327811105,0,0,0,0,0,0,0,0,1,0,0,0,0,0,0,0,0,0,0,0,0,0,0,0,0,0,0,0,0,0,0,0,0,0,0,0,0,0,0,0,0,0,0,0,0,0,0,0,0,0,0
0.191498109,415,0,1,2.413182709,-0.159498868,0.485985291,-0.156159681,-1.300841435,-1.094396997,-1.300546545,-0.361108594,0.152167457,-0.362504104,0.199410441,1.037280646,0.204068889,-1.19377145,0,0,0,0,0,0,0,0,0,0,0,0,0,0,0,0,0,0,0,0,0,0,0,0,0,0,0,0,0,0,0,1,0,0,0,0,0,0,0,0,0,0,0,0,0,0,0,0,0,0,0
0.530219106,510,0,1,0.874054845,0.635413843,0.485985291,0.618112267,0.29091015,0.991620374,0.290023308,0.764972883,0.358365676,0.763801154,-0.302331068,-1.002872215,-0.300358082,-1.19377145,0,0,0,0,0,0,0,0,0,0,0,0,0,0,0,0,0,0,0,0,0,0,0,0,0,0,0,0,0,0,0,0,0,0,0,0,0,0,0,1,0,0,0,0,0,0,0,0,0,0,0
0.3999418,415,0,0,-0.591781216,-2.287813545,0.030626133,-2.229173919,-0.097960807,-0.250056632,-0.098729979,0.184560651,-0.672625417,0.182482311,-0.087298993,0.629250074,-0.087967778,-0.432980172,0,0,0,0,0,0,0,0,0,0,0,0,0,0,0,0,0,0,0,0,0,0,0,0,0,0,0,0,0,0,0,0,0,0,0,0,0,0,0,0,0,1,0,0,0,0,0,0,0,0,0
1.572437559,415,0,0,-0.591781216,-0.123994082,-0.019969329,-0.121119637,0.262701894,-1.293065318,0.261577946,-1.217421005,-1.600517401,-1.216316155,0.450281195,-0.186811071,0.456282375,-0.432980172,0,0,0,0,0,0,0,0,0,0,0,0,0,0,0,0,0,0,0,0,0,0,0,0,0,0,0,0,0,0,1,0,0,0,0,0,0,0,0,0,0,0,0,0,0,0,0,0,0,0,0
-2.127437947,415,1,0,-0.591781216,1.144315777,-0.121160253,1.114324508,0.129720116,1.041287454,0.128832921,-0.385633054,-0.26022898,-0.385211871,-2.058426349,-0.186811071,-2.052578087,-1.19377145,0,1,0,0,0,0,0,0,0,0,0,0,0,0,0,0,0,0,0,0,0,0,0,0,0,0,0,0,0,0,0,0,0,0,0,0,0,0,0,0,0,0,0,0,0,0,0,0,0,0,0
0.478108184,415,1,1,1.753556482,-0.131884034,0.030626133,-0.129031905,0.176062251,-0.349390793,0.176241858,0.61373871,-0.466427199,0.61392989,0.70115195,-0.186811071,0.695221466,-1.19377145,0,0,0,0,0,0,0,0,0,0,0,0,0,1,0,0,0,0,0,0,0,0,0,0,0,0,0,0,0,0,0,0,0,0,0,0,0,0,0,0,0,0,0,0,0,0,0,0,0,0,0
0.634440952,415,0,0,-0.591781216,0.891837298,0.081221595,0.867913874,-1.145696028,-0.647393275,-1.146467498,-0.044334313,0.255266566,-0.044595362,-0.804072577,-1.002872215,-0.804785053,-1.19377145,0,0,0,0,0,0,0,0,0,0,0,0,0,0,0,0,0,0,0,0,1,0,0,0,0,0,0,0,0,0,0,0,0,0,0,0,0,0,0,0,0,0,0,0,0,0,0,0,0,0,0
-0.016945581,510,0,0,-0.591781216,1.144315777,1.093130834,1.114324508,-0.386087993,-0.448724953,-0.385554051,-0.314103378,2.62654608,-0.312547016,-0.911588615,-0.186811071,-0.910980205,-0.432980172,0,0,0,0,0,0,0,0,0,0,0,0,0,0,0,1,0,0,0,0,0,0,0,0,0,0,0,0,0,0,0,0,0,0,0,0,0,0,0,0,0,0,0,0,0,0,0,0,0,0,0
-0.016945581,415,0,0,-0.591781216,-0.841979756,1.396703606,-0.8207902,0.329192783,0.792952053,0.330320905,-0.38767676,-0.724174972,-0.389753425,-0.087298993,0.221219501,-0.087967778,0.327811105,0,0,0,0,0,0,0,0,0,0,0,0,0,0,0,0,0,0,0,0,0,0,0,0,0,0,0,0,0,0,0,0,0,0,0,0,0,0,0,0,0,0,0,0,0,0,0,0,0,0,1
-0.147222888,510,0,0,-0.591781216,-0.73349291,0.435389829,-0.714539743,-0.494891266,0.345948331,-0.494594608,-0.234398882,-0.621075863,-0.235340607,-0.732395219,-0.594841643,-0.738413083,0.327811105,0,0,0,0,0,0,0,0,0,0,0,0,0,0,0,0,0,0,0,0,0,0,0,0,0,0,0,0,0,0,1,0,0,0,0,0,0,0,0,0,0,0,0,0,0,0,0,0,0,0,0
-0.016945581,408,0,0,-0.591781216,-0.735465398,1.295512682,-0.716800391,-1.500314102,0.892286214,-1.499664083,1.494575581,-1.497418292,1.494991262,-2.02258767,-0.186811071,-2.026029299,-0.432980172,0,0,0,0,0,0,0,0,0,0,0,0,0,0,0,0,0,0,0,0,0,0,0,1,0,0,0,0,0,0,0,0,0,0,0,0,0,0,0,0,0,0,0,0,0,0,0,0,0,0,0
0.113331725,415,0,1,0.947346648,-0.644730944,0.587176215,-0.628635118,-0.067737676,-2.832744806,-0.06791417,1.355603639,-0.363328089,1.354203104,-0.553201823,-0.594841643,-0.552571568,0.327811105,0,0,0,0,0,0,0,0,0,0,0,0,0,0,0,0,0,0,0,1,0,0,0,0,0,0,0,0,0,0,0,0,0,0,0,0,0,0,0,0,0,0,0,0,0,0,0,0,0,0,0
0.00910988,510,0,0,-0.591781216,0.801102845,1.194321758,0.779748601,-0.243031838,0.047945849,-0.243327239,1.580411193,-0.105580316,1.581280777,0.127733082,-0.186811071,0.124422525,-0.432980172,0,0,0,0,0,0,0,0,0,0,0,0,0,0,0,0,0,0,0,0,0,0,0,0,0,0,0,0,0,0,1,0,0,0,0,0,0,0,0,0,0,0,0,0,0,0,0,0,0,0,0
-0.147222888,415,0,0,-0.591781216,-0.601336206,-0.222351177,-0.58681313,1.209693344,0.792952053,1.209756695,-0.001416507,1.028509886,0.000820173,-0.768233898,-1.002872215,-0.764961871,-0.432980172,0,0,0,0,0,0,0,0,0,0,0,0,0,0,0,0,0,0,0,0,0,0,0,1,0,0,0,0,0,0,0,0,0,0,0,0,0,0,0,0,0,0,0,0,0,0,0,0,0,0,0
0.582330029,415,0,0,-0.591781216,0.487477234,-0.627114873,0.474561118,-1.272633179,0.544616652,-1.272101183,0.509509753,-0.002481207,0.50947416,-0.087298993,-0.186811071,-0.087967778,-1.19377145,0,0,0,0,0,0,0,0,0,0,0,0,1,0,0,0,0,0,0,0,0,0,0,0,0,0,0,0,0,0,0,0,0,0,0,0,0,0,0,0,0,0,0,0,0,0,0,0,0,0,0
1.051328332,510,0,1,1.460389269,2.530974923,1.143726296,2.465061703,0.949774414,1.388957016,0.949007539,-0.984438631,0.152167457,-0.984696928,-1.019104652,-0.594841643,-1.017175357,-0.432980172,0,1,0,0,0,0,0,0,0,0,0,0,0,0,0,0,0,0,0,0,0,0,0,0,0,0,0,0,0,0,0,0,0,0,0,0,0,0,0,0,0,0,0,0,0,0,0,0,0,0,0
-0.668332114,415,0,1,0.800763042,0.603854033,-0.525923949,0.587593519,0.828881888,-0.647393275,0.828114749,0.299008134,0.100617902,0.300562701,1.023700062,-0.594841643,1.027081316,1.849393659,0,0,0,0,1,0,0,0,0,0,0,0,0,0,0,0,0,0,0,0,0,0,0,0,0,0,0,0,0,0,0,0,0,0,0,0,0,0,0,0,0,0,0,0,0,0,0,0,0,0,0
0.660496413,408,0,1,1.167222057,-2.382492975,1.24491722,-2.321860488,2.112357534,-0.498392034,2.112896955,-0.861816329,-1.394319182,-0.862074985,0.66531327,0.629250074,0.668672678,-1.19377145,0,0,0,0,0,0,0,0,0,0,0,0,0,0,0,0,0,0,0,1,0,0,0,0,0,0,0,0,0,0,0,0,0,0,0,0,0,0,0,0,0,0,0,0,0,0,0,0,0,0,0
1.363993868,415,0,0,-0.591781216,0.970736823,0.081221595,0.944775907,-0.805182081,1.786293658,-0.805123148,0.041501299,0.461464785,0.041694154,0.808667987,-1.002872215,0.814691012,-1.19377145,0,0,0,0,0,0,0,0,0,1,0,0,0,0,0,0,0,0,0,0,0,0,0,0,0,0,0,0,0,0,0,0,0,0,0,0,0,0,0,0,0,0,0,0,0,0,0,0,0,0,0
-0.095111965,408,0,1,1.753556482,-1.769049171,-0.677710335,-1.723919085,1.52401391,0.643950812,1.52502613,-0.324321903,0.358365676,-0.326171676,-0.589040502,0.629250074,-0.592394749,0.327811105,1,0,0,0,0,0,0,0,0,0,0,0,0,0,0,0,0,0,0,0,0,0,0,0,0,0,0,0,0,0,1,0,0,0,0,0,0,0,0,0,0,0,0,0,0,0,0,0,0,0,0
0.373886338,408,0,0,-0.591781216,-0.650648409,1.396703606,-0.634286738,-1.903289187,-1.293065318,-1.902640051,-0.068858773,0.203717012,-0.067303129,0.306926478,-0.186811071,0.310264041,0.327811105,0,0,0,0,0,0,0,0,0,0,0,0,0,0,0,1,0,0,0,0,0,0,0,0,0,0,0,0,0,0,0,0,0,0,0,0,0,0,0,0,0,0,0,0,0,0,0,0,0,0,0
-2.17954887,415,1,0,-0.591781216,-0.333077822,0.890748986,-0.324577959,0.583067087,-0.448724953,0.583958721,2.690143029,-0.311778535,2.689419822,1.202893458,-0.594841643,1.199648437,-1.19377145,1,0,0,0,0,0,0,0,0,0,0,0,0,0,0,0,0,0,0,1,0,0,0,0,0,0,0,0,0,0,0,0,0,0,0,0,0,0,0,0,0,0,0,0,0,0,0,0,0,0,0
0.113331725,415,0,1,0.874054845,0.142291814,0.688367139,0.137724562,1.121038825,-0.448724953,1.122050161,2.73101713,0.203717012,2.730293803,-0.481524464,-1.002872215,-0.486199598,-0.432980172,0,0,0,0,0,0,0,0,0,0,0,0,0,0,0,0,0,0,0,0,0,0,0,0,0,0,0,0,0,0,1,0,0,0,0,0,0,0,0,0,0,0,0,0,0,0,0,0,0,0,0
0.530219106,415,0,0,-0.591781216,-1.845976207,-0.019969329,-1.79852047,1.191559465,0.643950812,1.19079312,-1.084580178,-1.085021854,-1.084611105,-0.409847106,1.85334179,-0.406553234,0.327811105,0,0,0,0,0,0,0,0,0,0,0,0,0,0,0,0,0,0,0,0,0,0,0,0,0,0,0,0,0,0,0,0,0,0,0,0,0,0,0,0,0,0,0,1,0,0,0,0,0,0,0
0.634440952,408,0,0,-0.591781216,0.643303796,-0.576519411,0.626024535,0.296954776,1.339289936,0.297134649,-0.291622623,-1.394319182,-0.289839249,0.378603837,-1.002872215,0.376636011,0.327811105,0,0,0,0,0,0,0,0,0,0,0,0,0,0,0,0,0,0,0,0,0,0,0,0,0,0,0,1,0,0,0,0,0,0,0,0,0,0,0,0,0,0,0,0,0,0,0,0,0,0,0
0.60838549,415,0,0,-0.591781216,0.004217646,-0.121160253,-0.551773085,-1.613147126,0.941953294,-1.613445533,-0.986482336,-0.981922745,-0.984696928,-0.374008427,-1.002872215,-0.380004446,0.327811105,0,0,0,0,0,0,1,0,0,0,0,0,0,0,0,0,0,0,0,0,0,0,0,0,0,0,0,0,0,0,0,0,0,0,0,0,0,0,0,0,0,0,0,0,0,0,0,0,0,0,0
0.582330029,510,0,1,1.753556482,0.004217646,-1.183664955,0.626024535,1.024324804,-1.094396997,1.024861839,0.155948781,-0.775724527,0.15523299,-1.305814086,-1.002872215,-1.309212024,1.088602382,0,0,0,0,0,0,0,0,0,0,0,0,0,0,0,0,0,0,1,0,0,0,0,0,0,0,0,0,0,0,0,0,0,0,0,0,0,0,0,0,0,0,0,0,0,0,0,0,0,0,0
0.60838549,415,0,0,-0.591781216,1.079223669,-1.993192347,1.051026364,-0.430415252,0.544616652,-0.430592542,1.725514251,0.873861222,1.726610488,0.056055724,0.629250074,0.058050555,1.088602382,0,0,0,0,0,0,0,0,0,0,0,0,0,0,0,0,0,0,0,0,0,0,0,0,0,0,0,0,0,0,0,0,0,1,0,0,0,0,0,0,0,0,0,0,0,0,0,0,0,0,0
0.842884642,510,0,0,-0.591781216,-0.056929486,-0.424733025,-0.055560844,-0.265195467,-0.150722472,-0.264661261,-0.087252119,-0.621075863,-0.085469343,-1.341652765,-0.594841643,-1.335760812,0.327811105,0,0,0,0,0,0,0,0,0,0,0,0,0,0,0,0,0,0,0,0,0,0,0,0,0,0,0,0,0,0,0,0,0,0,0,0,0,0,0,0,0,0,0,0,0,0,0,0,0,1,0
-2.59643625,415,0,1,1.313805663,-0.652620897,-1.639024113,-0.636547386,-0.561382155,-1.64073488,-0.56096712,-0.557304278,0.667663003,-0.557790903,-0.087298993,-1.002872215,-0.087967778,-0.432980172,0,0,0,0,0,0,0,0,0,0,0,0,0,0,0,0,0,0,0,0,0,0,0,0,0,0,0,0,0,0,0,0,0,0,0,0,0,0,0,0,1,0,0,0,0,0,0,0,0,0,0
0.165442648,415,0,0,-0.591781216,1.594043068,0.384794367,1.552890225,-1.979854454,0.494949571,-1.980864798,-1.4585782,2.471897416,-1.457018488,-0.158976351,0.221219501,-0.154339748,-0.432980172,0,0,0,0,0,0,0,0,0,0,0,0,0,0,0,0,1,0,0,0,0,0,0,0,0,0,0,0,0,0,0,0,0,0,0,0,0,0,0,0,0,0,0,0,0,0,0,0,0,0,0
-0.251444733,415,0,1,0.874054845,-0.662483337,-0.121160253,-0.645589978,1.546177539,0.19694709,1.546360152,-1.295081797,-0.002481207,-1.293522564,-1.449168803,-0.594841643,-1.455230358,-0.432980172,0,0,0,0,0,0,0,0,0,0,0,0,0,0,0,0,0,0,0,0,0,0,0,0,0,0,0,0,0,0,0,0,0,0,1,0,0,0,0,0,0,0,0,0,0,0,0,0,0,0,0
2.015380401,408,1,0,-0.591781216,-1.088540771,1.700276378,-1.060418891,-1.198082789,-1.094396997,-1.198617329,1.371953279,0.667663003,1.372369318,0.414442516,-1.002872215,0.416459193,0.327811105,1,0,0,0,0,0,0,0,0,0,0,0,0,0,0,0,0,0,0,0,0,0,1,0,0,0,0,0,0,0,0,0,0,0,0,0,0,0,0,0,0,0,0,0,0,0,0,0,0,0,0
0.582330029,415,0,0,-0.591781216,0.58610164,-2.600337891,0.570638659,0.74022737,0.842619133,0.740408214,0.779278818,-0.105580316,0.777425815,-0.158976351,2.669402934,-0.154339748,-0.432980172,0,0,0,0,0,0,0,0,0,0,0,0,0,0,0,0,0,0,0,1,0,0,0,0,0,0,0,0,0,0,0,0,0,0,0,0,0,0,0,0,0,0,0,0,0,0,0,0,0,0,0
1.80693671,415,0,0,-0.591781216,2.091110073,-2.853315201,2.036668902,-0.668170552,2.1836303,-0.667637229,1.204369466,-0.157129871,1.20433184,-0.553201823,-0.186811071,-0.552571568,-0.432980172,1,0,0,0,0,0,0,0,0,0,0,0,0,0,0,0,0,0,0,0,0,0,0,0,0,0,0,0,0,0,0,0,0,0,0,0,0,0,0,0,0,0,0,0,1,0,0,0,0,0,0
0.894995565,415,0,0,-0.591781216,0.221191339,-2.853315201,0.214586595,-0.791077953,0.445282491,-0.790900467,0.63008835,-0.002481207,0.632096104,-0.66071786,-1.002872215,-0.658766719,-0.432980172,0,0,0,0,0,0,0,0,0,0,0,1,0,0,0,0,0,0,0,0,0,0,0,0,0,0,0,0,0,0,0,0,0,0,0,0,0,0,0,0,0,0,0,0,0,0,0,0,0,0,0
0.868940103,415,0,1,3.072808937,0.574266712,1.49789453,0.559335419,-1.365317449,0.19694709,-1.364548611,-1.315518847,0.358365676,-1.316230331,0.306926478,-0.186811071,0.310264041,0.327811105,0,0,0,0,0,0,0,0,0,0,0,0,0,0,0,0,0,0,0,0,0,0,0,0,0,0,0,0,0,0,0,0,0,0,0,0,0,1,0,0,0,0,0,0,0,0,0,0,0,0,0
-0.19933381,415,0,0,-0.591781216,1.803126808,0.030626133,1.756348547,0.74022737,1.637292418,0.740408214,-1.137716509,0.152167457,-1.139109746,-0.66071786,0.629250074,-0.658766719,-0.432980172,1,0,0,0,0,0,1,0,0,0,0,0,0,0,0,0,0,0,0,0,0,0,0,0,0,0,0,0,0,0,0,0,0,0,0,0,0,0,0,0,0,0,0,0,0,0,0,0,0,0,0
0.973161949,415,0,0,-0.591781216,1.205462909,0.182412519,1.174231681,-1.1315919,-0.399057873,-1.132244817,-1.540326402,-0.105580316,-1.538766451,0.486119874,-1.410902787,0.482831163,-1.19377145,0,0,0,1,0,0,0,0,0,0,0,0,0,0,0,0,0,0,0,0,0,0,0,0,0,0,0,0,0,0,0,0,0,0,0,0,0,0,0,0,0,0,0,0,0,0,0,0,0,0,0
1.520326636,510,0,0,-0.591781216,-1.279872118,-0.121160253,-1.246922352,-0.162436821,0.047945849,-0.162732045,1.183932416,0.40991523,1.186165626,0.70115195,0.221219501,0.695221466,-1.19377145,0,0,0,0,0,0,0,0,0,0,0,0,0,0,0,0,0,0,0,0,0,0,0,0,0,0,0,0,0,0,0,0,0,0,0,0,0,1,0,0,0,0,0,0,0,0,0,0,0,0,0
-0.016945581,415,0,1,1.900140088,-0.80647497,-1.031878569,-0.785750156,-1.181963785,0.395615411,-1.182024201,-0.352933774,-1.188120964,-0.353420997,0.557797233,1.037280646,0.562477527,-0.432980172,0,0,0,0,0,0,0,0,1,0,0,0,0,0,0,0,0,0,0,0,0,0,0,0,0,0,0,0,0,0,0,0,0,0,0,0,0,0,0,0,0,0,0,0,0,0,0,0,0,0,0
1.285827484,408,0,1,1.387097466,0.593991593,0.587176215,0.578550927,-0.92002998,-0.995062836,-0.918904598,1.030654538,0.564563894,1.031752808,-1.090782011,0.629250074,-1.096821721,-1.19377145,0,0,0,0,0,0,0,0,0,0,0,0,0,0,0,0,0,0,0,1,0,0,0,0,0,0,0,0,0,0,0,0,0,0,0,0,0,0,0,0,0,0,0,0,0,0,0,0,0,0,0
-1.658439643,408,0,0,-0.591781216,-0.883402006,-0.121160253,-0.861481864,0.961863666,1.488291177,0.960859774,0.717967667,0.667663003,0.71838562,1.59711893,-1.002872215,1.597880257,1.088602382,0,0,0,0,0,0,1,0,0,0,0,0,0,0,0,0,0,0,0,0,0,0,0,0,0,0,0,0,0,0,0,0,0,0,0,0,0,0,0,0,0,0,0,0,0,0,0,0,0,0,0
-1.762661489,415,1,0,-0.591781216,-0.309407965,-0.070564791,-0.301971479,-0.958312613,0.097612929,-0.959202195,-1.579156797,0.203717012,-1.579640432,-1.377491444,-0.186811071,-1.375583994,-1.19377145,0,0,1,0,0,0,0,0,0,0,0,0,0,0,0,0,0,0,0,0,0,0,0,0,0,0,0,0,0,0,0,0,0,0,0,0,0,0,0,0,0,0,0,0,0,0,0,0,0,0,0
-1.18944134,415,0,0,-0.591781216,1.29816985,1.49789453,1.264657602,-0.160421945,-2.286406923,-0.160361598,-1.213333595,-0.878823636,-1.211774601,-0.409847106,-0.186811071,-0.406553234,-0.432980172,0,0,0,0,0,0,0,0,0,0,0,0,0,0,0,0,0,0,0,0,0,0,0,0,0,0,0,0,0,0,0,0,0,0,0,0,0,0,0,0,0,1,0,0,0,0,0,0,0,0,0
0.165442648,408,0,0,-0.591781216,-1.755241754,-0.525923949,-1.710355197,0.137779618,0.445282491,0.138314708,-0.647227299,-0.208679425,-0.648621972,-1.664200878,0.221219501,-1.667620662,0.327811105,0,0,0,0,0,0,1,0,0,0,0,0,0,0,0,0,0,0,0,0,0,0,0,0,0,0,0,0,0,0,0,0,0,0,0,0,0,0,0,0,0,0,0,0,0,0,0,0,0,0,0
-0.59016573,408,0,0,-0.591781216,-1.402166381,0.384794367,-1.366736698,0.186136628,1.289622856,0.185723646,0.440023781,0.873861222,0.441350858,-0.839911256,0.221219501,-0.844608235,-0.432980172,1,0,0,0,0,0,0,0,0,0,0,0,0,0,0,0,0,0,0,0,0,0,0,0,0,1,0,0,0,0,0,0,0,0,0,0,0,0,0,0,0,0,0,0,0,0,0,0,0,0,0
-0.407777501,408,0,1,0.654179436,-1.772994147,-0.627114873,-1.727310058,0.655602602,-1.243398238,0.655072127,-0.722844386,0.822311667,-0.721286828,-0.338169747,1.037280646,-0.340181264,1.849393659,1,0,0,0,0,0,0,0,0,0,0,0,0,0,0,0,0,0,0,0,0,0,0,0,0,0,1,0,0,0,0,0,0,0,0,0,0,0,0,0,0,0,0,0,0,0,0,0,0,0,0
-1.033108572,415,0,1,0.50759583,1.43427153,0.283603443,1.396905511,-0.259150841,-1.541400719,-0.259920367,1.196194646,1.904852315,1.195248733,-0.087298993,-0.594841643,-0.087967778,0.327811105,0,0,0,0,0,0,0,0,0,0,0,0,0,0,0,0,0,0,0,0,0,0,0,0,0,0,0,0,0,0,0,0,0,0,0,0,0,0,0,0,0,0,0,0,0,0,0,0,0,0,0
-0.095111965,415,0,1,1.753556482,0.07325473,-0.323542101,0.071035445,1.378942879,0.991620374,1.378058424,0.049676119,-3.198553595,0.050777261,-1.269975407,-0.186811071,-1.269388842,2.610184936,0,0,0,0,0,0,0,0,1,0,0,0,0,0,0,0,0,0,0,0,0,0,0,0,0,0,0,0,0,0,0,0,0,0,0,0,0,0,0,0,0,0,0,0,0,0,0,0,0,0,0
0.921051026,408,1,0,-0.591781216,0.07325473,0.131817057,0.071035445,-1.183978661,0.643950812,-1.184394648,-0.013678737,1.131608995,-0.012804488,0.056055724,1.85334179,0.058050555,0.327811105,0,0,0,0,0,0,0,0,0,0,0,0,0,0,0,0,0,0,0,0,0,0,0,0,0,0,0,0,0,0,0,0,0,0,0,1,0,0,0,0,0,0,0,0,0,0,0,0,0,0,0
0.894995565,408,0,0,-0.591781216,-0.482986919,-0.019969329,-0.47152008,-1.304871186,-0.796394515,-1.305287439,-0.336584134,-0.930373191,-0.335254783,-2.309297104,1.85334179,-2.304791572,1.088602382,0,0,0,0,0,0,0,0,0,0,0,0,0,0,0,0,0,0,0,0,0,0,0,1,0,0,0,0,0,0,0,0,0,0,0,0,0,0,0,0,0,0,0,0,0,0,0,0,0,0,0
-0.355666578,415,0,1,0.800763042,-0.273903178,1.093130834,-0.266931434,-0.27728472,-0.548059114,-0.276513495,0.993867847,-1.136571409,0.995420381,-3.671166913,-1.818933359,-3.672054152,-0.432980172,0,0,0,0,1,0,0,0,0,0,0,0,0,0,0,0,0,0,0,0,0,0,0,0,0,0,0,0,0,0,0,0,0,0,0,0,0,0,0,0,0,0,0,0,0,0,0,0,0,0,0
1.233716562,415,0,0,-0.591781216,1.964870834,0.182412519,1.913463585,0.018901968,-0.647393275,0.019792364,1.629460114,-0.054030762,1.631237865,-0.839911256,-1.002872215,-0.844608235,0.327811105,1,0,0,0,0,0,0,0,0,0,0,0,0,0,0,0,0,0,0,0,0,0,0,0,0,0,0,0,0,0,0,0,0,1,0,0,0,0,0,0,0,0,0,0,0,0,0,0,0,0,0
-0.043001042,415,0,0,-0.591781216,-0.110186665,0.081221595,-0.107555748,-2.046345343,0.892286214,-2.047237311,0.215216227,1.337807214,0.214273185,-0.911588615,-1.002872215,-0.910980205,0.327811105,0,0,0,0,0,0,0,0,0,0,0,0,0,0,0,0,0,0,0,0,0,0,0,0,0,0,0,0,0,0,0,0,0,0,0,0,0,0,0,0,1,0,0,0,0,0,0,0,0,0,0
0.582330029,415,0,0,-0.591781216,-0.078626855,-1.133069493,-0.077037,-0.323626855,-0.200389552,-0.323922433,-0.902690429,-0.414877644,-0.902948966,-0.409847106,-1.002872215,-0.406553234,0.327811105,0,0,0,0,0,0,0,0,0,0,0,0,0,0,0,0,0,0,0,0,0,0,0,0,0,0,0,0,0,0,0,0,0,0,0,0,0,0,0,0,0,0,0,0,0,0,0,0,0,1,0
0.686551874,415,1,0,-0.591781216,1.515143543,-0.677710335,1.476028192,0.43195143,0.047945849,0.432250121,-0.906777839,1.131608995,-0.90749052,0.987861383,-0.594841643,0.987258134,-0.432980172,0,0,0,0,0,0,0,0,0,0,0,0,0,0,0,0,0,0,0,0,0,0,0,0,0,0,0,0,0,0,0,0,1,0,0,0,0,0,0,0,0,0,0,0,0,0,0,0,0,0,0
1.311882946,415,0,0,-0.591781216,-0.187113701,-0.576519411,-0.183287457,-0.265195467,-0.846061596,-0.264661261,-1.667036114,-0.002481207,-1.665929948,-2.130103708,-0.594841643,-2.132224451,-1.19377145,0,0,0,0,0,0,0,0,0,0,0,0,0,0,0,0,0,0,0,0,0,0,0,0,0,0,0,0,0,0,0,0,0,0,0,0,0,0,0,0,0,0,0,0,0,0,0,0,0,0,1
2.19776863,408,0,0,-0.591781216,-0.790695065,-0.424733025,-0.771055943,0.998131424,0.743284973,0.998786924,-0.878165969,-1.085021854,-0.880241199,0.199410441,-0.186811071,0.204068889,-0.432980172,0,0,0,0,1,0,0,0,0,0,0,0,0,0,0,0,0,0,0,0,0,0,0,0,0,0,0,0,0,0,0,0,0,0,0,0,0,0,0,0,0,0,0,0,0,0,0,0,0,0,0
-1.111274956,510,0,0,-0.591781216,0.599909057,1.295512682,0.584202547,0.971938043,0.395615411,0.972712008,-0.867947444,-0.621075863,-0.866616538,1.489602892,-1.002872215,1.491685105,1.849393659,0,0,0,0,0,0,0,0,0,0,0,0,0,0,0,0,0,0,0,0,0,0,0,0,0,0,0,0,0,0,0,0,0,0,0,0,0,0,0,0,0,0,0,0,0,0,0,0,0,0,1
-1.111274956,408,0,0,-0.591781216,-0.1042692,0.587176215,-0.101904128,1.31245199,1.090954535,1.311685911,-0.381545644,-0.672625417,-0.380670318,-3.671166913,-1.818933359,-3.672054152,1.849393659,0,0,0,0,0,0,0,0,0,0,0,0,0,0,0,0,0,0,0,1,0,0,0,0,0,0,0,0,0,0,0,0,0,0,0,0,0,0,0,0,0,0,0,0,0,0,0,0,0,0,0
0.191498109,415,0,0,-0.591781216,0.609771498,0.840153524,0.593245139,-0.734661441,0.14728001,-0.734009742,0.006758313,-1.652066956,0.005361726,-0.302331068,0.221219501,-0.300358082,-1.19377145,0,0,0,0,0,0,0,0,0,0,0,0,0,0,0,0,0,0,0,0,0,0,0,0,0,0,0,0,0,0,0,0,0,0,0,0,0,0,0,0,0,0,0,0,1,0,0,0,0,0,0
-0.016945581,510,0,0,-0.591781216,-1.147715414,-0.627114873,-1.118065415,1.054547936,1.190288695,1.055677649,-0.109732874,1.028509886,-0.10817711,0.163571761,-0.186811071,0.164245707,-0.432980172,0,0,0,0,0,0,0,0,0,0,0,0,0,0,0,0,0,0,0,0,0,0,0,1,0,0,0,0,0,0,0,0,0,0,0,0,0,0,0,0,0,0,0,0,0,0,0,0,0,0,0
-0.538054807,415,0,0,-0.591781216,0.004217646,-1.689619575,-0.997120746,-0.384073117,0.594283732,-0.383183604,-0.077033594,-1.909814729,-0.076386236,2.02718308,-1.002872215,2.022660864,0.327811105,0,0,0,0,0,0,0,0,0,0,0,0,0,0,0,0,0,0,0,0,0,0,0,0,0,0,0,0,0,1,0,0,0,0,0,0,0,0,0,0,0,0,0,0,0,0,0,0,0,0,0
0.243609032,510,0,0,-0.591781216,-1.583635288,-1.942596885,-1.543067244,1.497820529,-0.697060355,1.498951214,0.225434752,-0.311778535,0.223356292,2.313892514,-0.594841643,2.314697531,0.327811105,0,0,0,0,0,0,0,0,0,0,0,0,0,0,0,0,0,1,0,0,0,0,0,0,0,0,0,0,0,0,0,0,0,0,0,0,0,0,0,0,0,0,0,0,0,0,0,0,0,0,0
1.754825788,408,0,0,-0.591781216,-0.321242893,1.700276378,-0.313274719,0.794629006,-0.647393275,0.794928492,-0.757587372,2.420347861,-0.757619255,0.486119874,-1.002872215,0.482831163,0.327811105,1,0,0,0,0,0,0,0,0,0,0,0,0,0,0,0,0,0,0,0,0,0,0,0,0,0,0,0,0,0,0,0,0,0,1,0,0,0,0,0,0,0,0,0,0,0,0,0,0,0,0
0.634440952,408,0,1,1.093930254,-1.167440295,0.182412519,-1.137280923,0.546799329,0.743284973,0.546031571,-0.869991149,-0.002481207,-0.871158092,-0.015621635,-0.594841643,-0.021595808,-0.432980172,0,0,0,0,0,1,0,0,0,0,0,0,0,0,0,0,0,0,0,0,0,0,0,0,0,0,0,0,0,0,0,0,0,0,0,0,0,0,0,0,0,0,0,0,0,0,0,0,0,0,0
1.80693671,510,0,0,-0.591781216,0.087062147,0.283603443,0.084599334,0.085392857,-1.491733639,0.086164877,0.474766767,1.698654096,0.473141733,-0.158976351,-0.594841643,-0.154339748,0.327811105,0,0,0,0,0,0,0,1,0,0,0,0,0,0,0,0,0,0,0,0,0,0,0,0,0,0,0,0,0,0,0,0,0,0,0,0,0,0,0,0,0,0,0,0,0,0,0,0,0,0,0
-0.772553959,510,0,0,-0.591781216,0.10481454,-0.829496721,0.101554194,0.641498474,1.438624096,0.640849446,-0.203743306,-0.930373191,-0.203549733,1.668796288,-0.186811071,1.664252227,1.088602382,0,0,0,0,0,0,0,0,0,0,0,0,0,0,0,0,0,0,0,0,0,0,0,0,0,0,0,0,0,0,0,0,0,0,0,0,0,0,0,0,0,0,0,0,0,0,0,0,0,0,0
0.60838549,415,0,0,-0.591781216,-0.370555096,0.435389829,-0.361878651,-1.137636526,2.580966942,-1.136985711,-1.648642769,-0.157129871,-1.647763734,0.952022704,3.077433506,0.947434952,-0.432980172,0,0,0,0,0,0,0,0,0,0,0,0,0,0,0,0,0,0,0,0,0,0,0,0,0,0,0,0,0,0,0,0,0,0,0,0,0,0,0,0,1,0,0,0,0,0,0,0,0,0,0
-0.850720343,415,0,0,-0.591781216,0.550596854,-1.639024113,0.535598614,1.02633968,1.140621615,1.027232286,-0.193524781,-0.002481207,-0.194466626,0.23524912,0.629250074,0.230617677,0.327811105,0,0,0,0,0,0,0,0,0,0,0,0,0,0,0,0,1,0,0,0,0,0,0,0,0,0,0,0,0,0,0,0,0,0,0,0,0,0,0,0,0,0,0,0,0,0,0,0,0,0,0
-0.069056504,510,1,0,-0.591781216,-0.419867299,-1.487237727,-0.40935226,2.134521163,-1.69040196,2.134230977,-1.162240969,-0.363328089,-1.161817513,-2.91855465,-0.186811071,-2.915413695,-0.432980172,0,0,0,0,0,0,0,0,0,0,0,0,0,0,1,0,0,0,0,0,0,0,0,0,0,0,0,0,0,0,0,0,0,0,0,0,0,0,0,0,0,0,0,0,0,0,0,0,0,0,0
-0.016945581,408,0,0,-0.591781216,-0.605281182,-1.386046803,-0.590204102,-1.403600082,-0.945395756,-1.402475761,0.767016588,-1.600517401,0.768342708,-0.589040502,-0.594841643,-0.592394749,0.327811105,1,0,0,0,0,0,0,1,0,0,0,0,0,0,0,0,0,0,0,0,0,0,0,0,0,0,0,0,0,0,0,0,0,0,0,0,0,0,0,0,0,0,0,0,0,0,0,0,0,0,0
0.921051026,510,0,0,-0.591781216,0.489449723,-1.892001423,0.476821766,0.163972998,-0.250056632,0.164389624,0.468635652,0.976960331,0.468600179,-0.158976351,-1.002872215,-0.154339748,-1.19377145,0,0,0,0,0,0,0,1,0,0,0,0,0,0,0,0,0,0,0,0,0,0,0,0,0,0,0,0,0,0,0,0,0,0,0,0,0,0,0,0,0,0,0,0,0,0,0,0,0,0,0
-1.476051414,408,0,0,-0.591781216,2.152257205,-0.728305797,2.096576075,-0.498921016,-0.647393275,-0.499335501,0.292877018,0.306816121,0.291479594,-0.266492389,-1.002872215,-0.2605349,-1.19377145,1,0,0,0,0,0,0,0,0,0,0,0,0,0,0,0,0,0,0,0,0,0,0,0,0,0,0,0,0,0,0,0,0,0,0,0,1,0,0,0,0,0,0,0,0,0,0,0,0,0,0
-0.121167426,415,0,1,2.339890906,-1.402166381,-0.525923949,-1.366736698,0.115615988,2.680301103,0.114610239,-1.528064171,0.925410777,-1.529683344,1.1312161,-0.186811071,1.133276468,-1.19377145,0,0,0,0,0,0,0,0,0,0,0,0,0,0,0,0,0,1,0,0,0,0,0,0,0,0,0,0,0,0,0,0,0,0,0,0,0,0,0,0,0,0,0,0,0,0,0,0,0,0,0
-1.99716064,415,0,0,-0.591781216,-0.463262038,0.182412519,-0.452304572,-2.229699006,0.047945849,-2.22976172,0.082375399,0.822311667,0.082568135,-1.054943331,0.221219501,-1.056998539,-0.432980172,0,0,0,0,0,0,0,0,0,0,0,1,0,0,0,0,0,0,0,0,0,0,0,0,0,0,0,0,0,0,0,0,0,0,0,0,0,0,0,0,0,0,0,0,0,0,0,0,0,0,0
-0.016945581,415,0,1,1.680264679,0.897754763,-0.576519411,0.873565494,1.131113202,0.842619133,1.131531949,0.993867847,-0.672625417,0.995420381,0.450281195,-1.410902787,0.456282375,1.849393659,0,0,0,0,0,0,0,0,0,0,0,0,0,0,0,0,0,0,0,0,0,0,0,0,0,0,0,0,0,0,0,0,0,0,0,0,0,0,0,0,1,0,0,0,0,0,0,0,0,0,0
0.425997261,415,1,0,-0.591781216,2.124642371,0.890748986,2.069448298,1.187529714,-0.796394515,1.188422674,-0.978307516,-0.724174972,-0.980155375,-0.087298993,-0.594841643,-0.087967778,-0.432980172,1,0,0,0,0,0,0,0,0,0,1,0,0,0,0,0,0,0,0,0,0,0,0,0,0,0,0,0,0,0,0,0,0,0,0,0,0,0,0,0,0,0,0,0,0,0,0,0,0,0,0
0.947106487,415,0,1,0.800763042,-0.086516807,-0.222351177,-0.084949268,0.818807511,2.282964461,0.818632961,0.211128817,0.461464785,0.209731632,-0.875749935,-1.002872215,-0.871157023,-1.19377145,0,0,0,0,0,0,0,0,0,0,0,0,0,0,0,0,1,0,0,0,0,0,0,0,0,0,0,0,0,0,0,0,0,0,0,0,0,0,0,0,0,0,0,0,0,0,0,0,0,0,0
-0.147222888,415,0,0,-0.591781216,-0.42972974,0.131817057,-0.419525176,1.187529714,-0.498392034,1.188422674,0.591257954,0.873861222,0.591222123,1.346248175,-1.002872215,1.345666771,-1.19377145,0,0,0,0,0,0,0,0,0,0,0,0,0,0,0,0,0,0,0,0,0,0,0,0,0,0,0,0,0,0,0,0,0,0,0,0,0,0,0,0,0,0,0,0,1,0,0,0,0,0,0
1.155550178,415,0,0,-0.591781216,1.304087315,0.789558062,1.270309222,1.733560954,-0.448724953,1.733625455,0.809934393,0.770762113,0.809216689,-0.445685785,3.485464078,-0.446376416,-0.432980172,1,0,0,0,0,0,0,0,0,0,0,0,0,0,0,0,0,0,0,0,0,0,0,0,0,0,0,0,1,0,0,0,0,0,0,0,0,0,0,0,0,0,0,0,0,0,0,0,0,0,0
-1.163385879,415,1,0,-0.591781216,-0.039177093,0.688367139,-0.038605984,0.300984527,0.494949571,0.301875542,0.728186192,-1.70361651,0.727468727,0.091894403,0.221219501,0.097873737,-0.432980172,0,0,0,0,0,0,0,0,0,0,0,0,0,0,0,0,0,1,0,0,0,0,0,0,0,0,0,0,0,0,0,0,0,0,0,0,0,0,0,0,0,0,0,0,0,0,0,0,0,0,0
0.842884642,408,0,0,-0.591781216,-1.220697474,-0.019969329,-1.189275828,-0.029455043,0.24661417,-0.02998702,0.879420365,0.976960331,0.877339991,0.557797233,-0.186811071,0.562477527,-1.19377145,1,0,0,0,0,0,0,0,0,0,0,0,0,0,0,0,0,0,0,0,0,0,0,0,0,0,0,0,0,0,0,0,0,0,0,1,0,0,0,0,0,0,0,0,0,0,0,0,0,0,0
-1.241552263,415,0,0,-0.591781216,-1.1832202,0.637771677,-1.153105459,-0.220868208,-0.796394515,-0.221993217,1.126708674,0.40991523,1.127125431,0.952022704,1.037280646,0.947434952,0.327811105,0,0,0,0,0,0,0,0,0,0,0,0,0,0,0,0,0,0,0,0,0,0,0,0,0,0,0,0,0,0,0,0,0,0,0,0,0,0,0,0,0,0,0,1,0,0,0,0,0,0,0
0.582330029,415,0,0,-0.591781216,1.233077742,-0.677710335,1.200229133,0.512546447,0.047945849,0.512845314,1.380128099,1.080059441,1.381452425,-0.732395219,-0.594841643,-0.738413083,2.610184936,1,0,0,0,0,0,0,0,0,0,0,0,0,0,0,0,0,0,0,0,0,0,0,0,0,0,0,0,0,0,0,0,0,0,0,0,0,0,0,0,0,0,0,0,0,0,0,0,0,0,1
-1.007053111,408,0,0,-0.591781216,-1.00569627,0.536580753,-0.980165886,-0.627873044,0.19694709,-0.627339633,-0.15265068,-0.157129871,-0.153592645,0.020217045,0.221219501,0.018227373,-0.432980172,0,0,0,0,0,0,0,0,0,0,0,0,0,0,0,0,0,0,0,0,0,0,0,0,0,0,0,0,0,0,0,0,0,0,0,0,0,0,0,0,0,0,0,0,0,0,0,0,0,1,0
-1.18944134,415,0,1,0.874054845,0.552569342,-0.475328487,0.537859262,-0.019380665,0.643950812,-0.020505233,0.315357774,0.51301434,0.314187362,-1.054943331,-1.410902787,-1.056998539,-0.432980172,0,0,0,0,0,0,0,0,0,0,0,0,0,0,0,0,0,0,0,0,0,0,1,0,0,0,0,0,0,0,0,0,0,0,0,0,0,0,0,0,0,0,0,0,0,0,0,0,0,0,0
0.634440952,415,0,0,-0.591781216,1.0575263,-1.790810499,1.029550207,0.184121752,-0.349390793,0.183353199,0.194779177,0.461464785,0.196106972,-0.409847106,-0.186811071,-0.406553234,-0.432980172,0,0,0,0,0,0,0,0,0,0,0,0,0,0,0,0,0,0,0,0,0,0,0,0,0,0,0,0,0,0,0,0,0,0,1,0,0,0,0,0,0,0,0,0,0,0,0,0,0,0,0
-2.59643625,415,0,0,-0.591781216,0.047612385,0.283603443,0.046168317,-1.325019941,0.29628125,-1.324251014,-0.996700861,-1.291220073,-0.998321589,-0.087298993,-0.594841643,-0.087967778,2.610184936,1,0,0,0,0,0,0,0,0,0,0,0,0,0,0,0,0,0,0,0,0,0,0,0,0,0,0,0,0,0,0,0,0,0,0,0,0,0,0,0,0,0,0,1,0,0,0,0,0,0,0
-0.069056504,415,0,1,2.046723694,-0.23050844,-0.981283107,-0.225109446,-0.754810195,1.239955775,-0.755343764,-0.579785033,1.028509886,-0.58049867,-0.804072577,-1.002872215,-0.804785053,3.370976214,1,0,0,0,0,0,0,0,0,0,0,0,0,0,0,0,0,1,0,0,0,0,0,0,0,0,0,0,0,0,0,0,0,0,0,0,0,0,0,0,0,0,0,0,0,0,0,0,0,0,0
0.113331725,415,0,0,-0.591781216,1.418491625,-0.627114873,1.381080975,-0.51504002,0.14728001,-0.515928629,-0.340671544,0.616113449,-0.339796337,-1.735878236,0.221219501,-1.733992631,-0.432980172,0,0,0,0,0,0,0,0,0,0,0,0,0,0,0,0,0,0,0,0,0,0,0,0,0,0,0,0,0,0,0,0,0,0,0,0,0,0,0,0,0,1,0,0,0,0,0,0,0,0,0
-0.043001042,408,0,0,-0.591781216,1.513171055,-2.853315201,1.473767544,0.278820897,0.24661417,0.278171074,0.666875041,-1.291220073,0.668428532,-0.839911256,-1.410902787,-0.844608235,1.088602382,1,0,0,0,0,0,0,0,0,0,0,0,0,0,0,0,0,0,0,0,0,0,0,0,0,0,0,0,0,0,0,0,0,0,0,0,0,1,0,0,0,0,0,0,0,0,0,0,0,0,0
1.989324939,408,0,0,-0.591781216,0.949039454,-0.981283107,0.924430074,-0.783018451,-0.150722472,-0.783789126,0.325576299,0.306816121,0.323270468,-0.804072577,0.221219501,-0.804785053,-0.432980172,0,0,0,0,0,0,0,0,0,0,0,0,0,0,0,0,0,0,0,0,0,0,0,0,0,0,0,0,0,0,0,0,0,0,0,0,0,0,0,0,0,0,0,0,0,0,0,0,0,1,0
1.546382097,415,0,0,-0.591781216,1.08908611,1.801467302,1.060068956,1.413195761,1.686959498,1.413615127,0.372581515,0.049068348,0.373227557,1.310409496,-1.002872215,1.305843589,-0.432980172,1,0,0,0,0,0,1,0,0,0,0,0,0,0,0,0,0,0,0,0,0,0,0,0,0,0,0,0,0,0,0,0,0,0,0,0,0,0,0,0,0,0,0,0,0,0,0,0,0,0,0
-0.277500194,415,0,1,1.020638451,-1.088540771,-0.323542101,-1.060418891,0.62537947,-0.498392034,0.624256317,0.431848961,0.40991523,0.432267752,-1.377491444,3.077433506,-1.375583994,-0.432980172,0,0,0,0,0,0,0,0,0,0,0,0,0,0,0,0,0,0,0,0,0,0,0,0,0,0,0,0,1,0,0,0,0,0,0,0,0,0,0,0,0,0,0,0,0,0,0,0,0,0,0
1.233716562,415,1,0,-0.591781216,1.061471276,-0.981283107,1.034071504,-0.261165716,-1.442066559,-0.262290814,-1.609812373,-0.157129871,-1.611431306,-0.23065371,-1.002872215,-0.233986112,-1.19377145,1,0,0,0,0,0,0,0,0,0,0,0,0,0,0,0,0,0,0,0,0,0,1,0,0,0,0,0,0,0,0,0,0,0,0,0,0,0,0,0,0,0,0,0,0,0,0,0,0,0,0
1.2076611,415,0,1,1.973431891,0.347430578,1.700276378,0.337791912,-1.200097664,-0.051388311,-1.200987776,0.225434752,-0.517976753,0.223356292,-0.051460314,-0.186811071,-0.048144596,0.327811105,1,0,0,0,0,0,0,0,0,0,0,0,0,0,0,0,0,0,0,0,0,0,0,0,0,0,1,0,0,0,0,0,0,0,0,0,0,0,0,0,0,0,0,0,0,0,0,0,0,0,0
-0.538054807,415,0,0,-0.591781216,-0.555968979,-0.576519411,-0.541600169,-1.389495954,-1.094396997,-1.390623526,0.699574321,1.595554987,0.700219406,0.557797233,-0.186811071,0.562477527,-1.19377145,0,0,0,0,0,0,0,0,0,0,0,0,0,0,0,0,0,0,0,0,0,0,0,0,0,0,0,0,0,0,0,0,0,0,0,0,0,0,0,0,0,0,0,0,0,0,0,0,0,1,0
0.556274568,415,1,0,-0.591781216,-0.658538361,0.840153524,-0.642199006,0.363445665,-0.349390793,0.363507161,0.713880257,-0.157129871,0.713844066,0.450281195,0.221219501,0.456282375,-0.432980172,0,0,1,0,0,0,0,0,0,0,0,0,0,0,0,0,0,0,0,0,0,0,0,0,0,0,0,0,0,0,0,0,0,0,0,0,0,0,0,0,0,0,0,0,0,0,0,0,0,0,0
0.816829181,408,0,0,-0.591781216,0.30403584,-0.019969329,0.295969924,-1.044952257,-0.250056632,-1.044538283,0.478854177,0.873861222,0.477683286,-1.269975407,-1.002872215,-1.269388842,-1.19377145,0,0,0,0,0,0,0,0,0,0,0,0,0,0,0,0,0,0,0,0,0,0,0,0,0,0,1,0,0,0,0,0,0,0,0,0,0,0,0,0,0,0,0,0,0,0,0,0,0,0,0
-0.459888423,510,0,0,-0.591781216,0.5762392,-1.487237727,0.560465743,0.284865524,-0.399057873,0.285282414,0.957081156,0.40991523,0.959087953,0.987861383,0.221219501,0.987258134,-0.432980172,0,0,0,0,0,0,0,0,0,0,0,0,0,0,0,0,0,0,0,0,0,0,0,0,0,0,0,0,0,0,0,0,0,0,0,0,0,0,0,0,0,0,0,0,1,0,0,0,0,0,0
-0.043001042,408,0,0,-0.591781216,-0.867622102,0.334198905,-0.845657328,0.155913497,0.14728001,0.154907836,0.162079896,-0.26022898,0.159774544,-0.517363143,-0.594841643,-0.512748386,4.131767491,1,0,0,0,0,0,0,0,0,0,0,1,0,0,0,0,0,0,0,0,0,0,0,0,0,0,0,0,0,0,0,0,0,0,0,0,0,0,0,0,0,0,0,0,0,0,0,0,0,0,0
-0.433832962,415,0,0,-0.591781216,0.911562179,-0.728305797,0.887129382,1.509909782,0.24661417,1.510803449,0.006758313,0.40991523,0.005361726,1.453764213,-0.594841643,1.451861923,1.088602382,1,0,0,0,0,0,0,0,0,0,0,0,0,0,0,0,1,0,0,0,0,0,0,0,0,0,0,0,0,0,0,0,0,0,0,0,0,0,0,0,0,0,0,0,0,0,0,0,0,0,0
-1.423940492,415,0,0,-0.591781216,-1.133907997,-1.689619575,-1.105631851,-0.674215178,-1.889070281,-0.67474857,-0.12812622,-0.105580316,-0.126343324,-0.194815031,0.629250074,-0.19416293,-0.432980172,0,0,0,0,0,0,0,0,0,0,0,0,0,0,0,0,0,0,0,0,0,0,0,0,0,0,0,0,0,0,0,0,0,0,1,0,0,0,0,0,0,0,0,0,0,0,0,0,0,0,0
-0.355666578,510,0,0,-0.591781216,-0.520464193,0.283603443,-0.507690449,0.48030844,0.842619133,0.479659058,1.478225941,2.678095635,1.476825048,-0.481524464,0.221219501,-0.486199598,0.327811105,0,0,0,0,0,0,0,0,0,0,0,0,0,0,0,0,0,0,0,0,0,0,0,0,0,0,0,0,0,0,0,0,0,0,0,1,0,0,0,0,0,0,0,0,0,0,0,0,0,0,0
-0.720443036,408,0,0,-0.591781216,0.298118375,0.587176215,0.290318304,-0.674215178,-0.746727435,-0.67474857,-2.059427482,-2.012913838,-2.061045099,0.199410441,0.629250074,0.204068889,-0.432980172,0,0,0,0,0,0,0,0,0,0,0,0,0,0,0,0,1,0,0,0,0,0,0,0,0,0,0,0,0,0,0,0,0,0,0,0,0,0,0,0,0,0,0,0,0,0,0,0,0,0,0
-2.440103483,415,0,0,-0.591781216,0.532844461,-0.677710335,0.518643754,1.62072793,-0.846061596,1.619844005,-0.869991149,-1.188120964,-0.871158092,0.271087799,0.221219501,0.270440859,1.088602382,0,0,0,0,0,0,0,0,0,0,0,0,0,0,0,1,0,0,0,0,0,0,0,0,0,0,0,0,0,0,0,0,0,0,0,0,0,0,0,0,0,0,0,0,0,0,0,0,0,0,0
-0.303555655,415,0,1,0.287720421,0.163989183,0.233007981,0.159200718,-0.994580371,0.345948331,-0.994758898,0.016976838,1.647104542,0.018986387,0.091894403,-0.594841643,0.097873737,0.327811105,0,0,0,0,0,0,0,0,0,0,0,0,0,0,0,0,0,0,0,0,0,0,0,0,0,0,0,0,0,0,0,0,0,0,0,0,0,1,0,0,0,0,0,0,0,0,0,0,0,0,0
-0.016945581,408,1,0,-0.591781216,-1.131935509,-0.880092183,-1.103371203,-1.649414884,-0.299723713,-1.649002236,-1.086623883,-0.26022898,-1.084611105,1.238732138,-0.594841643,1.239471619,1.088602382,1,0,0,0,0,0,0,0,0,0,0,0,0,0,0,0,0,0,0,0,0,0,0,0,0,0,0,0,0,0,0,0,0,0,1,0,0,0,0,0,0,0,0,0,0,0,0,0,0,0,0
0.113331725,415,0,0,-0.591781216,1.57037321,-0.222351177,1.529153421,-0.513025144,-0.150722472,-0.513558183,0.435936371,-3.301652704,0.436809305,0.629474591,0.221219501,0.628849496,1.088602382,0,0,0,0,0,0,0,0,0,0,0,0,0,0,0,0,0,0,0,0,0,0,0,0,0,0,0,0,0,0,0,0,0,0,0,0,0,0,0,0,0,0,0,0,0,1,0,0,0,0,0
-1.39788503,415,0,1,1.460389269,0.004217646,0.435389829,-0.131292553,-1.270618304,-0.299723713,-1.269730736,0.055807234,0.461464785,0.055318814,-0.696556539,0.629250074,-0.698589901,-0.432980172,0,0,0,0,0,0,0,0,0,0,0,0,0,1,0,0,0,0,0,0,0,0,0,0,0,0,0,0,0,0,0,0,0,0,0,0,0,0,0,0,0,0,0,0,0,0,0,0,0,0,0
1.572437559,408,0,0,-0.591781216,0.333623161,-1.386046803,0.324228024,-0.613768916,-1.044729917,-0.613116951,-0.138344745,-1.085021854,-0.139967985,0.808667987,-0.594841643,0.814691012,-0.432980172,0,0,0,0,0,0,0,0,0,0,0,0,0,0,0,0,0,0,0,0,0,0,0,0,0,0,0,0,0,0,0,0,0,0,0,0,0,1,0,0,0,0,0,0,0,0,0,0,0,0,0
-0.824664882,415,0,1,1.680264679,0.300090863,-1.892001423,0.291448628,-0.182585575,-0.498392034,-0.18169562,-0.982394926,1.492455878,-0.980155375,1.059538742,-1.002872215,1.053630104,0.327811105,0,0,0,1,0,0,0,0,0,0,0,0,0,0,0,0,0,0,0,0,0,0,0,0,0,0,0,0,0,0,0,0,0,0,0,0,0,0,0,0,0,0,0,0,0,0,0,0,0,0,0
-0.355666578,408,0,1,1.606972875,1.639410294,0.688367139,1.596972861,0.305014278,1.488291177,0.304245989,-0.945608235,-0.621075863,-0.943822947,-0.875749935,-1.002872215,-0.871157023,-1.19377145,0,0,0,0,0,0,0,0,0,0,0,0,0,0,0,0,0,0,0,0,0,0,0,0,0,0,0,0,0,0,0,0,0,0,0,0,0,0,1,0,0,0,0,0,0,0,0,0,0,0,0
-0.772553959,415,0,0,-0.591781216,0.004217646,-1.537833189,0.604548379,1.04850331,1.090954535,1.048566308,0.505422343,0.203717012,0.504932607,0.736990629,-0.594841643,0.735044648,-1.19377145,0,0,0,0,0,1,0,0,0,0,0,0,0,0,0,0,0,0,0,0,0,0,0,0,0,0,0,0,0,0,0,0,0,0,0,0,0,0,0,0,0,0,0,0,0,0,0,0,0,0,0
-0.642276652,415,0,0,-0.591781216,0.479587282,-1.588428651,0.46664885,0.492397692,0.494949571,0.491511292,0.801759573,-0.775724527,0.800133582,-0.23065371,0.221219501,-0.233986112,-0.432980172,0,0,0,0,0,0,0,0,0,0,0,0,0,0,0,0,0,1,0,0,0,0,0,0,0,0,0,0,0,0,0,0,0,0,0,0,0,0,0,0,0,0,0,0,0,0,0,0,0,0,0
-0.355666578,510,0,0,-0.591781216,0.858305,0.435389829,0.835134477,-1.474120722,-0.697060355,-1.473589167,1.803175042,-0.878823636,1.803816897,1.525441571,-0.186811071,1.531508287,1.088602382,0,0,0,0,0,0,0,0,0,0,0,0,0,0,0,0,0,0,0,0,0,0,0,0,0,0,0,0,0,0,0,1,0,0,0,0,0,0,0,0,0,0,0,0,0,0,0,0,0,0,0
0.425997261,408,0,0,-0.591781216,-1.197027617,-0.930687645,-1.166669348,-0.265195467,0.395615411,-0.264661261,-0.240529997,-0.157129871,-0.239882161,0.450281195,-0.594841643,0.456282375,-0.432980172,0,0,0,0,0,0,0,0,0,0,0,0,0,0,1,0,0,0,0,0,0,0,0,0,0,0,0,0,0,0,0,0,0,0,0,0,0,0,0,0,0,0,0,0,0,0,0,0,0,0,0
1.989324939,415,0,0,-0.591781216,1.704502402,-0.475328487,1.660271006,0.494412568,-1.044729917,0.493881739,0.482941587,-2.167562502,0.48222484,-0.481524464,1.445311218,-0.486199598,1.088602382,1,0,0,0,0,0,0,0,0,0,0,0,0,0,0,0,0,0,0,0,0,0,0,0,0,0,0,0,0,0,0,0,0,0,0,0,0,0,0,0,0,0,0,0,0,0,0,1,0,0,0
-0.147222888,415,0,0,-0.591781216,-0.893264447,0.182412519,-0.870524457,-0.972416741,-0.250056632,-0.973424876,0.724098782,-1.0334723,0.722927173,-0.302331068,-0.594841643,-0.300358082,-0.432980172,0,0,0,0,0,0,0,0,0,0,0,0,0,0,0,0,0,0,0,0,0,0,0,0,0,0,0,0,0,0,0,0,0,0,0,0,0,0,0,0,0,0,0,0,0,0,0,0,0,1,0
-0.902831266,415,0,0,-0.591781216,-0.181196237,0.131817057,-0.176505513,1.080741316,-1.144064077,1.081752564,-0.077033594,1.95640187,-0.076386236,0.091894403,-1.002872215,0.097873737,0.327811105,0,0,0,0,0,0,0,0,0,0,0,0,0,0,0,0,0,0,0,0,0,0,0,0,0,0,0,0,0,0,0,0,0,0,0,1,0,0,0,0,0,0,0,0,0,0,0,0,0,0,0
0.243609032,415,0,0,-0.591781216,-0.023397188,1.194321758,-0.022781448,-1.08323489,2.03462906,-1.082465433,0.327620004,0.100617902,0.327812022,-0.123137672,1.037280646,-0.12779096,-0.432980172,0,0,0,0,0,0,0,0,0,0,0,0,0,0,0,0,0,0,0,0,0,0,0,0,1,0,0,0,0,0,0,0,0,0,0,0,0,0,0,0,0,0,0,0,0,0,0,0,0,0,0
0.842884642,408,0,1,2.266599103,1.187710516,0.334198905,1.156146497,1.070666939,-1.144064077,1.06990033,-1.47901525,-0.775724527,-1.479726256,-1.269975407,-0.594841643,-1.269388842,2.610184936,0,0,0,0,0,0,0,0,0,0,0,0,0,0,0,0,0,0,0,0,0,0,0,0,0,0,0,0,0,0,0,0,0,0,0,0,0,0,0,0,0,0,0,0,0,1,0,0,0,0,0
2.19776863,408,0,0,-0.591781216,-2.447585083,-0.171755715,-2.385158632,1.773858462,-0.846061596,1.773923052,-1.836663632,0.51301434,-1.838508979,0.66531327,-0.594841643,0.668672678,0.327811105,0,0,0,0,0,0,0,0,0,1,0,0,0,0,0,0,0,0,0,0,0,0,0,0,0,0,0,0,0,0,0,0,0,0,0,0,0,0,0,0,0,0,0,0,0,0,0,0,0,0,0
-0.016945581,510,0,0,-0.591781216,-1.378496524,-0.019969329,-1.342999893,-0.222883083,0.19694709,-0.221993217,0.11507468,-0.775724527,0.114359009,0.306926478,-0.594841643,0.310264041,-0.432980172,0,0,0,0,0,0,0,0,0,0,0,0,0,0,0,0,0,0,0,0,0,0,0,0,0,0,0,0,0,0,0,0,0,0,1,0,0,0,0,0,0,0,0,0,0,0,0,0,0,0,0
0.790773719,415,0,0,-0.591781216,0.323760721,-0.576519411,0.315185432,-0.305492976,-0.647393275,-0.304958858,0.999998962,1.647104542,0.999961934,-1.807555595,0.629250074,-1.813638995,0.327811105,0,0,0,0,0,0,0,0,0,0,0,0,0,0,0,0,0,0,0,0,0,0,0,0,0,0,0,0,0,0,0,0,0,0,0,0,0,0,0,0,0,0,0,0,0,0,0,0,0,1,0
1.363993868,510,0,0,-0.591781216,-0.254178297,1.346108144,-0.247715926,-1.151740654,1.041287454,-1.151208392,0.196822882,1.544005432,0.196106972,0.557797233,-0.186811071,0.562477527,-1.19377145,0,0,0,0,0,0,0,0,0,0,0,0,0,0,0,0,0,0,1,0,0,0,0,0,0,0,0,0,0,0,0,0,0,0,0,0,0,0,0,0,0,0,0,0,0,0,0,0,0,0,0
0.816829181,415,0,1,1.24051386,-1.311431928,-0.222351177,-1.278571425,1.395061883,0.345948331,1.394651552,0.572864609,-0.672625417,0.573055909,-1.12662069,1.037280646,-1.123370509,0.327811105,0,0,0,0,0,0,0,0,0,0,0,0,0,0,0,0,0,0,0,1,0,0,0,0,0,0,0,0,0,0,0,0,0,0,0,0,0,0,0,0,0,0,0,0,0,0,0,0,0,0,0
-0.016945581,408,0,0,-0.591781216,1.244912671,-0.525923949,1.212662697,0.673736481,-0.995062836,0.674035702,0.213172522,0.203717012,0.214273185,-1.520846161,-0.594841643,-1.521602328,2.610184936,0,1,0,0,0,0,0,0,0,0,0,0,0,0,0,0,0,0,0,0,0,0,0,0,0,0,0,0,0,0,0,0,0,0,0,0,0,0,0,0,0,0,0,0,0,0,0,0,0,0,0
-0.016945581,415,0,0,-0.591781216,-0.457344573,0.081221595,-0.445522628,-1.218231543,1.686959498,-1.217580904,0.538121623,0.564563894,0.536723481,0.70115195,-1.002872215,0.695221466,0.327811105,0,0,0,0,0,0,0,0,0,0,0,0,0,0,0,0,0,0,0,0,0,1,0,0,0,0,0,0,0,0,0,0,0,0,0,0,0,0,0,0,0,0,0,0,0,0,0,0,0,0,0
1.780881249,408,0,0,-0.591781216,1.716337331,0.233007981,1.671574246,-0.855553967,-0.597726194,-0.854902533,1.770475762,0.564563894,1.772026023,1.274570817,-0.594841643,1.279294801,1.088602382,1,0,0,0,0,0,0,0,0,0,0,0,0,0,0,0,0,0,0,0,0,0,0,0,0,0,0,0,0,0,0,0,0,0,0,0,0,0,0,0,0,0,0,1,0,0,0,0,0,0,0
0.686551874,415,0,1,1.093930254,0.045639896,-1.031878569,0.043907669,0.311058904,-0.746727435,0.31135733,-0.902690429,-0.930373191,-0.902948966,-0.158976351,-0.186811071,-0.154339748,-0.432980172,0,0,0,0,0,0,0,0,0,0,0,0,0,0,0,0,0,0,0,0,0,0,0,0,0,0,0,0,1,0,0,0,0,0,0,0,0,0,0,0,0,0,0,0,0,0,0,0,0,0,0
-0.016945581,415,0,1,1.826848285,-0.652620897,-0.677710335,-0.636547386,-1.730009901,-2.038071522,-1.729597429,0.39506227,-0.054030762,0.395935324,-2.631845216,1.037280646,-2.636651422,-1.19377145,0,0,0,0,0,0,0,0,0,0,0,0,0,0,0,0,0,0,1,0,0,0,0,0,0,0,0,0,0,0,0,0,0,0,0,0,0,0,0,0,0,0,0,0,0,0,0,0,0,0,0
0.061220803,510,0,1,1.973431891,-1.364689107,0.030626133,-1.329436005,0.153898621,-0.945395756,0.154907836,-2.323065432,-1.188120964,-2.324455199,1.310409496,-1.002872215,1.305843589,1.849393659,1,0,0,0,0,0,0,0,0,0,0,0,0,0,0,0,0,0,0,0,0,0,0,0,0,0,1,0,0,0,0,0,0,0,0,0,0,0,0,0,0,0,0,0,0,0,0,0,0,0,0
0.582330029,415,0,1,1.020638451,0.004217646,0.233007981,0.343443532,-2.431186549,-0.697060355,-2.431249704,-1.640467948,-0.930373191,-1.638680627,1.919667042,3.077433506,1.916465712,0.327811105,0,0,0,0,0,0,0,0,0,0,0,0,0,0,0,0,0,0,0,0,0,0,0,0,0,0,0,0,0,0,1,0,0,0,0,0,0,0,0,0,0,0,0,0,0,0,0,0,0,0,0
-0.59016573,510,0,1,1.753556482,0.603854033,0.789558062,0.587593519,-0.170496322,-0.846061596,-0.169843386,0.920294465,-0.414877644,0.918213972,0.199410441,-0.186811071,0.204068889,3.370976214,0,0,0,0,0,0,0,0,0,0,0,0,0,0,0,0,0,0,0,0,0,0,0,0,0,0,0,0,0,1,0,0,0,0,0,0,0,0,0,0,0,0,0,0,0,0,0,0,0,0,0
0.00910988,415,0,1,1.460389269,0.801102845,-0.222351177,0.779748601,1.715427075,-1.392399478,1.71466188,0.039457594,0.564563894,0.041694154,-0.302331068,0.629250074,-0.300358082,1.849393659,0,0,0,0,0,0,0,0,0,0,0,0,0,0,0,0,0,0,0,0,0,0,0,0,0,0,0,0,0,0,0,0,0,0,0,0,0,0,0,0,0,0,0,0,0,0,0,0,0,1,0
0.738662797,415,0,0,-0.591781216,-0.585556301,-0.121160253,-0.570988593,0.639483598,0.047945849,0.638478999,1.228893926,1.18315855,1.227039607,0.808667987,0.629250074,0.814691012,-0.432980172,0,0,0,0,0,0,0,0,0,0,0,0,0,0,0,0,0,0,0,0,0,0,0,0,0,0,0,0,0,0,0,0,0,1,0,0,0,0,0,0,0,0,0,0,0,0,0,0,0,0,0
-0.876775804,415,0,1,1.900140088,0.004217646,0.688367139,-0.346054115,0.139794493,0.743284973,0.140685155,0.09463763,0.719212558,0.096192795,-0.374008427,-0.186811071,-0.380004446,-1.19377145,0,0,0,0,0,0,0,0,0,0,0,0,0,0,0,0,0,0,0,1,0,0,0,0,0,0,0,0,0,0,0,0,0,0,0,0,0,0,0,0,0,0,0,0,0,0,0,0,0,0,0
-1.658439643,415,0,0,-0.591781216,0.231053779,0.789558062,0.224759511,-0.670185428,-0.051388311,-0.670007676,0.315357774,0.616113449,0.314187362,1.346248175,0.221219501,1.345666771,1.088602382,0,0,0,0,0,0,0,0,0,0,0,0,0,0,0,0,0,0,0,0,0,0,1,0,0,0,0,0,0,0,0,0,0,0,0,0,0,0,0,0,0,0,0,0,0,0,0,0,0,0,0
1.885103094,510,0,0,-0.591781216,-1.386386476,0.131817057,-1.350912162,-2.002018083,0.544616652,-2.00219882,-0.690145105,0.306816121,-0.689495953,-0.875749935,1.037280646,-0.871157023,-0.432980172,0,0,0,0,0,0,0,0,0,0,0,0,0,0,0,0,0,0,0,0,0,0,0,0,0,0,0,0,0,0,0,0,0,0,0,0,0,0,0,0,0,0,0,0,0,0,0,0,0,1,0
0.894995565,510,0,0,-0.591781216,-0.7019331,0.7389626,-0.684020995,0.990071922,-1.591067799,0.989305136,0.211128817,-0.930373191,0.209731632,1.202893458,-0.594841643,1.199648437,-0.432980172,0,0,0,0,0,0,0,0,0,0,0,0,0,0,0,0,0,1,0,0,0,0,0,0,0,0,0,0,0,0,0,0,0,0,0,0,0,0,0,0,0,0,0,0,0,0,0,0,0,0,0
-0.668332114,415,0,1,2.486474512,1.365234446,-0.374137563,1.329086071,-0.601679663,0.395615411,-0.601264717,-1.97359187,-0.466427199,-1.974755583,0.342765158,1.445311218,0.336812829,-0.432980172,0,0,0,0,0,0,0,0,0,0,0,0,0,0,0,0,0,0,0,0,0,0,0,0,0,0,0,0,0,0,0,1,0,0,0,0,0,0,0,0,0,0,0,0,0,0,0,0,0,0,0
-0.329611117,415,0,0,-0.591781216,0.004217646,0.587176215,-1.806432738,0.421877053,-1.491733639,0.422768333,-0.213961831,-1.291220073,-0.21263284,0.486119874,-0.594841643,0.482831163,1.849393659,1,0,0,0,0,0,0,0,0,0,0,0,0,0,0,0,0,0,0,0,0,1,0,0,0,0,0,0,0,0,0,0,0,0,0,0,0,0,0,0,0,0,0,0,0,0,0,0,0,0,0
0.295719955,415,0,0,-0.591781216,0.692615999,0.587176215,0.674628468,0.182106877,0.19694709,0.180982752,-0.749412551,-0.157129871,-0.748536148,-0.302331068,0.221219501,-0.300358082,1.088602382,0,0,0,0,0,0,0,0,0,0,0,0,0,0,0,0,0,0,0,0,0,0,0,0,0,0,0,0,0,0,0,0,0,0,0,0,0,0,0,0,0,0,0,1,0,0,0,0,0,0,0
0.321775416,408,0,0,-0.591781216,-0.410004859,1.852062764,-0.400309668,0.849030643,0.445282491,0.84944877,0.955037451,-0.157129871,0.9545464,-1.341652765,-0.186811071,-1.335760812,-1.19377145,0,0,0,0,0,0,0,0,0,0,0,0,0,0,0,0,0,0,0,0,0,0,0,1,0,0,0,0,0,0,0,0,0,0,0,0,0,0,0,0,0,0,0,0,0,0,0,0,0,0,0
0.530219106,510,0,1,1.460389269,-1.374551547,-0.323542101,-1.339608921,-1.192038163,-1.193731157,-1.191505989,0.740448422,-0.672625417,0.741093387,-1.377491444,-0.594841643,-1.375583994,0.327811105,0,0,0,0,0,0,0,0,0,0,0,0,0,0,0,0,0,0,0,0,0,0,0,0,0,0,0,0,0,0,0,0,0,0,0,0,0,0,0,0,0,0,0,0,0,1,0,0,0,0,0
-0.277500194,415,0,0,-0.591781216,-0.672345778,0.131817057,-0.655762894,-0.071767426,1.835960739,-0.072655064,1.909447704,-0.878823636,1.908272626,0.091894403,-0.186811071,0.097873737,-1.19377145,0,0,0,0,0,0,0,0,0,0,0,0,0,0,0,0,0,0,0,0,1,0,0,0,0,0,0,0,0,0,0,0,0,0,0,0,0,0,0,0,0,0,0,0,0,0,0,0,0,0,0
-1.606328721,408,0,0,-0.591781216,-1.703957063,-0.880092183,-1.660620941,-0.021395541,0.693617893,-0.020505233,0.104856155,0.203717012,0.105275902,-1.341652765,-0.186811071,-1.335760812,-1.19377145,0,0,0,0,0,0,0,0,0,0,0,0,0,0,0,0,0,0,0,0,0,0,0,0,0,0,0,0,0,0,0,0,0,0,0,0,0,0,0,1,0,0,0,0,0,0,0,0,0,0,0
1.963269478,408,0,0,-0.591781216,0.438165032,0.030626133,0.425957185,-0.926074606,-1.094396997,-0.926015939,-0.749412551,-1.085021854,-0.748536148,-0.445685785,-1.002872215,-0.446376416,-0.432980172,0,0,0,0,0,0,0,0,0,0,0,0,0,0,0,0,0,0,0,0,1,0,0,0,0,0,0,0,0,0,0,0,0,0,0,0,0,0,0,0,0,0,0,0,0,0,0,0,0,0,0
0.113331725,408,0,0,-0.591781216,-0.656565873,-0.981283107,-0.639938358,0.492397692,-0.995062836,0.491511292,0.593301659,0.873861222,0.591222123,-0.624879181,-1.002872215,-0.618943537,-0.432980172,0,0,0,0,0,0,0,0,0,0,0,0,0,0,0,0,0,0,0,0,0,0,0,0,0,0,0,0,0,0,0,0,1,0,0,0,0,0,0,0,0,0,0,0,0,0,0,0,0,0,0
-1.137330417,415,0,0,-0.591781216,1.834686618,-1.335451341,1.786867295,0.488367942,-0.746727435,0.489140846,-0.467381256,0.203717012,-0.466959834,0.091894403,-0.594841643,0.097873737,0.327811105,1,0,0,0,0,0,0,0,0,0,0,0,0,0,0,0,0,0,0,0,0,0,0,1,0,0,0,0,0,0,0,0,0,0,0,0,0,0,0,0,0,0,0,0,0,0,0,0,0,0,0
-0.147222888,408,0,0,-0.591781216,0.207383922,0.941344448,0.201022707,-0.877717596,-1.491733639,-0.878607001,-0.39993899,1.028509886,-0.398836532,1.346248175,0.629250074,1.345666771,-1.19377145,0,1,0,0,0,0,0,0,0,0,0,0,0,0,0,0,0,0,0,0,0,0,0,0,0,0,0,0,0,0,0,0,0,0,0,0,0,0,0,0,0,0,0,0,0,0,0,0,0,0,0
1.2076611,415,0,0,-0.591781216,-0.968218995,-0.880092183,-0.943995517,0.14986887,2.1836303,0.150166942,0.072156874,-1.445868737,0.073485028,1.919667042,-0.594841643,1.916465712,1.088602382,0,0,0,0,0,0,0,0,0,0,0,0,0,0,0,0,0,0,0,0,0,0,1,0,0,0,0,0,0,0,0,0,0,0,0,0,0,0,0,0,0,0,0,0,0,0,0,0,0,0,0
0.00910988,415,0,0,-0.591781216,-0.419867299,-0.424733025,-0.40935226,-0.25512109,0.842619133,-0.255179473,0.380756335,1.286257659,0.382310663,1.167054779,-0.186811071,1.173099649,1.849393659,1,0,0,0,0,0,0,0,0,0,0,0,0,0,0,0,0,0,0,0,0,0,0,0,0,0,0,0,0,0,0,0,0,0,0,0,0,0,0,0,1,0,0,0,0,0,0,0,0,0,0
0.373886338,415,0,0,-0.591781216,-0.260095762,0.536580753,-0.253367546,0.716048865,-0.101055392,0.716703746,0.092593925,-0.414877644,0.091651242,1.919667042,-1.002872215,1.916465712,-0.432980172,0,0,0,0,0,0,0,0,0,0,0,0,0,0,0,0,0,0,0,0,0,0,0,0,0,1,0,0,0,0,0,0,0,0,0,0,0,0,0,0,0,0,0,0,0,0,0,0,0,0,0
0.061220803,415,0,0,-0.591781216,-0.993861341,0.131817057,-0.968862646,0.043080473,-0.548059114,0.043496833,0.652569105,1.337807214,0.654803871,0.952022704,-1.002872215,0.947434952,0.327811105,0,0,0,0,0,0,0,0,0,0,0,0,0,0,0,0,0,0,0,0,0,0,0,0,0,1,0,0,0,0,0,0,0,0,0,0,0,0,0,0,0,0,0,0,0,0,0,0,0,0,0
-0.485943885,415,0,0,-0.591781216,0.386880341,0.587176215,0.376222929,-0.146317817,0.991620374,-0.146138917,1.089921984,0.873861222,1.090793003,-1.162459369,2.261372362,-1.16319369,-1.19377145,0,0,0,0,1,0,0,0,0,0,0,0,0,0,0,0,0,0,0,0,0,0,0,0,0,0,0,0,0,0,0,0,0,0,0,0,0,0,0,0,0,0,0,0,0,0,0,0,0,0,0
1.051328332,415,0,0,-0.591781216,0.106787028,1.295512682,0.103814842,0.651572851,-0.101055392,0.65270168,-0.998744566,0.306816121,-0.998321589,-0.409847106,1.037280646,-0.406553234,-1.19377145,0,0,0,0,0,0,0,0,0,0,0,0,0,0,0,0,0,0,0,0,1,0,0,0,0,0,0,0,0,0,0,0,0,0,0,0,0,0,0,0,0,0,0,0,0,0,0,0,0,0,0
1.259772023,408,0,0,-0.591781216,-0.084544319,-1.031878569,-0.08268862,-0.0657228,1.339289936,-0.065543723,-0.263010752,0.100617902,-0.262589928,-0.194815031,-1.002872215,-0.19416293,0.327811105,0,0,0,0,0,0,0,0,0,0,0,0,0,0,0,0,0,0,0,0,0,0,0,0,0,0,0,0,1,0,0,0,0,0,0,0,0,0,0,0,0,0,0,0,0,0,0,0,0,0,0
0.478108184,510,0,0,-0.591781216,-1.68620467,0.384794367,-1.643666081,1.278199108,-0.001721231,1.278499655,0.053763529,-1.085021854,0.055318814,-1.054943331,-0.594841643,-1.056998539,-0.432980172,0,0,0,0,0,0,0,0,0,0,0,0,0,0,0,0,0,0,0,0,0,0,0,0,0,0,0,0,0,0,0,0,0,0,0,0,0,0,0,0,0,1,0,0,0,0,0,0,0,0,0
0.295719955,510,0,0,-0.591781216,0.191604017,-0.880092183,0.186328495,0.369490292,-0.548059114,0.370618502,-0.67583917,0.822311667,-0.675871293,-1.12662069,1.445311218,-1.123370509,1.088602382,0,1,0,0,0,0,0,0,0,0,0,0,0,0,0,0,0,0,0,0,0,0,0,0,0,0,0,0,0,0,0,0,0,0,0,0,0,0,0,0,0,0,0,0,0,0,0,0,0,0,0
0.3999418,510,0,1,1.973431891,-1.216752498,0.131817057,-1.185884856,-0.674215178,0.29628125,-0.67474857,0.09463763,0.100617902,0.096192795,0.557797233,-1.002872215,0.562477527,0.327811105,0,0,0,0,0,0,0,0,0,0,0,0,0,0,0,0,0,0,0,0,0,0,0,0,0,0,0,0,0,0,0,0,0,1,0,0,0,0,0,0,0,0,0,0,0,0,0,0,0,0,0
-0.277500194,408,0,0,-0.591781216,0.834635143,-0.374137563,0.812527997,-0.275269844,0.14728001,-0.274143048,1.66011569,1.234708105,1.658487186,0.772829308,0.629250074,0.77486783,0.327811105,0,0,0,0,0,0,0,0,0,0,0,0,0,0,0,0,0,0,0,0,0,0,0,0,0,0,0,0,0,0,0,0,0,0,0,0,0,0,0,0,0,0,0,0,0,1,0,0,0,0,0
0.347830877,415,0,1,1.680264679,0.850415048,-0.121160253,0.828352533,-0.406236747,0.24661417,-0.406888073,-1.017137912,0.049068348,-1.016487803,0.987861383,-0.186811071,0.987258134,-1.19377145,0,0,0,0,0,0,0,0,1,0,0,0,0,0,0,0,0,0,0,0,0,0,0,0,0,0,0,0,0,0,0,0,0,0,0,0,0,0,0,0,0,0,0,0,0,0,0,0,0,0,0
-0.980997649,408,0,1,1.24051386,0.203438946,1.852062764,0.197631735,-1.693742143,-1.193731157,-1.694040726,-1.217421005,0.51301434,-1.216316155,0.70115195,-1.002872215,0.695221466,-0.432980172,0,0,0,0,0,0,1,0,0,0,0,0,0,0,0,0,0,0,0,0,0,0,0,0,0,0,0,0,0,0,0,0,0,0,0,0,0,0,0,0,0,0,0,0,0,0,0,0,0,0,0
0.556274568,408,0,1,1.533681072,0.309953304,-0.880092183,0.301621544,1.360809,-0.349390793,1.361465295,-0.67583917,-0.26022898,-0.675871293,-0.66071786,0.629250074,-0.658766719,1.088602382,0,0,0,0,0,0,0,0,0,0,0,0,0,0,0,0,0,0,0,1,0,0,0,0,0,0,0,0,0,0,0,0,0,0,0,0,0,0,0,0,0,0,0,0,0,0,0,0,0,0,0
-1.007053111,415,0,0,-0.591781216,-1.571800359,-0.121160253,-1.531764003,-0.547278027,-0.250056632,-0.546744439,0.346013349,1.131608995,0.345978236,-0.051460314,-0.186811071,-0.048144596,-1.19377145,0,0,0,0,0,0,0,0,0,0,0,0,0,0,0,0,0,0,0,0,0,0,0,0,0,0,0,0,0,0,0,0,0,0,0,0,0,0,0,0,0,0,0,0,0,0,0,1,0,0,0
-0.59016573,415,0,1,0.947346648,-0.376472561,-0.778901259,-0.367530271,0.452100184,-1.044729917,0.451213696,-1.575069387,-0.414877644,-1.575098878,-0.266492389,-1.410902787,-0.2605349,0.327811105,0,0,0,0,0,0,0,0,0,0,0,0,0,0,0,0,0,0,0,0,0,0,0,0,0,0,0,0,0,0,0,0,0,0,0,0,0,0,0,0,1,0,0,0,0,0,0,0,0,0,0
1.233716562,415,0,1,1.313805663,-0.413949835,-0.475328487,-0.40370064,-0.809211832,1.339289936,-0.809864042,0.352144465,-0.621075863,0.350519789,-0.123137672,-0.594841643,-0.12779096,-0.432980172,0,0,0,0,0,0,0,0,0,0,0,0,0,0,0,1,0,0,0,0,0,0,0,0,0,0,0,0,0,0,0,0,0,0,0,0,0,0,0,0,0,0,0,0,0,0,0,0,0,0,0
1.390049329,510,0,0,-0.591781216,-0.496794336,1.093130834,-0.483953644,0.272776271,-1.442066559,0.27343018,-0.471468666,0.255266566,-0.471501387,0.629474591,-1.002872215,0.628849496,1.088602382,1,0,0,0,0,0,0,0,0,0,0,0,0,0,0,0,0,0,0,0,1,0,0,0,0,0,0,0,0,0,0,0,0,0,0,0,0,0,0,0,0,0,0,0,0,0,0,0,0,0,0
0.243609032,408,0,1,1.900140088,0.248806172,0.688367139,0.241714371,-1.437852964,0.693617893,-1.438032464,-1.323693667,0.100617902,-1.325313438,-1.413330123,3.077433506,-1.415407176,-0.432980172,0,0,0,0,0,0,0,0,0,0,0,0,0,0,0,0,0,0,0,0,0,0,0,0,0,0,0,0,0,0,0,0,0,1,0,0,0,0,0,0,0,0,0,0,0,0,0,0,0,0,0
-0.668332114,415,0,0,-0.591781216,2.473772768,0.283603443,2.409675826,-0.25512109,0.743284973,-0.255179473,0.701618026,0.822311667,0.700219406,-0.624879181,0.221219501,-0.618943537,-1.19377145,1,0,0,0,0,0,0,0,0,0,0,0,0,0,0,0,0,0,0,0,0,0,0,0,0,0,0,0,0,0,0,0,0,0,0,0,0,0,0,0,0,0,0,1,0,0,0,0,0,0,0
-0.433832962,408,0,1,2.1933073,0.262613589,0.283603443,0.255278259,-0.948238236,0.29628125,-0.947349961,1.212544286,-0.672625417,1.213414947,-1.019104652,0.221219501,-1.017175357,0.327811105,0,0,0,0,0,0,0,0,0,0,0,0,0,0,0,0,0,0,0,0,0,0,0,0,0,0,0,0,1,0,0,0,0,0,0,0,0,0,0,0,0,0,0,0,0,0,0,0,0,0,0
0.321775416,510,0,0,-0.591781216,-2.114234591,-0.627114873,-2.059625317,0.067258978,0.594283732,0.067201302,-1.699735395,0.925410777,-1.697720822,-1.305814086,-0.594841643,-1.309212024,-0.432980172,0,0,0,0,0,0,0,0,0,0,0,0,0,0,0,0,0,0,0,0,0,0,0,0,0,0,0,0,0,0,0,0,0,0,0,0,0,0,0,0,0,0,0,0,0,0,0,0,0,1,0
-1.293663185,415,0,0,-0.591781216,0.016052575,-0.627114873,0.015649569,-1.329049691,0.097612929,-1.328991908,-0.620659134,-0.157129871,-0.621372651,-0.087298993,-0.594841643,-0.087967778,0.327811105,0,0,0,0,0,0,0,0,0,0,0,0,0,0,0,0,0,0,0,0,0,0,0,0,0,0,0,0,0,0,0,0,0,0,0,0,0,0,0,0,0,0,0,1,0,0,0,0,0,0,0
0.035165342,408,0,1,1.533681072,0.69064351,-0.728305797,0.67236782,2.289666571,0.445282491,2.29068047,1.617197884,0.51301434,1.617613205,1.453764213,-1.002872215,1.451861923,-1.19377145,0,0,0,0,0,0,0,0,0,1,0,0,0,0,0,0,0,0,0,0,0,0,0,0,0,0,0,0,0,0,0,0,0,0,0,0,0,0,0,0,0,0,0,0,0,0,0,0,0,0,0
0.165442648,408,0,0,-0.591781216,-1.83216879,-0.272946639,-1.784956582,-1.865006554,-0.746727435,-1.864712901,0.066025759,-0.672625417,0.064401921,1.059538742,-0.594841643,1.053630104,-0.432980172,0,1,0,0,0,0,0,0,0,0,0,0,0,0,0,0,0,0,0,0,0,0,0,0,0,0,0,0,0,0,0,0,0,0,0,0,0,0,0,0,0,0,0,0,0,0,0,0,0,0,0
-0.329611117,510,0,0,-0.591781216,-0.950466602,-0.070564791,-0.925910333,-0.521084646,1.388957016,-0.520669523,-0.344758954,-0.878823636,-0.34433789,-0.839911256,-1.002872215,-0.844608235,2.610184936,1,0,0,0,0,0,0,0,0,0,0,0,0,0,0,0,0,0,0,0,0,0,0,0,0,0,0,0,0,0,0,0,0,0,0,0,0,0,0,0,0,0,0,0,0,0,0,0,0,1,0
-0.485943885,415,0,0,-0.591781216,-0.873539566,0.081221595,-0.851308948,0.734182743,1.090954535,0.733296874,-1.691560574,-0.466427199,-1.693179268,2.600601947,-0.186811071,2.606734199,-1.19377145,0,0,0,0,0,0,0,0,0,0,0,0,0,0,0,0,0,0,0,0,0,0,1,0,0,0,0,0,0,0,0,0,0,0,0,0,0,0,0,0,0,0,0,0,0,0,0,0,0,0,0
2.692822395,415,0,0,-0.591781216,-0.106241689,-0.778901259,-0.104164776,1.076711566,-0.250056632,1.07701167,-0.504167947,-0.208679425,-0.503292261,-1.55668484,-0.594841643,-1.56142551,3.370976214,0,0,0,0,0,0,0,0,0,0,0,0,0,0,0,0,0,0,0,0,0,0,0,0,0,0,0,0,0,0,0,0,0,0,1,0,0,0,0,0,0,0,0,0,0,0,0,0,0,0,0
1.911158556,510,0,0,-0.591781216,1.100921039,0.384794367,1.07250252,-1.175919159,2.13396322,-1.174912861,2.363150223,1.595554987,2.362427973,0.808667987,0.221219501,0.814691012,-1.19377145,0,0,0,0,0,0,0,0,0,0,0,0,0,0,0,0,0,0,0,0,0,0,0,0,1,0,0,0,0,0,0,0,0,0,0,0,0,0,0,0,0,0,0,0,0,0,0,0,0,0,0
0.738662797,415,0,0,-0.591781216,-0.447482133,0.637771677,-0.436480036,1.133128077,-0.150722472,1.133902395,-0.318190788,1.337807214,-0.31708857,0.66531327,-1.002872215,0.668672678,0.327811105,0,0,1,0,0,0,0,0,0,0,0,0,0,0,0,0,0,0,0,0,0,0,0,0,0,0,0,0,0,0,0,0,0,0,0,0,0,0,0,0,0,0,0,0,0,0,0,0,0,0,0
2.328045936,415,1,0,-0.591781216,-1.337074273,-2.296765119,-1.303438553,0.450085308,1.190288695,0.451213696,0.861027019,-0.981922745,0.859173777,-0.087298993,1.037280646,-0.087967778,1.088602382,0,0,0,0,0,0,0,0,0,0,0,0,0,0,0,0,0,0,0,0,0,0,0,0,0,1,0,0,0,0,0,0,0,0,0,0,0,0,0,0,0,0,0,0,0,0,0,0,0,0,0
-1.215496801,510,0,0,-0.591781216,1.116700944,-0.475328487,1.087196732,-0.96435724,1.488291177,-0.963943089,-0.833204458,-0.105580316,-0.834825664,0.342765158,1.445311218,0.336812829,1.088602382,0,0,0,0,0,0,0,0,0,0,0,0,0,0,0,0,0,0,0,0,0,0,0,0,0,0,0,0,0,0,0,0,0,0,1,0,0,0,0,0,0,0,0,0,0,0,0,0,0,0,0
-0.59016573,408,0,0,-0.591781216,-0.317297917,-0.627114873,-0.309883747,1.667070065,-0.349390793,1.667252942,1.247287272,0.40991523,1.245205821,-0.589040502,1.85334179,-0.592394749,-1.19377145,0,0,0,0,0,0,0,0,0,0,0,0,0,0,0,0,0,0,0,0,0,0,0,0,0,0,0,0,0,0,0,0,0,0,0,0,0,0,0,0,0,1,0,0,0,0,0,0,0,0,0
-0.016945581,415,0,1,1.533681072,0.668946141,1.346108144,0.650891663,-0.498921016,-0.895728676,-0.499335501,0.125293205,-0.002481207,0.123442116,-0.481524464,-0.594841643,-0.486199598,-0.432980172,0,0,0,0,0,0,0,0,0,0,0,0,0,0,0,0,0,0,0,0,0,0,0,0,0,0,0,0,0,0,0,0,0,0,0,0,0,0,0,0,0,0,0,0,0,0,0,0,0,0,0
-0.79860942,510,0,1,1.606972875,-0.715740517,-1.436642265,-0.697584883,-0.617798667,-0.399057873,-0.617857845,-1.495364891,-1.652066956,-1.493350916,-0.302331068,-0.186811071,-0.300358082,1.088602382,0,0,0,0,0,0,0,0,0,0,0,0,0,0,0,0,0,0,0,0,0,0,0,0,0,0,0,0,0,0,0,0,0,0,0,0,0,0,0,0,0,0,0,0,0,0,0,0,0,1,0
0.425997261,408,0,0,-0.591781216,-1.629002514,-0.121160253,-1.58714988,0.55082908,1.537958257,0.550772464,0.795628458,0.564563894,0.795592028,0.127733082,-0.594841643,0.124422525,-0.432980172,0,0,0,0,0,0,0,0,0,0,0,0,0,0,0,0,0,0,0,0,0,0,0,0,0,0,0,0,0,0,0,0,0,0,0,0,0,0,0,0,0,0,0,0,0,1,0,0,0,0,0
-0.850720343,415,0,0,-0.591781216,-1.688177158,-0.374137563,-1.644796405,-1.069130762,-0.995062836,-1.068242751,0.254046623,-0.775724527,0.255147167,-0.051460314,-1.002872215,-0.048144596,-1.19377145,0,0,0,0,0,0,0,0,0,0,0,0,0,0,0,0,0,0,0,0,0,0,0,0,0,1,0,0,0,0,0,0,0,0,0,0,0,0,0,0,0,0,0,0,0,0,0,0,0,0,0
-1.918994256,510,0,0,-0.591781216,0.919452132,-0.272946639,0.89504165,1.483716401,0.445282491,1.484728533,0.850808494,0.976960331,0.85009067,-0.732395219,-0.594841643,-0.738413083,0.327811105,1,0,0,0,0,0,0,0,0,0,0,0,0,0,0,0,0,0,0,0,0,0,0,0,0,0,0,0,0,0,0,0,0,0,0,0,0,0,0,0,0,1,0,0,0,0,0,0,0,0,0
-0.251444733,415,0,0,-0.591781216,-0.905099376,-1.993192347,-0.881827697,-0.843464714,-0.200389552,-0.843050298,-0.234398882,-0.414877644,-0.235340607,0.091894403,-1.002872215,0.097873737,-0.432980172,0,0,0,0,0,0,0,0,0,0,0,0,0,0,0,0,0,0,0,0,0,0,0,1,0,0,0,0,0,0,0,0,0,0,0,0,0,0,0,0,0,0,0,0,0,0,0,0,0,0,0
2.093546785,415,0,1,1.387097466,0.20935641,-0.374137563,0.203283355,0.973952919,1.339289936,0.975082455,0.299008134,-0.930373191,0.300562701,0.127733082,-0.186811071,0.124422525,-0.432980172,0,1,0,0,0,0,0,0,0,0,0,0,0,0,0,0,0,0,0,0,0,0,0,0,0,0,0,0,0,0,0,0,0,0,0,0,0,0,0,0,0,0,0,0,0,0,0,0,0,0,0
0.452052722,415,0,1,2.046723694,2.27257898,0.283603443,2.212999448,-0.70443831,0.743284973,-0.705564379,-0.242573702,-1.909814729,-0.244423714,-0.158976351,0.221219501,-0.154339748,1.088602382,0,0,0,0,0,1,0,0,0,0,0,0,0,0,0,0,0,0,0,0,0,0,0,0,0,0,0,0,0,0,0,0,0,0,0,0,0,0,0,0,0,0,0,0,0,0,0,0,0,0,0
0.295719955,415,0,0,-0.591781216,0.112704492,0.688367139,0.109466462,-0.186615326,0.941953294,-0.186436514,-1.166328379,-1.136571409,-1.166359067,-0.087298993,2.669402934,-0.087967778,0.327811105,0,0,0,0,0,0,0,0,0,0,0,0,0,0,0,0,0,0,0,0,0,1,0,0,0,0,0,0,0,0,0,0,0,0,0,0,0,0,0,0,0,0,0,0,0,0,0,0,0,0,0
-0.19933381,415,0,0,-0.591781216,-0.003672307,1.042535372,-0.003565939,-0.176540949,1.537958257,-0.176954726,-0.726931796,1.286257659,-0.725828381,0.629474591,-0.186811071,0.628849496,-1.19377145,0,0,0,0,0,0,0,0,0,0,1,0,0,0,0,0,0,0,0,0,0,0,0,0,0,0,0,0,0,0,0,0,0,0,0,0,0,0,0,0,0,0,0,0,0,0,0,0,0,0,0
0.035165342,408,0,0,-0.591781216,-0.427757252,-0.323542101,-0.417264528,0.145839119,-0.001721231,0.145426049,-0.218049241,1.028509886,-0.217174393,-0.051460314,2.261372362,-0.048144596,-1.19377145,0,0,0,1,0,0,0,0,0,0,0,0,0,0,0,0,0,0,0,0,0,0,0,0,0,0,0,0,0,0,0,0,0,0,0,0,0,0,0,0,0,0,0,0,0,0,0,0,0,0,0
-0.19933381,415,0,0,-0.591781216,-0.131884034,1.548489992,-0.129031905,-0.20676408,0.395615411,-0.207770536,1.817480978,-1.755166065,1.817441557,0.056055724,-1.002872215,0.058050555,-1.19377145,0,0,0,0,0,0,0,0,0,0,0,0,0,0,0,0,0,0,0,1,0,0,0,0,0,0,0,0,0,0,0,0,0,0,0,0,0,0,0,0,0,0,0,0,0,0,0,0,0,0,0
0.165442648,415,0,1,1.753556482,-0.897209423,0.030626133,-0.875045753,0.226434136,2.233297381,0.226021242,-0.68401399,1.95640187,-0.6849544,-0.732395219,0.221219501,-0.738413083,-0.432980172,0,0,0,1,0,0,0,0,0,0,0,0,0,0,0,0,0,0,0,0,0,0,0,0,0,0,0,0,0,0,0,0,0,0,0,0,0,0,0,0,0,0,0,0,0,0,0,0,0,0,0
0.373886338,415,0,0,-0.591781216,0.319815745,0.536580753,0.310664136,0.530680325,0.395615411,0.531808889,2.291620547,0.667663003,2.289763117,1.059538742,-1.410902787,1.053630104,0.327811105,0,0,0,0,0,0,0,0,1,0,0,0,0,0,0,0,0,0,0,0,0,0,0,0,0,0,0,0,0,0,0,0,0,0,0,0,0,0,0,0,0,0,0,0,0,0,0,0,0,0,0
-0.980997649,510,0,1,0.361012224,0.68078107,-1.993192347,0.662194904,-0.392132619,-0.597726194,-0.392665392,-0.553216868,-1.652066956,-0.55324935,0.020217045,-1.002872215,0.018227373,-1.19377145,0,0,0,0,0,0,0,0,0,0,0,0,0,0,0,0,0,0,0,0,0,0,0,0,0,0,0,0,0,0,0,0,0,0,0,0,0,0,0,0,0,0,0,0,0,0,0,0,1,0,0
0.478108184,408,0,1,1.313805663,-0.940604162,-0.019969329,-0.916867741,-0.551307778,1.041287454,-0.551485333,0.049676119,0.40991523,0.050777261,0.486119874,0.221219501,0.482831163,-0.432980172,0,0,0,0,0,0,0,1,0,0,0,0,0,0,0,0,0,0,0,0,0,0,0,0,0,0,0,0,0,0,0,0,0,0,0,0,0,0,0,0,0,0,0,0,0,0,0,0,0,0,0
-0.069056504,408,0,1,1.606972875,-1.368634083,-1.487237727,-1.333957301,-0.367954114,0.395615411,-0.368960923,-0.352933774,-0.621075863,-0.353420997,0.271087799,1.445311218,0.270440859,0.327811105,0,0,0,0,0,0,0,0,0,0,0,1,0,0,0,0,0,0,0,0,0,0,0,0,0,0,0,0,0,0,0,0,0,0,0,0,0,0,0,0,0,0,0,0,0,0,0,0,0,0,0
0.99921741,415,1,0,-0.591781216,-0.358720167,1.042535372,-0.349445087,-0.156392194,1.835960739,-0.155620704,-0.669708055,-0.208679425,-0.67132974,0.342765158,3.485464078,0.336812829,-1.19377145,0,0,0,0,0,0,0,0,0,0,0,0,0,0,0,0,0,0,0,0,0,0,0,0,0,0,0,0,0,0,0,0,0,0,0,0,0,0,0,0,0,0,0,0,0,1,0,0,0,0,0
-1.814772411,408,0,1,1.460389269,-0.155553891,0.789558062,-0.151638385,0.806718259,1.239955775,0.806780727,0.908032235,-1.0334723,0.909130865,0.127733082,1.037280646,0.124422525,-0.432980172,0,0,0,0,0,0,0,0,0,0,0,0,0,0,0,0,0,0,0,0,0,0,0,0,0,0,0,0,0,0,0,0,0,0,1,0,0,0,0,0,0,0,0,0,0,0,0,0,0,0,0
0.738662797,510,0,1,1.753556482,0.61766145,-0.070564791,0.601157407,-0.918015105,-0.548059114,-0.918904598,0.689355796,-0.208679425,0.691136299,0.414442516,0.221219501,0.416459193,-0.432980172,0,0,0,0,0,0,0,0,0,0,0,0,0,0,0,0,0,0,0,0,0,0,0,0,0,0,0,0,0,0,0,0,0,0,0,0,0,0,1,0,0,0,0,0,0,0,0,0,0,0,0
0.373886338,415,0,0,-0.591781216,-0.796612529,-0.576519411,-0.776707564,-0.168481447,-0.250056632,-0.167472939,-1.023269027,-1.291220073,-1.021029356,-0.338169747,-0.594841643,-0.340181264,4.131767491,1,0,1,0,0,0,0,0,0,0,0,0,0,0,0,0,0,0,0,0,0,0,0,0,0,0,0,0,0,0,0,0,0,0,0,0,0,0,0,0,0,0,0,0,0,0,0,0,0,0,0
0.191498109,415,0,0,-0.591781216,2.207486872,-0.070564791,2.149701303,0.411802675,-0.349390793,0.410916099,0.574908314,0.51301434,0.573055909,1.346248175,1.85334179,1.345666771,0.327811105,1,0,0,0,0,0,0,0,0,0,0,1,0,0,0,0,0,0,0,0,0,0,0,0,0,0,0,0,0,0,0,0,0,0,0,0,0,0,0,0,0,0,0,0,0,0,0,0,0,0,0
0.035165342,408,0,0,-0.591781216,1.087113622,1.24491722,1.058938632,-0.029455043,-0.051388311,-0.02998702,-0.773937012,-0.621075863,-0.775785469,-0.087298993,-1.410902787,-0.087967778,1.849393659,0,0,0,0,0,0,0,0,0,0,0,0,0,0,0,0,0,0,0,0,0,0,0,0,0,0,0,0,0,0,0,0,0,0,0,0,0,0,0,0,0,0,0,0,0,0,0,0,0,1,0
1.259772023,408,0,0,-0.591781216,0.156099231,-0.880092183,0.15128845,0.014872217,-0.945395756,0.015051471,1.290205078,-1.085021854,1.290621356,-0.517363143,-1.410902787,-0.512748386,-0.432980172,0,0,0,0,0,0,0,0,0,0,0,0,0,0,0,0,0,0,0,0,0,0,0,0,0,0,0,0,0,0,0,0,0,0,0,0,1,0,0,0,0,0,0,0,0,0,0,0,0,0,0
0.790773719,408,0,1,1.826848285,-0.051012021,-0.019969329,-0.049909224,-0.134228565,-0.746727435,-0.134286683,1.069484933,1.234708105,1.068085236,-1.807555595,0.221219501,-1.813638995,-0.432980172,0,0,0,0,0,0,0,0,0,0,0,0,0,0,0,0,0,0,0,0,0,0,0,0,0,0,0,0,1,0,0,0,0,0,0,0,0,0,0,0,0,0,0,0,0,0,0,0,0,0,0
-0.459888423,408,0,0,-0.591781216,-1.218724986,0.030626133,-1.188145504,-0.811226707,-0.399057873,-0.812234489,0.699574321,2.574996525,0.700219406,0.414442516,2.261372362,0.416459193,-1.19377145,0,0,0,0,0,0,0,0,0,0,0,0,0,0,0,0,0,0,0,0,0,0,0,0,1,0,0,0,0,0,0,0,0,0,0,0,0,0,0,0,0,0,0,0,0,0,0,0,0,0,0
-0.121167426,415,0,1,0.947346648,0.004217646,-0.272946639,1.304218942,1.121038825,2.481632782,1.122050161,-0.867947444,-1.445868737,-0.866616538,0.199410441,0.629250074,0.204068889,0.327811105,0,0,1,0,0,0,0,0,0,0,0,0,0,0,0,0,0,0,0,0,0,0,0,0,0,0,0,0,0,0,0,0,0,0,0,0,0,0,0,0,0,0,0,0,0,0,0,0,0,0,0
-0.069056504,408,0,0,-0.591781216,0.004217646,-1.183664955,-0.188939077,-1.256514176,2.729968183,-1.255508054,-1.19494025,0.255266566,-1.193608388,-0.624879181,1.037280646,-0.618943537,-0.432980172,0,0,0,0,0,0,0,0,0,0,1,0,0,0,0,0,0,0,0,0,0,0,0,0,0,0,0,0,0,0,0,0,0,0,0,0,0,0,0,0,0,0,0,0,0,0,0,0,0,0,0
-2.544325328,415,0,0,-0.591781216,0.10481454,0.99193991,0.101554194,0.061214352,1.438624096,0.060089961,-0.624746544,-0.569526308,-0.625914205,1.382086854,-0.594841643,1.385489953,1.088602382,0,0,0,0,0,0,0,0,0,0,0,0,0,0,0,0,0,0,0,0,0,0,0,0,0,0,0,0,0,0,0,0,0,0,0,0,0,0,0,0,0,0,1,0,0,0,0,0,0,0,0
-0.616221191,408,0,1,0.654179436,0.497339675,-0.829496721,0.48360371,0.006812715,0.097612929,0.00794013,0.380756335,-0.157129871,0.382310663,0.378603837,0.221219501,0.376636011,-1.19377145,0,0,0,0,0,0,0,0,0,0,0,0,0,0,0,0,0,0,0,1,0,0,0,0,0,0,0,0,0,0,0,0,0,0,0,0,0,0,0,0,0,0,0,0,0,0,0,0,0,0,0
-0.668332114,408,0,1,1.167222057,0.903672227,0.941344448,0.880347438,-0.376013616,0.395615411,-0.376072264,1.427133315,0.306816121,1.42686796,-0.302331068,-1.002872215,-0.300358082,1.088602382,0,0,0,0,0,0,0,0,0,0,0,0,0,0,0,0,0,0,0,0,0,0,0,0,0,0,0,0,1,0,0,0,0,0,0,0,0,0,0,0,0,0,0,0,0,0,0,0,0,0,0
-1.58027326,510,0,0,-0.591781216,-0.196976142,0.7389626,-0.192330049,-1.194053038,1.140621615,-1.193876436,1.061310113,0.770762113,1.063543683,0.091894403,-0.594841643,0.097873737,1.849393659,1,0,0,0,0,0,0,0,0,0,0,0,1,0,0,0,0,0,0,0,0,0,0,0,0,0,0,0,0,0,0,0,0,0,0,0,0,0,0,0,0,0,0,0,0,0,0,0,0,0,0
-2.205604331,415,0,0,-0.591781216,-0.350830215,-0.019969329,-0.342663143,0.593141464,1.885627819,0.593440508,-1.068230538,-1.136571409,-1.066444891,-0.015621635,2.669402934,-0.021595808,1.088602382,0,1,0,0,0,0,0,0,0,0,0,0,0,0,0,0,0,0,0,0,0,0,0,0,0,0,0,0,0,0,0,0,0,0,0,0,0,0,0,0,0,0,0,0,0,0,0,0,0,0,0
0.373886338,510,0,1,0.580887633,-0.914961816,0.485985291,-0.892000613,-0.301463225,0.544616652,-0.302588411,-0.808679998,0.667663003,-0.807576343,-1.664200878,-0.186811071,-1.667620662,0.327811105,0,0,0,0,0,0,0,0,0,0,0,0,0,0,0,0,0,0,0,0,0,0,0,0,0,0,0,0,0,0,0,0,0,0,1,0,0,0,0,0,0,0,0,0,0,0,0,0,0,0,0
0.191498109,510,0,1,1.24051386,-0.177251261,-0.627114873,-0.173114541,-1.828738797,0.643950812,-1.829156198,-0.722844386,-0.054030762,-0.721286828,-0.553201823,-1.410902787,-0.552571568,1.088602382,0,0,0,0,0,0,0,0,0,0,0,0,0,0,0,0,0,0,0,0,0,0,0,0,0,0,0,0,0,0,0,0,0,0,0,0,0,0,1,0,0,0,0,0,0,0,0,0,0,0,0
0.165442648,510,0,0,-0.591781216,0.197521481,-1.234260417,0.191980115,-0.897866351,-1.74006904,-0.897570576,0.87737666,-0.466427199,0.877339991,-0.696556539,-0.594841643,-0.698589901,2.610184936,0,0,0,0,0,0,0,0,0,0,0,0,0,0,0,0,0,0,0,0,0,0,0,0,0,0,0,0,0,0,0,0,0,0,0,0,0,0,0,0,0,0,0,0,0,0,1,0,0,0,0
1.2076611,415,0,0,-0.591781216,-1.090513259,-1.335451341,-1.062679539,2.422648349,-1.094396997,2.423425495,-0.896559314,1.337807214,-0.898407413,0.056055724,-0.186811071,0.058050555,0.327811105,0,0,0,0,0,0,1,0,0,0,0,0,0,0,0,0,0,0,0,0,0,0,0,0,0,0,0,0,0,0,0,0,0,0,0,0,0,0,0,0,0,0,0,0,0,0,0,0,0,0,0
0.165442648,415,0,0,-0.591781216,-0.646703432,-0.323542101,-0.630895766,-1.740084278,0.544616652,-1.739079217,-1.769221366,-0.157129871,-1.770385677,0.414442516,0.221219501,0.416459193,1.088602382,0,0,0,0,0,0,0,0,0,0,0,0,0,0,0,0,0,0,0,0,0,0,0,0,1,0,0,0,0,0,0,0,0,0,0,0,0,0,0,0,0,0,0,0,0,0,0,0,0,0,0
-1.111274956,510,0,0,-0.591781216,-0.94257665,-0.222351177,-0.919128389,-0.666155677,0.345948331,-0.665266783,0.09872504,0.306816121,0.100734349,1.59711893,0.221219501,1.597880257,1.088602382,0,0,0,0,0,0,0,0,0,0,0,0,0,0,0,0,0,0,0,0,0,0,0,0,0,0,0,0,0,0,0,0,0,0,0,0,0,0,0,0,0,0,0,0,0,0,0,0,0,0,0
-0.251444733,408,0,0,-0.591781216,-0.640785968,1.042535372,-0.625244146,-0.513025144,-0.647393275,-0.513558183,-1.323693667,-1.0334723,-1.325313438,1.095377421,-0.594841643,1.093453286,0.327811105,0,0,0,0,0,0,0,0,0,0,0,0,0,0,0,0,0,0,1,0,0,0,0,0,0,0,0,0,0,0,0,0,0,0,0,0,0,0,0,0,0,0,0,0,0,0,0,0,0,0,0
-2.283770715,415,0,0,-0.591781216,-0.721657981,1.953253688,-0.703236503,0.784554629,-0.597726194,0.785446705,0.421630436,1.18315855,0.423184645,-1.12662069,0.221219501,-1.123370509,0.327811105,0,1,0,0,0,0,0,0,0,0,0,0,0,0,0,0,0,0,0,0,0,0,0,0,0,0,0,0,0,0,0,0,0,0,0,0,0,0,0,0,0,0,0,0,0,0,0,0,0,0,0
-0.19933381,415,0,1,1.680264679,1.134453337,-0.778901259,1.104151592,0.250612641,-0.001721231,0.249725711,-0.171044025,-0.672625417,-0.171758859,0.163571761,-0.186811071,0.164245707,-0.432980172,0,0,0,0,0,0,0,0,0,0,0,0,0,0,0,0,0,0,0,1,0,0,0,0,0,0,0,0,0,0,0,0,0,0,0,0,0,0,0,0,0,0,0,0,0,0,0,0,0,0,0
-0.147222888,510,0,0,-0.591781216,0.089034635,-0.272946639,0.085729658,-0.384073117,0.047945849,-0.383183604,-1.17859061,0.667663003,-1.179983727,0.916184025,-0.186811071,0.920886164,0.327811105,0,0,0,0,0,0,0,0,1,0,0,0,0,0,0,0,0,0,0,0,0,0,0,0,0,0,0,0,0,0,0,0,0,0,0,0,0,0,0,0,0,0,0,0,0,0,0,0,0,0,0
0.087276264,415,0,0,-0.591781216,-1.39230394,2.054444612,-1.356563782,-0.273254969,1.984961979,-0.274143048,0.317401479,-0.002481207,0.318728915,-0.087298993,-0.186811071,-0.087967778,1.088602382,0,0,0,0,0,0,0,0,0,0,0,0,0,0,0,0,0,0,0,0,0,0,0,0,0,0,0,0,0,0,0,0,0,0,0,0,0,0,0,0,1,0,0,0,0,0,0,0,0,0,0
-1.710550566,408,0,0,-0.591781216,-0.820282387,0.7389626,-0.799314044,-0.855553967,-0.895728676,-0.854902533,0.299008134,0.925410777,0.300562701,0.020217045,-1.002872215,0.018227373,2.610184936,1,0,0,0,0,0,0,0,0,0,0,0,0,0,0,0,0,0,0,0,0,0,0,0,0,0,0,0,0,0,1,0,0,0,0,0,0,0,0,0,0,0,0,0,0,0,0,0,0,0,0
-1.007053111,415,0,0,-0.591781216,0.140319326,-0.323542101,0.136594238,0.139794493,-0.399057873,0.140685155,-0.124038809,-0.105580316,-0.121801771,-0.517363143,-0.186811071,-0.512748386,1.088602382,0,0,0,0,0,0,0,0,0,0,0,0,0,0,0,0,0,0,1,0,0,0,0,0,0,0,0,0,0,0,0,0,0,0,0,0,0,0,0,0,0,0,0,0,0,0,0,0,0,0,0
1.103439255,510,0,0,-0.591781216,-0.479041943,0.587176215,-0.466998784,1.818185722,-0.399057873,1.818961542,0.558558674,-0.466427199,0.559431248,1.310409496,0.221219501,1.305843589,-0.432980172,0,0,0,0,0,0,0,0,0,0,0,0,0,0,0,0,0,0,0,0,0,0,0,0,0,1,0,0,0,0,0,0,0,0,0,0,0,0,0,0,0,0,0,0,0,0,0,0,0,0,0
-0.016945581,415,1,0,-0.591781216,0.517064556,-0.171755715,0.502819218,1.546177539,0.842619133,1.546360152,0.019020543,2.007951424,0.018986387,0.271087799,-1.002872215,0.270440859,-1.19377145,1,0,0,0,0,0,0,0,0,0,0,0,0,0,0,0,0,0,0,0,0,0,0,0,0,0,0,0,0,0,0,0,0,0,0,0,0,0,0,0,0,0,0,0,0,0,0,1,0,0,0
-1.554217798,510,0,0,-0.591781216,0.542706902,1.902658226,0.527686346,0.270761396,-0.846061596,0.271059733,-0.16491291,0.255266566,-0.162675752,0.593635912,-0.186811071,0.589026314,-0.432980172,0,0,0,0,0,0,0,0,0,0,0,0,0,0,0,0,0,0,0,0,0,0,0,0,0,0,0,0,0,0,0,0,0,0,0,0,0,0,0,0,1,0,0,0,0,0,0,0,0,0,0
-1.163385879,408,0,0,-0.591781216,0.832662655,0.587176215,0.810267349,1.562296543,1.090954535,1.56295328,1.778650582,-0.775724527,1.776567576,-1.12662069,0.221219501,-1.123370509,-1.19377145,1,0,0,0,0,0,0,0,0,0,0,0,0,0,0,0,0,0,0,0,0,1,0,0,0,0,0,0,0,0,0,0,0,0,0,0,0,0,0,0,0,0,0,0,0,0,0,0,0,0,0
-0.173278349,415,0,0,-0.591781216,0.810965286,0.536580753,0.789921517,-0.895851475,-1.64073488,-0.895200129,-0.269141867,-0.569526308,-0.267131481,0.091894403,-0.186811071,0.097873737,0.327811105,0,0,0,1,0,0,0,0,0,0,0,0,0,0,0,0,0,0,0,0,0,0,0,0,0,0,0,0,0,0,0,0,0,0,0,0,0,0,0,0,0,0,0,0,0,0,0,0,0,0,0
-0.720443036,415,0,1,2.852933527,-0.118076617,0.840153524,-0.115468017,0.067258978,0.693617893,0.067201302,-0.540954637,-0.311778535,-0.539624689,-1.413330123,-0.594841643,-1.415407176,0.327811105,0,0,0,0,0,0,1,0,0,0,0,0,0,0,0,0,0,0,0,0,0,0,0,0,0,0,0,0,0,0,0,0,0,0,0,0,0,0,0,0,0,0,0,0,0,0,0,0,0,0,0
-0.016945581,415,1,0,-0.591781216,-0.719685493,-2.043787809,-0.702106179,-0.426385501,2.928636504,-0.425851648,-0.598178379,1.131608995,-0.598664884,-1.449168803,-0.186811071,-1.455230358,1.849393659,1,0,1,0,0,0,0,0,0,0,0,0,0,0,0,0,0,0,0,0,0,0,0,0,0,0,0,0,0,0,0,0,0,0,0,0,0,0,0,0,0,0,0,0,0,0,0,0,0,0,0
-1.762661489,415,0,0,-0.591781216,0.092979611,0.536580753,0.090250954,0.063229227,0.494949571,0.062460408,0.742492127,-0.002481207,0.741093387,-0.338169747,0.221219501,-0.340181264,1.088602382,0,0,0,0,0,0,0,0,0,0,0,0,0,0,0,0,0,0,0,0,0,0,0,0,0,0,0,0,0,0,0,0,0,0,0,0,0,0,0,1,0,0,0,0,0,0,0,0,0,0,0
1.233716562,510,0,0,-0.591781216,0.720230832,-0.272946639,0.70062592,-0.301463225,0.24661417,-0.302588411,2.021851482,2.214149643,2.021811463,-0.087298993,0.221219501,-0.087967778,0.327811105,0,0,0,0,0,0,0,0,0,0,0,0,0,0,0,0,0,0,0,0,0,0,0,0,0,0,0,0,0,0,0,0,0,1,0,0,0,0,0,0,0,0,0,0,0,0,0,0,0,0,0
-0.511999346,415,0,0,-0.591781216,-0.982026412,1.042535372,-0.957559405,0.593141464,0.24661417,0.593440508,-1.237858056,1.18315855,-1.239023922,1.095377421,-0.594841643,1.093453286,-1.19377145,0,0,0,0,0,0,0,0,0,0,0,0,0,0,0,0,0,0,0,0,0,0,0,0,0,0,0,0,0,0,0,0,0,0,0,0,0,0,0,0,0,0,0,0,1,0,0,0,0,0,0
0.556274568,510,0,1,1.606972875,0.99440668,0.384794367,0.968512711,1.751694833,-1.193731157,1.75258903,-0.489862011,-0.775724527,-0.489667601,-1.198298048,-0.594841643,-1.203016872,0.327811105,0,0,0,0,0,0,0,0,0,0,0,0,0,0,0,0,0,0,0,0,0,0,0,0,0,0,0,1,0,0,0,0,0,0,0,0,0,0,0,0,0,0,0,0,0,0,0,0,0,0,0
-1.267607724,415,0,0,-0.591781216,0.487477234,-0.171755715,0.474561118,1.461552772,1.388957016,1.461024064,-0.438769386,0.925410777,-0.439710513,0.271087799,0.221219501,0.270440859,-0.432980172,0,0,0,0,0,0,0,0,0,0,0,0,0,0,0,0,0,0,0,0,0,0,1,0,0,0,0,0,0,0,0,0,0,0,0,0,0,0,0,0,0,0,0,0,0,0,0,0,0,0,0
-0.251444733,408,0,1,2.633058118,0.728120785,0.030626133,0.708538188,-0.555337528,-0.101055392,-0.556226226,0.838546264,-0.26022898,0.83646601,-0.409847106,-0.594841643,-0.406553234,-0.432980172,0,0,0,0,0,0,0,0,0,0,0,0,0,0,0,0,0,0,0,0,0,0,0,0,0,0,0,0,0,0,0,0,0,0,0,0,0,0,0,0,0,0,0,0,0,0,0,0,1,0,0
-1.215496801,415,0,0,-0.591781216,1.337619613,-0.778901259,1.303088618,0.498442319,-0.349390793,0.498622633,0.883507775,1.647104542,0.881881544,-0.015621635,-1.002872215,-0.021595808,0.327811105,1,0,1,0,0,0,0,0,0,0,0,0,0,0,0,0,0,0,0,0,0,0,0,0,0,0,0,0,0,0,0,0,0,0,0,0,0,0,0,0,0,0,0,0,0,0,0,0,0,0,0
1.337938407,510,0,0,-0.591781216,0.954956918,-0.374137563,0.930081694,-1.294796809,0.29628125,-1.295805651,-0.077033594,0.358365676,-0.076386236,-0.445685785,-1.002872215,-0.446376416,-0.432980172,0,0,0,0,0,0,0,0,0,0,0,0,0,0,0,0,0,0,0,0,0,0,0,0,0,0,0,0,0,0,1,0,0,0,0,0,0,0,0,0,0,0,0,0,0,0,0,0,0,0,0
2.614656011,415,0,0,-0.591781216,0.911562179,0.485985291,0.887129382,1.983405507,-0.697060355,1.982522377,1.026567128,-0.981922745,1.027211255,0.342765158,-0.186811071,0.336812829,-0.432980172,1,0,0,0,0,0,0,0,0,0,0,0,0,0,0,0,0,0,0,0,0,0,0,0,0,0,0,0,0,0,0,0,0,0,0,0,0,0,0,0,0,0,0,1,0,0,0,0,0,0,0
-0.59016573,415,0,0,-0.591781216,-1.502763275,0.7389626,-1.463944563,-1.667548763,0.097612929,-1.667965811,-0.001416507,-0.311778535,0.000820173,0.629474591,-0.594841643,0.628849496,1.849393659,1,0,0,0,0,0,0,0,0,0,0,0,0,1,0,0,0,0,0,0,0,0,0,0,0,0,0,0,0,0,0,0,0,0,0,0,0,0,0,0,0,0,0,0,0,0,0,0,0,0,0
-0.876775804,415,0,0,-0.591781216,-1.266064701,-1.537833189,-1.233358464,1.038428932,2.13396322,1.03908452,0.160036191,-0.466427199,0.159774544,-0.983265973,0.629250074,-0.977352175,-1.19377145,0,0,0,0,0,0,1,0,0,0,0,0,0,0,0,0,0,0,0,0,0,0,0,0,0,0,0,0,0,0,0,0,0,0,0,0,0,0,0,0,0,0,0,0,0,0,0,0,0,0,0
-0.016945581,408,0,0,-0.591781216,0.771515523,1.24491722,0.751490501,-1.055026634,0.097612929,-1.05402007,1.568148963,-0.157129871,1.567656117,-0.194815031,0.629250074,-0.19416293,-0.432980172,0,0,0,0,0,0,0,0,0,0,0,0,0,0,0,0,0,0,0,0,0,0,0,0,0,0,0,0,0,0,1,0,0,0,0,0,0,0,0,0,0,0,0,0,0,0,0,0,0,0,0
-1.554217798,510,0,0,-0.591781216,0.870139929,-1.689619575,0.847568042,0.889328151,-1.293065318,0.889746367,0.464548242,2.884293853,0.464058626,0.736990629,0.221219501,0.735044648,1.088602382,0,0,0,0,0,0,0,0,0,0,0,0,0,0,0,0,0,0,0,0,0,0,0,0,0,0,0,0,0,0,0,0,0,0,0,0,0,0,0,0,0,0,0,0,0,0,0,0,0,0,1
0.842884642,415,0,0,-0.591781216,-0.707850564,-1.487237727,-0.689672615,-0.335716107,1.537958257,-0.335774667,1.521143747,1.647104542,1.522240582,0.952022704,-0.186811071,0.947434952,1.088602382,0,0,0,0,0,0,0,0,0,0,0,0,0,0,0,0,0,0,0,0,0,0,0,0,0,0,0,0,0,0,0,0,0,0,0,0,0,1,0,0,0,0,0,0,0,0,0,0,0,0,0
-1.293663185,510,0,1,1.460389269,1.913586143,1.042535372,1.863729328,0.061214352,-0.051388311,0.060089961,0.922338171,-0.621075863,0.922755525,-0.696556539,-0.594841643,-0.698589901,-1.19377145,0,0,0,0,0,0,0,0,0,0,0,0,0,0,0,0,0,0,0,0,1,0,0,0,0,0,0,0,0,0,0,0,0,0,0,0,0,0,0,0,0,0,0,0,0,0,0,0,0,0,0
0.556274568,415,0,0,-0.591781216,-0.755190279,1.396703606,-0.736015899,-1.093309267,-1.491733639,-1.094317667,-1.595506438,-1.291220073,-1.593265092,-0.768233898,-0.186811071,-0.764961871,-1.19377145,0,0,0,0,0,0,0,0,0,0,0,0,0,0,0,0,0,0,0,0,0,0,0,0,0,0,0,0,0,0,0,0,0,0,1,0,0,0,0,0,0,0,0,0,0,0,0,0,0,0,0
0.243609032,408,0,0,-0.591781216,0.254723637,0.081221595,0.247365991,-0.438474754,0.892286214,-0.437703883,0.276527378,-1.342769628,0.277854934,-0.302331068,-0.186811071,-0.300358082,-0.432980172,0,0,0,0,0,0,0,0,0,0,0,0,0,0,0,0,0,0,0,0,0,0,0,0,0,0,0,0,0,0,0,0,0,0,0,0,0,0,0,0,0,0,0,0,1,0,0,0,0,0,0
-0.251444733,408,1,0,-0.591781216,-0.550051515,0.7389626,-0.535948549,-1.955675948,0.792952053,-1.954789883,-0.91495266,-0.724174972,-0.916573626,0.70115195,-0.186811071,0.695221466,-0.432980172,0,1,0,0,0,0,0,0,0,0,0,0,0,0,0,0,0,0,0,0,0,0,0,0,0,0,0,0,0,0,0,0,0,0,0,0,0,0,0,0,0,0,0,0,0,0,0,0,0,0,0
0.530219106,408,0,0,-0.591781216,0.708395903,-1.335451341,0.68932268,-0.156392194,-0.101055392,-0.155620704,-1.166328379,0.152167457,-1.166359067,-0.051460314,-0.186811071,-0.048144596,2.610184936,0,0,0,0,0,0,0,0,1,0,0,0,0,0,0,0,0,0,0,0,0,0,0,0,0,0,0,0,0,0,0,0,0,0,0,0,0,0,0,0,0,0,0,0,0,0,0,0,0,0,0
0.217553571,415,0,0,-0.591781216,0.006190134,-0.019969329,0.005476653,0.570977834,0.14728001,0.572106486,-1.260338811,0.255266566,-1.26173169,-0.875749935,1.445311218,-0.871157023,1.088602382,0,0,0,0,0,0,0,0,0,0,0,0,0,0,0,0,0,0,0,0,0,0,0,0,0,0,0,0,0,0,0,0,0,0,0,0,0,0,0,0,0,0,0,0,0,0,0,0,0,1,0
-0.746498498,415,0,0,-0.591781216,0.331650673,-0.627114873,0.3230977,-0.847494465,1.438624096,-0.847791192,1.394434035,0.925410777,1.395077085,-1.234136727,-0.594841643,-1.22956566,-1.19377145,0,0,0,0,0,0,0,0,0,0,0,0,0,0,0,0,0,0,0,0,0,0,0,0,0,0,0,1,0,0,0,0,0,0,0,0,0,0,0,0,0,0,0,0,0,0,0,0,0,0,0
0.191498109,415,0,0,-0.591781216,0.268531054,1.295512682,0.260929879,-0.926074606,-0.746727435,-0.926015939,-0.536867227,-0.105580316,-0.535083136,-0.302331068,0.629250074,-0.300358082,1.088602382,0,0,0,1,0,0,0,0,0,0,0,0,0,0,0,0,0,0,0,0,0,0,0,0,0,0,0,0,0,0,0,0,0,0,0,0,0,0,0,0,0,0,0,0,0,0,0,0,0,0,0
1.233716562,415,1,0,-0.591781216,0.769543035,0.536580753,0.749229853,-0.907940728,1.637292418,-0.907052364,1.559974143,-1.961364283,1.55857301,-0.732395219,0.221219501,-0.738413083,-0.432980172,0,0,0,0,0,0,0,0,0,0,0,0,0,0,0,0,0,0,0,0,0,0,0,0,0,0,0,0,1,0,0,0,0,0,0,0,0,0,0,0,0,0,0,0,0,0,0,0,0,0,0
-0.642276652,510,1,0,-0.591781216,1.323812196,0.485985291,1.28952473,0.113601113,-1.839403201,0.114610239,0.149817666,1.18315855,0.150691437,1.059538742,0.221219501,1.053630104,-1.19377145,1,0,0,0,0,0,0,0,0,0,0,0,0,0,0,0,0,0,0,0,0,0,0,0,0,0,0,0,0,0,0,0,0,0,0,0,0,0,0,0,0,0,0,0,0,0,0,1,0,0,0
0.061220803,415,0,0,-0.591781216,-0.098351736,2.560399232,-0.096252508,-1.06107126,-2.187072763,-1.061131411,-0.67175176,0.461464785,-0.67132974,1.991344401,-0.594841643,1.996112076,3.370976214,1,0,0,0,0,0,0,0,0,0,0,0,0,1,0,0,0,0,0,0,0,0,0,0,0,0,0,0,0,0,0,0,0,0,0,0,0,0,0,0,0,0,0,0,0,0,0,0,0,0,0
-0.355666578,415,0,0,-0.591781216,1.189683004,-0.880092183,1.158407145,-1.341138944,0.29628125,-1.340844142,-0.244617407,-0.827274081,-0.244423714,-0.338169747,-1.002872215,-0.340181264,-1.19377145,1,0,0,0,0,0,1,0,0,0,0,0,0,0,0,0,0,0,0,0,0,0,0,0,0,0,0,0,0,0,0,0,0,0,0,0,0,0,0,0,0,0,0,0,0,0,0,0,0,0,0
-1.710550566,510,0,1,2.120015497,0.029859991,-1.234260417,0.028083133,-0.464668134,-0.101055392,-0.463778798,0.550383853,1.85330276,0.550348142,-1.879232953,-0.594841643,-1.880010965,0.327811105,0,0,0,0,0,0,0,0,0,0,0,0,0,0,0,0,0,0,0,0,0,0,0,0,0,0,0,0,0,0,0,0,0,0,0,0,1,0,0,0,0,0,0,0,0,0,0,0,0,0,0
-0.616221191,510,0,1,1.533681072,0.619633938,-0.576519411,0.603418055,0.460159686,-0.150722472,0.460695483,-1.076405358,0.306816121,-1.075527998,-0.194815031,1.85334179,-0.19416293,0.327811105,0,0,0,0,0,0,0,0,0,0,0,0,0,1,0,0,0,0,0,0,0,0,0,0,0,0,0,0,0,0,0,0,0,0,0,0,0,0,0,0,0,0,0,0,0,0,0,0,0,0,0
0.60838549,510,0,0,-0.591781216,-0.204866094,0.384794367,-0.200242317,-0.44451938,-0.448724953,-0.444815223,0.842633674,-0.930373191,0.841007563,0.70115195,-0.594841643,0.695221466,-0.432980172,0,0,0,0,0,0,0,0,0,0,0,0,0,0,0,0,0,0,0,0,0,0,0,0,0,0,0,0,0,0,0,0,0,0,0,0,0,1,0,0,0,0,0,0,0,0,0,0,0,0,0
-1.840827873,415,0,0,-0.591781216,1.335647125,0.334198905,1.30082797,-0.498921016,-1.193731157,-0.499335501,1.764344647,-0.517976753,1.762942916,0.378603837,-1.002872215,0.376636011,-1.19377145,0,0,0,0,0,0,0,0,0,0,0,0,0,0,0,0,0,0,0,0,0,0,0,0,0,0,0,0,0,0,0,0,0,0,0,0,0,0,0,0,0,1,0,0,0,0,0,0,0,0,0
-1.241552263,415,0,1,1.753556482,-0.956384067,-1.892001423,-0.932692277,0.538739827,1.239955775,0.53892023,-0.453075321,0.255266566,-0.453335173,0.916184025,-1.002872215,0.920886164,0.327811105,0,0,0,0,0,0,0,0,1,0,0,0,0,0,0,0,0,0,0,0,0,0,0,0,0,0,0,0,0,0,0,0,0,0,0,0,0,0,0,0,0,0,0,0,0,0,0,0,0,0,0
-0.016945581,510,1,0,-0.591781216,-1.429781215,-0.121160253,-1.393864474,-2.29417502,1.090954535,-2.293763786,-0.916996365,0.873861222,-0.916573626,-0.194815031,-0.186811071,-0.19416293,-0.432980172,0,0,0,0,0,0,1,0,0,0,0,0,0,0,0,0,0,0,0,0,0,0,0,0,0,0,0,0,0,0,0,0,0,0,0,0,0,0,0,0,0,0,0,0,0,0,0,0,0,0,0
-1.085219495,408,0,1,1.753556482,0.635413843,0.99193991,0.618112267,0.045095348,1.786293658,0.04586728,0.254046623,-0.26022898,0.255147167,-0.517363143,0.221219501,-0.512748386,-0.432980172,0,0,0,0,0,0,0,0,0,0,0,0,0,0,0,0,0,0,0,0,0,0,0,1,0,0,0,0,0,0,0,0,0,0,0,0,0,0,0,0,0,0,0,0,0,0,0,0,0,0,0
1.103439255,510,0,0,-0.591781216,-0.380417537,0.99193991,-0.370921243,1.717441951,0.19694709,1.717032327,-0.379501939,-0.775724527,-0.380670318,-1.198298048,-0.186811071,-1.203016872,1.088602382,0,0,0,0,0,0,0,0,0,0,0,0,0,0,0,0,0,0,0,0,0,0,0,0,0,0,0,0,0,0,0,0,0,0,0,0,0,0,0,0,0,0,0,0,0,0,0,1,0,0,0
0.269664493,408,0,0,-0.591781216,0.004217646,-0.525923949,2.209608476,1.892736112,-1.392399478,1.892445395,1.206413171,1.080059441,1.20433184,0.199410441,-0.594841643,0.204068889,-0.432980172,1,0,0,0,0,0,0,0,0,0,0,0,0,0,0,0,0,0,0,0,0,0,0,0,0,1,0,0,0,0,0,0,0,0,0,0,0,0,0,0,0,0,0,0,0,0,0,0,0,0,0
1.103439255,510,0,0,-0.591781216,-0.912989328,0.334198905,-0.889739965,0.468219187,0.842619133,0.467806824,-0.422419745,-0.775724527,-0.421544299,-0.015621635,3.485464078,-0.021595808,-0.432980172,0,0,0,0,0,0,0,0,0,0,0,0,0,0,0,0,0,0,0,0,0,0,0,0,0,0,0,0,0,0,0,0,0,0,0,0,0,0,0,0,0,0,0,0,0,0,0,1,0,0,0
-0.850720343,415,1,1,1.167222057,-1.064870913,-0.424733025,-1.03781241,1.515954408,-0.101055392,1.515544342,0.274483673,0.40991523,0.27331338,1.417925534,0.629250074,1.412038741,1.088602382,1,0,0,0,0,0,0,0,0,0,0,0,0,0,0,0,0,0,0,0,0,0,0,0,0,0,0,0,0,0,0,0,0,0,0,1,0,0,0,0,0,0,0,0,0,0,0,0,0,0,0
-0.19933381,510,1,0,-0.591781216,0.004217646,0.688367139,-0.217197178,1.517969284,1.339289936,1.517914789,-0.099514349,-2.683058048,-0.099094003,0.414442516,-0.594841643,0.416459193,-0.432980172,0,0,0,0,0,0,0,0,0,0,0,0,0,0,0,0,0,0,0,0,0,0,0,0,0,0,0,0,0,0,0,0,0,0,0,0,0,0,0,0,0,0,1,0,0,0,0,0,0,0,0
0.061220803,415,0,0,-0.591781216,-2.145794401,1.700276378,-2.091274389,-1.333079442,0.594283732,-1.333732801,-0.65948953,3.29669029,-0.657705079,0.629474591,0.629250074,0.628849496,0.327811105,0,0,0,0,0,0,0,0,0,0,0,0,0,1,0,0,0,0,0,0,0,0,0,0,0,0,0,0,0,0,0,0,0,0,0,0,0,0,0,0,0,0,0,0,0,0,0,0,0,0,0
1.129494716,510,0,1,2.1933073,-1.473175953,-0.728305797,-1.435686462,-1.588968621,1.140621615,-1.589741064,0.417543026,1.131608995,0.418643091,-2.345135783,-0.186811071,-2.344614754,-1.19377145,0,0,0,0,0,0,0,0,0,0,0,0,0,0,0,0,0,0,0,0,0,0,0,0,0,0,0,0,0,0,0,0,0,0,0,0,0,0,0,0,0,0,0,0,0,0,0,0,0,1,0
-0.19933381,415,0,0,-0.591781216,-0.54413405,2.054444612,-0.530296929,0.298969652,0.345948331,0.299505096,1.253418387,0.564563894,1.254288928,0.629474591,1.037280646,0.628849496,-0.432980172,0,0,0,0,0,0,0,0,0,0,0,0,0,0,0,0,0,0,0,0,0,0,0,0,0,0,0,0,0,0,0,0,0,0,0,0,0,0,0,0,0,0,0,0,0,0,0,0,1,0,0
1.259772023,510,1,0,-0.591781216,0.023942527,-1.082474031,0.022431513,-0.116094686,-0.846061596,-0.115323108,-0.066815068,0.461464785,-0.067303129,-0.517363143,1.85334179,-0.512748386,1.088602382,0,0,0,0,0,0,0,0,0,0,0,0,0,0,0,0,0,0,0,0,0,0,0,0,0,0,0,0,0,0,0,0,0,0,0,0,1,0,0,0,0,0,0,0,0,0,0,0,0,0,0
-2.023216102,510,0,1,1.680264679,-0.455372085,-0.829496721,-0.444392304,-0.789063078,-0.200389552,-0.78853002,1.911491409,0.358365676,1.91281418,-0.302331068,0.629250074,-0.300358082,-0.432980172,0,0,0,0,0,0,0,0,0,0,0,0,0,0,0,0,0,0,0,0,0,0,0,0,0,0,0,0,0,0,0,0,0,0,0,0,0,0,0,0,0,0,0,0,0,0,0,0,0,1,0
3.135765237,510,0,1,1.167222057,0.016052575,-0.778901259,0.015649569,0.472248938,-0.399057873,0.472547717,0.09463763,0.152167457,0.096192795,-2.811038612,-0.594841643,-2.809218544,-1.19377145,0,0,0,0,0,0,0,0,0,0,0,0,0,0,0,0,0,0,0,0,0,0,0,0,0,0,0,0,0,0,0,0,0,0,0,0,0,0,0,0,0,1,0,0,0,0,0,0,0,0,0
1.650603943,510,0,1,1.606972875,1.166013146,-0.019969329,1.135800665,0.591126588,1.041287454,0.591070061,0.10689986,-1.755166065,0.105275902,1.059538742,1.445311218,1.053630104,-0.432980172,0,0,0,0,0,0,0,0,0,0,0,0,0,0,0,0,1,0,0,0,0,0,0,0,0,0,0,0,0,0,0,0,0,0,0,0,0,0,0,0,0,0,0,0,0,0,0,0,0,0,0
0.087276264,415,0,1,0.727471239,0.047612385,-1.740215037,0.046168317,0.260687019,-1.74006904,0.261577946,-0.16491291,0.40991523,-0.162675752,1.1312161,1.85334179,1.133276468,0.327811105,0,0,0,0,0,0,0,0,0,0,0,0,0,0,0,0,0,0,0,0,0,0,0,0,0,0,0,1,0,0,0,0,0,0,0,0,0,0,0,0,0,0,0,0,0,0,0,0,0,0,0
1.285827484,415,0,1,1.973431891,-0.790695065,-1.436642265,-0.771055943,2.662418525,3.474974387,2.66284063,0.260177738,0.255266566,0.25968872,-0.517363143,-1.002872215,-0.512748386,0.327811105,0,0,0,0,0,0,0,0,0,0,0,0,0,0,0,0,0,0,0,0,0,0,0,0,0,0,0,0,0,0,0,0,0,0,1,0,0,0,0,0,0,0,0,0,0,0,0,0,0,0,0
2.171713169,408,0,1,0.287720421,0.406605222,-1.234260417,0.395438437,1.066637188,0.24661417,1.067529883,-1.058012012,-0.363328089,-1.057361784,-0.015621635,0.221219501,-0.021595808,-1.19377145,0,0,0,0,0,0,0,0,0,0,0,0,0,0,0,0,0,0,0,0,0,0,0,0,0,0,0,0,0,0,0,0,0,0,0,0,0,0,0,0,0,0,0,0,0,0,0,0,1,0,0
-1.033108572,415,1,1,1.533681072,-1.01555871,0.941344448,-0.990338802,-0.583545784,-0.846061596,-0.584671589,1.018392307,0.719212558,1.018128148,0.521958554,0.629250074,0.522654345,1.088602382,0,0,0,0,0,0,0,0,0,0,0,0,0,0,0,0,0,0,0,0,0,0,0,0,0,0,0,0,0,0,0,0,0,0,0,0,0,0,0,0,0,0,0,0,1,0,0,0,0,0,0
0.373886338,415,0,0,-0.591781216,0.92142462,0.030626133,0.897302298,1.534088287,-1.988404442,1.534507917,0.252002918,-0.930373191,0.250605613,0.736990629,-0.186811071,0.735044648,1.088602382,1,0,0,0,0,0,0,0,0,0,0,0,0,0,0,1,0,0,0,0,0,0,0,0,0,0,0,0,0,0,0,0,0,0,0,0,0,0,0,0,0,0,0,0,0,0,0,0,0,0,0
-1.762661489,408,0,0,-0.591781216,1.42440909,-0.981283107,1.386732595,-0.122139312,-0.200389552,-0.122434448,0.207041407,-0.672625417,0.205190078,-0.66071786,-0.594841643,-0.658766719,0.327811105,0,0,1,0,0,0,0,0,0,0,0,0,0,0,0,0,0,0,0,0,0,0,0,0,0,0,0,0,0,0,0,0,0,0,0,0,0,0,0,0,0,0,0,0,0,0,0,0,0,0,0
-0.016945581,510,0,0,-0.591781216,1.672942592,0.840153524,1.629752258,-0.134228565,0.544616652,-0.134286683,1.259549502,0.564563894,1.258830482,-0.983265973,-0.186811071,-0.977352175,0.327811105,1,0,0,0,0,0,0,0,0,0,0,0,0,0,0,0,0,0,0,0,0,1,0,0,0,0,0,0,0,0,0,0,0,0,0,0,0,0,0,0,0,0,0,0,0,0,0,0,0,0,0
-0.668332114,510,0,1,1.460389269,0.412522686,-0.222351177,0.401090057,-0.736676317,0.544616652,-0.736380189,-0.643139889,2.729645189,-0.644080419,-2.775199933,0.221219501,-2.769395362,-0.432980172,0,0,0,0,0,0,0,0,1,0,0,0,0,0,0,0,0,0,0,0,0,0,0,0,0,0,0,0,0,0,0,0,0,0,0,0,0,0,0,0,0,0,0,0,0,0,0,0,0,0,0
0.530219106,408,0,1,1.900140088,1.28830741,-0.272946639,1.254484686,0.327177908,-1.69040196,0.327950458,-1.812139172,1.286257659,-1.811259658,-0.983265973,1.445311218,-0.977352175,-1.19377145,0,0,0,0,0,0,0,0,0,0,0,0,0,0,0,0,0,0,0,0,0,0,0,0,0,0,0,0,0,0,0,0,0,0,0,0,0,0,0,0,0,0,0,0,0,0,0,0,0,0,0
1.077383794,415,1,0,-0.591781216,-0.767025208,2.00384915,-0.747319139,0.562918332,0.941953294,0.562624699,-0.984438631,-0.621075863,-0.984696928,0.23524912,1.037280646,0.230617677,-0.432980172,0,0,0,0,0,0,0,0,0,0,0,0,0,0,0,0,0,0,0,0,0,0,1,0,0,0,0,0,0,0,0,0,0,0,0,0,0,0,0,0,0,0,0,0,0,0,0,0,0,0,0
0.530219106,510,0,0,-0.591781216,1.487528709,-0.374137563,1.448900416,1.33461562,-0.150722472,1.33539038,-0.068858773,0.925410777,-0.067303129,-0.517363143,-0.594841643,-0.512748386,1.088602382,1,0,0,0,0,0,0,0,0,0,0,0,0,0,0,0,0,0,0,0,0,0,0,0,0,0,0,0,0,0,0,0,0,0,0,0,0,0,0,0,0,0,0,0,0,0,0,1,0,0,0
-0.355666578,415,0,1,1.826848285,-1.07867833,-0.070564791,-1.051376298,0.697914986,-0.945395756,0.697740171,0.290833313,-0.26022898,0.291479594,-0.015621635,1.037280646,-0.021595808,0.327811105,0,0,0,0,0,0,0,0,0,0,0,0,0,0,0,0,0,0,0,0,0,0,0,0,0,0,0,0,0,0,0,0,0,0,0,0,0,0,0,0,0,1,0,0,0,0,0,0,0,0,0
-1.736606027,408,0,0,-0.591781216,0.018025063,-1.790810499,0.016779893,1.606623802,-0.051388311,1.605621324,1.866529899,0.255266566,1.867398645,-1.879232953,-0.594841643,-1.880010965,-0.432980172,0,0,0,0,0,0,0,0,0,0,0,0,0,0,0,0,0,0,0,0,0,0,0,0,0,0,0,0,0,0,0,0,0,0,0,0,0,0,0,0,0,1,0,0,0,0,0,0,0,0,0
1.989324939,415,1,0,-0.591781216,1.36128947,0.890748986,1.325695099,-0.571456532,-1.342732398,-0.570448908,-0.187393666,-0.672625417,-0.185383519,0.378603837,-1.002872215,0.376636011,-0.432980172,1,0,0,0,0,0,0,0,0,0,0,0,0,0,0,0,0,0,0,0,0,0,0,0,0,0,0,0,0,0,0,0,0,0,0,0,0,0,0,0,0,0,0,0,0,0,0,0,0,0,0
-1.111274956,415,0,1,1.606972875,-0.03128714,0.536580753,-0.030693716,0.726123242,0.445282491,0.726185533,1.286117667,0.925410777,1.286079802,-0.66071786,-1.002872215,-0.658766719,-1.19377145,0,0,0,0,0,0,0,0,0,0,0,0,0,0,0,0,0,0,0,1,0,0,0,0,0,0,0,0,0,0,0,0,0,0,0,0,0,0,0,0,0,0,0,0,0,0,0,0,0,0,0
0.321775416,415,1,0,-0.591781216,-1.133907997,0.587176215,-1.105631851,-1.389495954,-0.299723713,-1.390623526,-0.645183594,0.306816121,-0.644080419,0.020217045,1.85334179,0.018227373,2.610184936,1,0,1,0,0,0,0,0,0,0,0,0,0,0,0,0,0,0,0,0,0,0,0,0,0,0,0,0,0,0,0,0,0,0,0,0,0,0,0,0,0,0,0,0,0,0,0,0,0,0,0
-0.303555655,415,0,0,-0.591781216,-1.35088169,0.030626133,-1.317002441,-1.582923995,-0.299723713,-1.582629723,-0.414244925,-0.775724527,-0.412461192,0.844506666,-1.002872215,0.8412398,1.088602382,0,0,0,0,0,0,0,0,0,0,0,0,0,0,0,0,0,0,0,0,0,0,0,0,0,0,0,0,0,0,0,0,0,0,0,0,0,1,0,0,0,0,0,0,0,0,0,0,0,0,0
-0.616221191,408,1,1,2.633058118,-1.508680739,0.840153524,-1.470726507,0.71806374,-0.697060355,0.719074192,0.049676119,0.049068348,0.050777261,0.593635912,-1.002872215,0.589026314,-1.19377145,1,0,0,0,0,0,0,0,0,0,0,0,0,0,0,0,0,0,0,0,0,0,0,0,0,0,0,1,0,0,0,0,0,0,0,0,0,0,0,0,0,0,0,0,0,0,0,0,0,0,0
-0.19933381,415,0,0,-0.591781216,-0.658538361,-0.778901259,-0.642199006,0.321133281,-0.250056632,0.320839117,0.652569105,-0.930373191,0.654803871,0.450281195,-0.594841643,0.456282375,-1.19377145,0,0,0,0,0,0,0,0,0,0,0,0,0,0,0,0,0,0,0,0,0,0,0,0,0,0,0,0,0,0,0,1,0,0,0,0,0,0,0,0,0,0,0,0,0,0,0,0,0,0,0
1.546382097,415,0,0,-0.591781216,0.524954509,-1.740215037,0.510731486,0.81477776,0.445282491,0.813892067,0.546296443,0.100617902,0.545806588,0.521958554,0.629250074,0.522654345,-1.19377145,0,0,0,0,0,0,0,0,0,0,0,0,0,0,0,0,0,0,0,0,0,0,0,0,0,0,0,0,0,0,0,0,0,0,0,1,0,0,0,0,0,0,0,0,0,0,0,0,0,0,0
-1.18944134,415,0,0,-0.591781216,-0.940604162,0.131817057,-0.916867741,1.590504799,0.693617893,1.591398642,-0.430594565,-1.342769628,-0.430627406,1.167054779,-0.186811071,1.173099649,-1.19377145,0,0,0,0,0,0,0,0,0,0,0,0,0,0,0,0,0,0,0,0,0,0,0,0,0,0,0,0,0,0,0,0,1,0,0,0,0,0,0,0,0,0,0,0,0,0,0,0,0,0,0
-0.329611117,408,0,0,-0.591781216,1.872163892,0.233007981,1.823037664,-0.797122579,1.041287454,-0.798011808,-0.13630104,1.18315855,-0.135426431,-0.374008427,-0.186811071,-0.380004446,0.327811105,0,0,0,0,0,0,0,0,0,0,0,0,0,0,0,0,0,0,0,0,0,0,0,0,0,0,0,0,0,0,0,0,0,0,0,1,0,0,0,0,0,0,0,0,0,0,0,0,0,0,0
-0.980997649,510,0,0,-0.591781216,0.110732004,-0.677710335,0.107205814,0.496427443,-0.647393275,0.496252186,-0.138344745,-0.363328089,-0.139967985,0.521958554,-0.594841643,0.522654345,-1.19377145,0,0,0,0,0,0,0,0,0,0,0,0,0,0,0,0,0,0,0,0,0,0,1,0,0,0,0,0,0,0,0,0,0,0,0,0,0,0,0,0,0,0,0,0,0,0,0,0,0,0,0
-0.016945581,415,0,1,1.606972875,-0.009589771,0.233007981,-0.010347883,1.663040314,-0.846061596,1.662512049,0.552427558,-1.188120964,0.550348142,1.59711893,0.221219501,1.597880257,-0.432980172,0,0,0,0,0,0,0,0,0,0,0,0,0,0,1,0,0,0,0,0,0,0,0,0,0,0,0,0,0,0,0,0,0,0,0,0,0,0,0,0,0,0,0,0,0,0,0,0,0,0,0
0.973161949,510,1,0,-0.591781216,2.100972514,-1.993192347,2.045711494,-0.271240093,-1.988404442,-0.271772601,-1.121366869,0.719212558,-1.120943532,0.271087799,-0.186811071,0.270440859,0.327811105,1,0,0,0,0,0,0,0,0,0,0,0,0,0,0,0,0,0,0,0,0,0,0,0,0,0,0,0,0,0,0,0,0,0,0,0,0,0,0,1,0,0,0,0,0,0,0,0,0,0,0
-0.016945581,408,0,0,-0.591781216,1.741979676,0.7389626,1.696441374,-0.948238236,0.29628125,-0.947349961,0.63826317,-1.806715619,0.636637657,2.421408551,-1.410902787,2.420892683,1.088602382,0,0,1,0,0,0,0,0,0,0,0,0,0,0,0,0,0,0,0,0,0,0,0,0,0,0,0,0,0,0,0,0,0,0,0,0,0,0,0,0,0,0,0,0,0,0,0,0,0,0,0
1.832992172,415,0,0,-0.591781216,-0.832117315,0.485985291,-0.810617284,-0.051618672,0.445282491,-0.051321042,1.872661014,1.595554987,1.871940199,1.095377421,0.221219501,1.093453286,0.327811105,0,0,0,0,0,0,0,0,0,0,0,0,0,0,0,0,0,0,0,0,0,0,0,0,0,0,0,0,0,0,0,0,0,0,1,0,0,0,0,0,0,0,0,0,0,0,0,0,0,0,0
0.686551874,510,0,0,-0.591781216,-0.883402006,-1.082474031,-0.861481864,0.419862177,0.693617893,0.420397886,-1.783527301,0.925410777,-1.784010338,1.704634967,-1.002872215,1.704075409,-0.432980172,0,0,0,0,0,0,0,0,0,0,0,0,0,0,0,0,0,0,0,0,0,0,0,0,0,0,0,1,0,0,0,0,0,0,0,0,0,0,0,0,0,0,0,0,0,0,0,0,0,0,0
-1.033108572,415,0,0,-0.591781216,1.075278693,-1.234260417,1.046505068,0.323148157,0.395615411,0.323209564,-1.440184855,1.131608995,-1.438852275,1.310409496,-1.002872215,1.305843589,-0.432980172,0,0,0,0,0,0,0,0,0,0,0,0,0,0,0,0,0,0,0,0,0,0,0,0,0,0,0,0,0,0,0,0,0,0,0,0,0,1,0,0,0,0,0,0,0,0,0,0,0,0,0
0.790773719,415,0,0,-0.591781216,-0.090461784,-1.386046803,-0.08834024,-0.579516033,0.792952053,-0.579930695,-1.429966329,-0.311778535,-1.429769168,-1.054943331,0.629250074,-1.056998539,-0.432980172,0,0,0,0,0,0,0,0,0,0,0,0,0,0,0,0,0,0,0,0,0,0,0,0,0,0,0,0,0,0,0,0,0,0,0,0,0,0,0,0,0,0,0,0,0,0,1,0,0,0,0
-0.016945581,408,0,0,-0.591781216,-0.739410374,0.334198905,-0.721321687,1.243946226,-0.796394515,1.242942952,-1.264426221,-0.054030762,-1.266273243,-0.051460314,0.221219501,-0.048144596,-0.432980172,0,0,0,0,0,0,0,0,0,0,0,0,0,0,0,0,0,0,0,0,0,0,0,0,0,0,0,0,0,0,0,0,0,0,0,0,0,0,0,0,0,1,0,0,0,0,0,0,0,0,0
0.764718258,510,0,0,-0.591781216,-0.932714209,-0.981283107,-0.908955473,-0.007291413,0.494949571,-0.006282551,0.029239068,0.152167457,0.028069493,-1.520846161,-1.410902787,-1.521602328,0.327811105,0,0,0,0,0,0,0,1,0,0,0,0,0,0,0,0,0,0,0,0,0,0,0,0,0,0,0,0,0,0,0,0,0,0,0,0,0,0,0,0,0,0,0,0,0,0,0,0,0,0,0
-0.303555655,415,0,1,1.167222057,-1.615195098,-0.121160253,-1.573585992,0.131734991,-1.64073488,0.131203367,0.274483673,1.337807214,0.27331338,-1.55668484,-1.002872215,-1.56142551,-1.19377145,0,0,0,0,0,0,0,0,0,0,0,0,0,0,0,0,0,0,0,0,0,0,0,0,0,0,0,0,0,0,0,0,0,0,0,0,0,0,0,1,0,0,0,0,0,0,0,0,0,0,0
-0.485943885,415,0,0,-0.591781216,1.720282307,-0.880092183,1.674965218,0.585081962,-1.293065318,0.583958721,1.034741948,-0.054030762,1.036294362,0.271087799,0.629250074,0.270440859,1.088602382,1,0,0,0,0,0,0,0,0,0,0,0,0,1,0,0,0,0,0,0,0,0,0,0,0,0,0,0,0,0,0,0,0,0,0,0,0,0,0,0,0,0,0,0,0,0,0,0,0,0,0
0.373886338,415,0,0,-0.591781216,0.404632734,-0.424733025,0.393177789,0.891343026,0.345948331,0.892116814,-0.207830716,-0.208679425,-0.208091286,-0.517363143,-0.594841643,-0.512748386,-0.432980172,0,0,0,0,0,0,0,0,0,0,0,0,0,0,0,0,0,0,0,0,0,0,0,1,0,0,0,0,0,0,0,0,0,0,0,0,0,0,0,0,0,0,0,0,0,0,0,0,0,0,0
0.425997261,510,1,0,-0.591781216,0.369127947,1.042535372,0.359268068,0.984027296,0.19694709,0.984564242,-0.782111832,0.770762113,-0.780327023,0.091894403,0.221219501,0.097873737,-0.432980172,0,0,0,0,0,0,0,0,0,0,0,0,0,0,0,0,0,0,0,0,0,0,0,0,0,0,0,0,0,0,0,0,0,0,0,0,0,0,0,0,0,0,0,0,0,0,0,0,0,1,0
-1.059164033,415,0,0,-0.591781216,0.012107598,-1.689619575,0.011128273,0.147853995,-1.591067799,0.147796496,-0.406070105,0.049068348,-0.407919639,0.916184025,0.629250074,0.920886164,0.327811105,0,0,0,0,0,0,0,0,0,0,0,0,0,0,0,0,0,0,0,0,0,0,0,0,0,0,0,0,0,0,1,0,0,0,0,0,0,0,0,0,0,0,0,0,0,0,0,0,0,0,0
-1.007053111,415,0,0,-0.591781216,-1.842031231,-0.829496721,-1.795129498,0.76642075,-0.051388311,0.76648313,0.762929177,-1.085021854,0.763801154,0.808667987,-1.410902787,0.814691012,0.327811105,0,0,0,0,0,0,0,0,0,0,0,0,0,0,0,0,0,0,0,0,0,0,0,0,0,0,0,0,0,0,0,0,0,0,0,0,0,0,0,0,0,0,0,0,0,0,0,0,1,0,0
0.790773719,408,0,0,-0.591781216,1.207435397,0.384794367,1.175362005,-0.670185428,-0.448724953,-0.670007676,2.475554,0.461464785,2.475966809,1.59711893,1.445311218,1.597880257,1.088602382,0,0,0,0,0,0,0,0,0,0,0,0,0,0,0,1,0,0,0,0,0,0,0,0,0,0,0,0,0,0,0,0,0,0,0,0,0,0,0,0,0,0,0,0,0,0,0,0,0,0,0
-0.928886727,408,0,0,-0.591781216,0.552569342,0.435389829,0.537859262,0.33926716,0.842619133,0.339802692,-1.542370107,0.564563894,-1.543308004,-0.804072577,0.221219501,-0.804785053,-0.432980172,0,0,0,0,0,0,0,0,0,0,0,0,0,0,0,1,0,0,0,0,0,0,0,0,0,0,0,0,0,0,0,0,0,0,0,0,0,0,0,0,0,0,0,0,0,0,0,0,0,0,0
1.077383794,510,0,1,1.020638451,0.881974858,0.688367139,0.858871282,-1.101368768,0.29628125,-1.101429008,0.824240329,-0.105580316,0.822841349,-0.517363143,-1.002872215,-0.512748386,-0.432980172,0,0,0,0,0,0,0,0,0,0,0,0,0,0,0,0,0,0,0,0,0,0,0,0,0,0,0,0,0,0,0,0,0,0,0,0,0,1,0,0,0,0,0,0,0,0,0,0,0,0,0
0.868940103,415,0,0,-0.591781216,-0.291655572,0.7389626,-0.285016618,-1.494269476,-0.200389552,-1.494923189,0.764972883,1.286257659,0.763801154,-0.087298993,1.85334179,-0.087967778,0.327811105,0,0,0,0,0,0,0,0,0,0,0,0,0,0,0,0,0,0,0,0,0,0,0,0,0,0,0,0,0,0,0,0,0,0,0,0,1,0,0,0,0,0,0,0,0,0,0,0,0,0,0
0.99921741,415,0,1,2.559766315,1.012159073,-0.778901259,0.985467571,0.435981181,-0.895728676,0.436991014,-1.084580178,0.255266566,-1.084611105,-0.696556539,0.221219501,-0.698589901,0.327811105,0,0,0,0,0,0,0,0,0,0,0,0,0,0,0,0,0,0,0,0,0,0,0,0,0,0,0,0,0,0,0,1,0,0,0,0,0,0,0,0,0,0,0,0,0,0,0,0,0,0,0
-0.642276652,408,0,0,-0.591781216,-1.427808727,2.00384915,-1.391603826,0.756346373,1.637292418,0.757001342,1.445526661,0.822311667,1.445034173,-0.087298993,-0.594841643,-0.087967778,1.849393659,1,0,1,0,0,0,0,0,0,0,0,0,0,0,0,0,0,0,0,0,0,0,0,0,0,0,0,0,0,0,0,0,0,0,0,0,0,0,0,0,0,0,0,0,0,0,0,0,0,0,0
-0.016945581,408,0,0,-0.591781216,0.10481454,1.093130834,0.101554194,-0.365939238,-0.399057873,-0.366590476,1.508881517,-0.414877644,1.508615922,-1.843394274,1.445311218,-1.840187783,-0.432980172,0,0,0,0,0,0,0,0,0,0,0,0,0,0,0,0,0,0,0,0,0,0,0,0,0,0,0,0,0,0,0,0,0,0,0,0,0,0,0,0,0,0,0,0,1,0,0,0,0,0,0
-0.043001042,415,0,1,1.680264679,0.004217646,-1.487237727,1.237529826,0.055169725,-2.087738602,0.055349067,0.673006156,0.770762113,0.672970085,-0.911588615,-0.186811071,-0.910980205,1.088602382,0,0,0,0,0,0,0,1,0,0,0,0,0,0,0,0,0,0,0,0,0,0,0,0,0,0,0,0,0,0,0,0,0,0,0,0,0,0,0,0,0,0,0,0,0,0,0,0,0,0,0
0.139387187,415,0,1,1.606972875,0.004217646,0.233007981,0.776357629,0.433966305,0.445282491,0.434620567,-0.872034854,-0.208679425,-0.871158092,1.023700062,1.445311218,1.027081316,-1.19377145,0,0,0,0,0,0,0,0,0,0,0,0,0,0,0,0,0,0,0,0,0,0,0,0,0,0,0,0,0,0,0,0,0,0,0,1,0,0,0,0,0,0,0,0,0,0,0,0,0,0,0
1.80693671,415,0,1,2.486474512,0.390825317,0.941344448,0.380744225,-1.323005065,-0.498392034,-1.321880567,-0.336584134,-2.631508494,-0.335254783,0.23524912,-0.594841643,0.230617677,1.849393659,1,0,0,0,0,0,0,0,0,0,0,0,0,0,0,0,1,0,0,0,0,0,0,0,0,0,0,0,0,0,0,0,0,0,0,0,0,0,0,0,0,0,0,0,0,0,0,0,0,0,0
-0.59016573,415,0,0,-0.591781216,-1.384413988,0.233007981,-1.348651514,1.721471701,-0.498392034,1.72177322,0.950950041,0.667663003,0.950004846,-1.915071632,1.85334179,-1.919834147,-0.432980172,0,0,0,0,0,0,0,0,0,0,0,0,0,0,0,0,0,0,0,0,0,0,0,0,0,0,0,0,0,0,0,0,0,0,0,0,0,0,0,0,1,0,0,0,0,0,0,0,0,0,0
-1.606328721,408,0,0,-0.591781216,0.148209278,0.485985291,0.143376182,-1.732024776,0.792952053,-1.731967876,-1.96950446,-0.878823636,-1.97021403,1.059538742,0.221219501,1.053630104,-0.432980172,0,0,0,0,0,0,0,0,0,0,0,0,0,0,0,0,0,0,0,0,0,0,0,0,0,0,0,0,0,0,0,0,0,0,0,0,0,0,0,0,0,0,1,0,0,0,0,0,0,0,0
0.478108184,510,1,1,1.020638451,-0.149636427,0.941344448,-0.145986765,0.462174561,1.637292418,0.46306593,-1.043706077,-0.311778535,-1.043737123,1.310409496,6.341678082,1.305843589,-0.432980172,1,0,0,0,0,0,0,0,0,0,0,0,0,0,0,0,0,0,0,0,0,0,1,0,0,0,0,0,0,0,0,0,0,0,0,0,0,0,0,0,0,0,0,0,0,0,0,0,0,0,0
-0.016945581,408,0,0,-0.591781216,-0.388307489,1.649680916,-0.378833511,0.294939901,-0.101055392,0.294764202,-0.248704817,-0.672625417,-0.248965268,-0.409847106,-0.186811071,-0.406553234,-1.19377145,0,0,0,0,0,0,0,0,0,0,0,0,0,0,0,0,0,0,0,0,0,0,0,0,0,0,0,0,0,0,0,0,0,0,0,0,0,0,0,1,0,0,0,0,0,0,0,0,0,0,0
0.3999418,408,0,0,-0.591781216,0.004217646,0.283603443,-2.471063257,0.159943247,1.835960739,0.15964873,-0.062727658,-0.414877644,-0.062761576,0.736990629,-0.594841643,0.735044648,-0.432980172,0,0,0,0,0,0,0,0,0,0,0,0,0,0,0,0,0,0,0,0,0,0,0,0,1,0,0,0,0,0,0,0,0,0,0,0,0,0,0,0,0,0,0,0,0,0,0,0,0,0,0
0.243609032,415,0,0,-0.591781216,0.947066966,-0.627114873,0.922169426,-0.617798667,-0.200389552,-0.617857845,-1.47901525,-2.219112057,-1.479726256,0.521958554,0.221219501,0.522654345,-0.432980172,0,0,0,0,0,0,0,0,0,0,0,0,0,0,0,0,0,0,0,0,0,0,0,0,0,0,0,0,0,0,0,0,0,0,0,0,0,0,0,0,0,0,1,0,0,0,0,0,0,0,0
-0.694387575,510,0,0,-0.591781216,0.004217646,-1.183664955,0.463257878,0.089422608,0.544616652,0.088535324,-0.94356453,0.461464785,-0.943822947,-0.445685785,-1.002872215,-0.446376416,-0.432980172,0,0,0,0,0,0,1,0,0,0,0,0,0,0,0,0,0,0,0,0,0,0,0,0,0,0,0,0,0,0,0,0,0,0,0,0,0,0,0,0,0,0,0,0,0,0,0,0,0,0,0
1.233716562,408,0,1,1.826848285,1.223215302,-0.829496721,1.191186541,-0.702423434,-0.796394515,-0.703193933,-0.827073343,-1.0334723,-0.825742557,0.378603837,-0.594841643,0.376636011,-0.432980172,0,0,0,0,0,0,0,0,0,0,0,0,0,0,0,0,0,0,0,0,0,1,0,0,0,0,0,0,0,0,0,0,0,0,0,0,0,0,0,0,0,0,0,0,0,0,0,0,0,0,0
-0.459888423,510,0,0,-0.591781216,-2.003775257,-1.537833189,-1.952244536,0.778510003,0.743284973,0.778335364,-1.158153559,0.616113449,-1.15727596,0.736990629,-0.186811071,0.735044648,-0.432980172,0,0,0,0,0,0,0,0,0,0,0,0,0,0,0,0,0,0,0,0,1,0,0,0,0,0,0,0,0,0,0,0,0,0,0,0,0,0,0,0,0,0,0,0,0,0,0,0,0,0,0
-0.720443036,408,0,0,-0.591781216,0.160044207,-0.272946639,0.155809746,-1.036892755,2.13396322,-1.037426942,0.006758313,0.667663003,0.005361726,0.271087799,-0.186811071,0.270440859,0.327811105,0,0,0,0,0,0,0,0,0,0,0,0,0,0,0,0,0,0,0,0,0,0,0,0,0,0,0,1,0,0,0,0,0,0,0,0,0,0,0,0,0,0,0,0,0,0,0,0,0,0,0
0.269664493,415,0,1,0.947346648,-1.03725608,-0.323542101,-1.010684634,0.556873706,0.792952053,0.557883805,-0.702407336,0.40991523,-0.703120614,-1.12662069,-0.594841643,-1.123370509,-0.432980172,0,0,0,0,0,0,0,0,0,0,0,0,0,0,0,0,0,0,0,0,0,0,0,0,0,0,0,0,0,0,0,0,0,0,0,0,0,0,0,0,1,0,0,0,0,0,0,0,0,0,0
-0.668332114,510,1,0,-0.591781216,-0.522436681,-1.133069493,-0.509951097,0.204270507,-0.051388311,0.204687221,-0.972176401,-0.002481207,-0.971072268,-0.875749935,-0.594841643,-0.871157023,-0.432980172,0,0,0,0,0,0,0,0,0,0,0,0,0,0,0,0,0,0,1,0,0,0,0,0,0,0,0,0,0,0,0,0,0,0,0,0,0,0,0,0,0,0,0,0,0,0,0,0,0,0,0
-0.772553959,510,1,0,-0.591781216,0.126511909,0.688367139,0.12303035,-0.041544295,1.984961979,-0.041839254,0.11098727,-1.0334723,0.109817456,1.274570817,0.221219501,1.279294801,1.849393659,1,0,0,0,0,0,0,0,0,0,0,0,0,0,1,0,0,0,0,0,0,0,0,0,0,0,0,0,0,0,0,0,0,0,0,0,0,0,0,0,0,0,0,0,0,0,0,0,0,0,0
-1.111274956,415,0,1,1.020638451,0.876057393,1.346108144,0.853219662,0.768435626,-0.746727435,0.768853577,-0.549129458,-0.724174972,-0.548707796,0.450281195,1.037280646,0.456282375,0.327811105,0,0,0,0,0,0,0,0,0,0,0,0,0,0,0,1,0,0,0,0,0,0,0,0,0,0,0,0,0,0,0,0,0,0,0,0,0,0,0,0,0,0,0,0,0,0,0,0,0,0,0
1.859047633,408,0,0,-0.591781216,0.477614794,0.435389829,0.464388202,0.671721605,1.140621615,0.671665255,-0.825029638,-1.806715619,-0.825742557,2.708117985,-0.186811071,2.712929351,1.849393659,0,0,0,0,0,0,0,0,0,0,0,0,0,0,0,0,0,0,0,0,0,0,0,0,0,0,0,0,0,0,0,0,0,0,0,0,1,0,0,0,0,0,0,0,0,0,0,0,0,0,0
-0.016945581,415,0,0,-0.591781216,0.623578914,-0.677710335,0.606809027,-0.70443831,-0.150722472,-0.705564379,1.324948063,-1.445868737,1.326953783,1.095377421,0.629250074,1.093453286,-0.432980172,0,0,0,0,0,0,0,0,0,0,0,0,1,0,0,0,0,0,0,0,0,0,0,0,0,0,0,0,0,0,0,0,0,0,0,0,0,0,0,0,0,0,0,0,0,0,0,0,0,0,0
-0.016945581,408,1,0,-0.591781216,0.783350452,0.587176215,0.762793741,0.504486945,0.097612929,0.503363527,1.108315329,-0.26022898,1.108959217,0.629474591,-0.186811071,0.628849496,1.849393659,0,0,0,0,0,0,0,0,0,0,0,0,0,0,0,0,0,0,0,0,0,0,0,0,0,0,0,0,0,0,0,0,0,0,0,0,0,0,0,0,0,0,0,0,0,0,1,0,0,0,0
-0.173278349,415,0,0,-0.591781216,0.211328898,-0.475328487,0.205544003,-2.189401498,0.345948331,-2.189464123,0.484985292,0.40991523,0.486766393,1.202893458,5.117586366,1.199648437,0.327811105,0,0,0,0,0,0,0,0,0,0,0,0,0,0,0,0,0,0,0,0,0,0,0,0,0,0,0,0,0,0,0,0,0,0,1,0,0,0,0,0,0,0,0,0,0,0,0,0,0,0,0
0.712607335,415,0,0,-0.591781216,-0.630923528,-0.323542101,-0.61507123,1.665055189,-0.846061596,1.664882495,-0.260967047,1.234708105,-0.262589928,-1.198298048,0.221219501,-1.203016872,0.327811105,0,0,0,0,0,0,0,0,0,0,0,0,0,0,0,0,0,0,1,0,0,0,0,0,0,0,0,0,0,0,0,0,0,0,0,0,0,0,0,0,0,0,0,0,0,0,0,0,0,0,0
2.093546785,408,0,0,-0.591781216,0.990461704,1.49789453,0.963991415,-1.133606775,-0.349390793,-1.134615264,1.253418387,0.51301434,1.254288928,1.417925534,-0.186811071,1.412038741,0.327811105,0,0,0,0,0,0,0,0,0,0,0,0,0,0,0,0,0,0,0,0,0,0,0,0,0,0,0,0,0,0,0,0,0,0,0,0,0,0,0,0,1,0,0,0,0,0,0,0,0,0,0
0.686551874,408,0,0,-0.591781216,-1.516570692,1.396703606,-1.477508451,-1.147710903,-0.250056632,-1.148837945,-0.197612191,-0.157129871,-0.19900818,-0.087298993,0.221219501,-0.087967778,-0.432980172,0,0,0,0,0,0,0,0,0,0,0,0,0,1,0,0,0,0,0,0,0,0,0,0,0,0,0,0,0,0,0,0,0,0,0,0,0,0,0,0,0,0,0,0,0,0,0,0,0,0,0
-0.303555655,415,0,0,-0.591781216,-0.019452211,-0.981283107,-0.019390476,0.665676979,-1.293065318,0.664553914,-1.413616689,1.028509886,-1.411602954,-0.409847106,-0.186811071,-0.406553234,-0.432980172,0,0,0,0,0,0,0,0,0,0,0,0,0,0,0,0,0,0,0,0,0,0,0,0,1,0,0,0,0,0,0,0,0,0,0,0,0,0,0,0,0,0,0,0,0,0,0,0,0,0,0
1.259772023,415,0,1,0.727471239,-0.615143623,0.283603443,-0.599246694,-1.736054527,0.29628125,-1.73670877,-0.465337551,-0.105580316,-0.466959834,-1.341652765,-0.186811071,-1.335760812,-1.19377145,0,0,0,0,0,0,0,0,0,0,0,0,0,0,0,0,0,0,0,0,0,1,0,0,0,0,0,0,0,0,0,0,0,0,0,0,0,0,0,0,0,0,0,0,0,0,0,0,0,0,0
0.061220803,510,0,1,1.533681072,-0.307435476,0.536580753,-0.299710831,0.371505167,-0.200389552,0.370618502,0.393018565,0.40991523,0.39139377,0.736990629,1.85334179,0.735044648,-1.19377145,0,0,0,0,0,0,0,0,0,0,0,0,0,0,0,0,0,0,0,0,0,0,0,0,0,1,0,0,0,0,0,0,0,0,0,0,0,0,0,0,0,0,0,0,0,0,0,0,0,0,0
1.624548481,415,1,0,-0.591781216,0.34545809,-0.525923949,0.335531264,-0.245046713,0.643950812,-0.245697686,0.204997702,-0.311778535,0.205190078,-0.875749935,1.445311218,-0.871157023,-0.432980172,0,0,0,0,0,0,0,0,0,0,0,0,0,0,0,0,0,0,0,0,0,0,0,0,0,0,0,0,0,0,0,0,0,0,0,0,0,0,0,0,0,1,0,0,0,0,0,0,0,0,0
-1.267607724,415,0,0,-0.591781216,-1.080650818,1.548489992,-1.053636946,2.011613763,0.892286214,2.010967739,-0.175131435,0.306816121,-0.176300412,0.486119874,-0.186811071,0.482831163,0.327811105,0,0,0,0,0,0,0,0,0,0,0,0,0,0,0,0,0,0,0,0,0,0,0,0,0,0,0,0,0,0,0,0,0,0,0,0,1,0,0,0,0,0,0,0,0,0,0,0,0,0,0
-0.303555655,415,0,0,-0.591781216,-1.268037189,-0.070564791,-1.235619112,0.186136628,0.743284973,0.185723646,1.631503819,0.616113449,1.631237865,2.02718308,0.629250074,2.022660864,1.088602382,0,0,0,0,0,0,0,0,0,0,0,0,0,0,0,0,0,0,0,0,0,0,0,0,0,0,0,0,0,0,0,0,0,0,0,0,0,0,0,0,0,0,0,0,0,0,0,0,0,0,1
0.556274568,510,1,0,-0.591781216,-0.782805113,0.030626133,-0.763143675,-0.085871554,-1.144064077,-0.086877745,-1.654773884,1.698654096,-1.656846841,-0.194815031,-0.186811071,-0.19416293,1.849393659,1,0,0,0,0,0,0,0,0,0,1,0,0,0,0,0,0,0,0,0,0,0,0,0,0,0,0,0,0,0,0,0,0,0,0,0,0,0,0,0,0,0,0,0,0,0,0,0,0,0,0
0.425997261,415,0,0,-0.591781216,-1.208862546,1.295512682,-1.177972588,0.979997545,-0.150722472,0.979823349,0.529946803,-2.270661611,0.532181928,1.202893458,-0.594841643,1.199648437,2.610184936,1,0,0,0,0,0,0,0,0,0,0,0,0,0,0,1,0,0,0,0,0,0,0,0,0,0,0,0,0,0,0,0,0,0,0,0,0,0,0,0,0,0,0,0,0,0,0,0,0,0,0
-0.59016573,408,0,0,-0.591781216,0.270503542,-0.070564791,0.263190527,-1.687697517,-0.597726194,-1.686929386,0.863070724,0.461464785,0.86371533,-0.338169747,-0.186811071,-0.340181264,0.327811105,0,0,0,0,0,0,0,0,0,0,0,0,0,0,0,0,0,0,0,0,0,0,0,0,0,0,0,0,0,0,0,0,0,0,0,1,0,0,0,0,0,0,0,0,0,0,0,0,0,0,0
-0.121167426,415,0,0,-0.591781216,-1.441616143,1.396703606,-1.405167714,1.695278321,-0.647393275,1.695698305,-0.453075321,-0.414877644,-0.453335173,1.668796288,1.037280646,1.664252227,-0.432980172,0,0,0,0,0,0,0,0,0,0,0,0,0,0,0,0,0,0,0,0,0,0,0,0,0,0,0,0,0,0,0,0,0,0,0,1,0,0,0,0,0,0,0,0,0,0,0,0,0,0,0
-0.564110269,415,0,0,-0.591781216,-0.887346983,-0.121160253,-0.864872836,-0.220868208,-1.591067799,-0.221993217,0.415499321,1.440906323,0.414101538,0.557797233,0.221219501,0.562477527,0.327811105,0,0,0,0,0,0,0,0,0,0,0,0,0,0,0,0,0,0,0,0,0,0,0,0,0,0,0,0,0,0,0,0,0,0,0,0,0,0,0,0,1,0,0,0,0,0,0,0,0,0,0
2.380156859,415,0,1,2.046723694,-0.463262038,-1.183664955,-0.452304572,0.298969652,1.289622856,0.299505096,1.594717128,-0.878823636,1.594905438,-0.123137672,0.629250074,-0.12779096,0.327811105,0,0,0,1,0,0,0,0,0,0,0,0,0,0,0,0,0,0,0,0,0,0,0,0,0,0,0,0,0,0,0,0,0,0,0,0,0,0,0,0,0,0,0,0,0,0,0,0,0,0,0
-0.850720343,415,0,0,-0.591781216,1.014131562,-2.195574195,0.987728219,-0.952267987,-2.236739843,-0.952090854,-0.199655896,1.18315855,-0.19900818,-0.23065371,-0.186811071,-0.233986112,1.088602382,0,0,0,0,0,0,0,0,0,0,0,0,0,0,0,0,0,0,0,0,0,0,0,0,0,0,0,0,0,0,0,0,0,0,0,0,0,0,0,0,0,0,0,0,0,0,0,0,0,1,0
-1.892938795,510,0,0,-0.591781216,0.021970039,0.435389829,0.021301189,1.775873338,-2.087738602,1.776293499,-0.187393666,-0.466427199,-0.185383519,1.382086854,0.629250074,1.385489953,0.327811105,0,0,0,0,0,0,0,0,0,0,0,0,0,0,0,0,0,0,0,0,0,0,0,0,0,0,0,0,0,0,0,0,0,0,0,0,0,0,0,1,0,0,0,0,0,0,0,0,0,0,0
-0.694387575,415,0,1,1.24051386,1.079223669,0.637771677,1.051026364,1.314466866,-0.895728676,1.314056358,0.824240329,-1.188120964,0.822841349,1.238732138,-0.186811071,1.239471619,-1.19377145,0,0,0,0,0,0,0,0,0,0,0,0,0,0,0,0,0,0,0,0,0,0,0,0,0,0,0,0,0,0,0,0,0,0,0,0,0,0,0,0,0,0,1,0,0,0,0,0,0,0,0
